%	percent
&	and
-er	‎-er
-r	‎-er
-re	‎-er
0	zero
0en	zero
0es	zero
1	one
10th	tenth
11th	eleventh
12th	twelfth
13	thirteen
13s	thirteen
13th	thirteenth
14th	fourteenth
15th	fifteenth
16th	sixteenth
17th	seventeenth
18	eighteen
1850s	eighteen-fifties
1860s	eighteen-sixties
1870s	eighteen-seventies
1880s	eighteen-eighties
1890s	eighteen-nineties
18s	eighteen
18th	eighteenth
1900s	nineteen-hundreds
1910s	nineteen-tens
1920s	nineteen-twenties
1930s	nineteen-thirties
1940s	nineteen-fourties
1950s	nineteen-fifties
1960s	nineteen-sixties
1970s	nineteen-seventies
1980s	nineteen-eighties
1990s	nineteen-nineties
19th	nineteenth
19the	nineteenth
1e	one
1er	one
1st	first
2	two
2000s	two-thousands
20th	twentieth
21	twenty-one
21s	twenty-one
21st	twenty-first
24-7	twenty-four seven
24/7	twenty-four seven
25th	twenty-fifth
2e	two
2er	two
2nd	second
3-d	3d
30th	thirtieth
3d printed	3d print
3d printing	3d print
3des	3d
3rd	third
4	four
40th	fortieth
4e	four
4en	four
4th	fourth
50	fifty
50th	fiftieth
5th	fifth
5the	fifth
6th	sixth
7th	seventh
8th	eighth
9th	ninth
9the	ninth
a.i.	ai
aardvarks	aardvark
aarons	aaron
aas	aa
abandons	abandon
abatements	abatement
abattoirs	abattoir
abbeys	abbey
abbots	abbot
abbreviations	abbreviation
abcs	abc
abdicated	abdicate
abdicating	abdicate
abdomens	abdomen
abdominals	abdominal
abductees	abductee
abducting	abduct
abductions	abduction
abductors	abductor
aberdeens	aberdeen
aberrations	aberration
abetted	abet
abhorred	abhor
abhors	abhor
abid	abide
abides	abide
abilities	ability
abjurations	abjuration
abled	able
ablest	able
ablutions	ablution
abnormalities	abnormality
abodes	abode
abolished	abolish
abolishes	abolish
abolishing	abolish
abolitionists	abolitionist
abominations	abomination
aboriginals	aboriginal
aborigines	aborigine
aborted	abort
abortions	abortion
abounded	abound
abounds	abound
aboute	about
abraded	abrade
abrahams	abraham
abrasions	abrasion
abrasives	abrasive
abrogated	abrogate
abrogations	abrogation
abs	ab
abscesses	abscess
absconding	abscond
abseiling	abseil
absences	absence
absentees	absentee
absolutes	absolute
absolutists	absolutist
absolves	absolve
absolving	absolve
absorbant	absorbent
absorbers	absorber
absorbs	absorb
abstained	abstain
abstainers	abstainer
abstaining	abstain
abstentions	abstention
abstracting	abstract
abstractions	abstraction
abstracts	abstract
absurdities	absurdity
abundances	abundance
abus	abu
abusers	abuser
abuses	abuse
abusing	abuse
abutments	abutment
abuts	abut
abutted	abut
abutting	abut
academics	academic
academies	academy
accas	acca
acceded	accede
accedes	accede
acceding	accede
accelerates	accelerate
accelerating	accelerate
accelerations	acceleration
accelerators	accelerator
accelerometers	accelerometer
accents	accent
accentuated	accentuate
accentuates	accentuate
accentuating	accentuate
acceptances	acceptance
acceptors	acceptor
accepts	accept
accessed	access
accesses	access
accessing	access
accessioned	accession
accessions	accession
accessories	accessory
accessorise	accessorize
accessorised	accessorize
accessorises	accessorize
accessorized	accessorize
accessorizes	accessorize
accidentals	accidental
accidents	accident
acclaims	acclaim
acclamations	acclamation
acclimated	acclimate
acclimating	acclimate
acclimatisation	acclimatization
acclimatise	acclimatize
acclimatised	acclimatize
acclimatising	acclimatize
accolades	accolade
accommodated	accommodate
accommodates	accommodate
accommodations	accommodation
accompanies	accompany
accompaniments	accompaniment
accomplices	accomplice
accomplishing	accomplish
accomplishments	accomplishment
accorded	accord
accordions	accordion
accords	accord
accosted	accost
accosting	accost
accountabilities	accountability
accountants	accountant
accounted	account
accounting for	account for
accounts	account
accoutrements	accoutrement
accreditations	accreditation
accrediting	accredit
accredits	accredit
accreted	accrete
accreting	accrete
accruing	accrue
acculturated	acculturate
accumulates	accumulate
accumulating	accumulate
accumulations	accumulation
accumulators	accumulator
accuracies	accuracy
accusations	accusation
accusers	accuser
accuses	accuse
accustoming	accustom
aced	ace
aces	ace
acetates	acetate
acetylenes	acetylene
ached	ache
aches	ache
achieved	achieve
achievements	achievement
achievers	achiever
achieves	achieve
achieving	achieve
acidities	acidity
acids	acid
acknowledgement	acknowledgment
acknowledgements	acknowledgment
acknowledges	acknowledge
acknowledging	acknowledge
acknowledgments	acknowledgment
acolytes	acolyte
aconites	aconite
acorns	acorn
acoustics	acoustic
acquaintances	acquaintance
acquiesced	acquiesce
acquirers	acquirer
acquires	acquire
acquisitions	acquisition
acquittals	acquittal
acquitting	acquit
acreages	acreage
acres	acre
acrobats	acrobat
acronyms	acronym
acrostics	acrostic
acrylics	acrylic
acs	ac
acted	act
actings	acting
actioned	action
actioning	action
actions	action
activates	activate
activations	activation
activators	activator
actives	active
activest	active
activists	activist
activities	activity
actors	actor
actresses	actress
acts	act
actualising	actualize
actualizing	actualize
actuaries	actuary
actuates	actuate
actuators	actuator
acutes	acute
adages	adage
adams	adam
adaptations	adaptation
adapters	adapter
adapting	adapt
adaptions	adaption
adaptors	adaptor
adapts	adapt
add-ons	add-on
addenda	addendum
adders	adder
addicting	addict
addictions	addiction
addicts	addict
additions	addition
additives	additive
addressees	addressee
addresses	address
adds	add
adduced	adduce
adenoviruses	adenovirus
adhered	adhere
adherents	adherent
adheres	adhere
adhering	adhere
adhesions	adhesion
adhesives	adhesive
adjectives	adjective
adjoined	adjoin
adjoining	adjoin
adjoins	adjoin
adjourned	adjourn
adjourning	adjourn
adjudged	adjudge
adjudicated	adjudicate
adjudicating	adjudicate
adjudications	adjudication
adjudicators	adjudicator
adjuncts	adjunct
adjusters	adjuster
adjusting	adjust
adjustments	adjustment
adjusts	adjust
administered	administer
administering	administer
administers	administer
administrated	administrate
administrating	administrate
administrations	administration
administrators	administrator
admins	admin
admirals	admiral
admirers	admirer
admires	admire
admissions	admission
admits	admit
admitted	admit
admixtures	admixture
admonished	admonish
admonishes	admonish
admonitions	admonition
adolescents	adolescent
adoptees	adoptee
adopters	adopter
adopting	adopt
adoptions	adoption
adopts	adopt
adorers	adorer
adores	adore
adornments	adornment
adorns	adorn
ads	ad
adsorbed	adsorb
adulterers	adulterer
adults	adult
advancements	advancement
advances	advance
advantages	advantage
adventured	adventure
adventurers	adventurer
adventures	adventure
adventuring	adventure
adverbs	adverb
adversaries	adversary
adverted	advert
advertisements	advertisement
advertisers	advertiser
advertises	advertise
adverts	advert
advices	advice
advisers	adviser
advises	advise
advising	advise
advisories	advisory
advisors	advisor
advocacies	advocacy
advocated	advocate
advocates	advocate
advocating	advocate
aeon	eon
aer	ae
aerialists	aerialist
aerials	aerial
aerodromes	aerodrome
aerogels	aerogel
aeroplanes	aeroplane
aerosolised	aerosolize
aerosols	aerosol
aesthetes	aesthete
aesthetics	aesthetic
aetiologies	etiology
aetiology	etiology
affairs	affair
affections	affection
affects	affect
affidavits	affidavit
affiliates	affiliate
affiliating	affiliate
affiliations	affiliation
affirmations	affirmation
affirmed	affirm
affirming	affirm
affirms	affirm
affixes	affix
affixing	affix
afflictions	affliction
afforded	afford
affording	afford
affords	afford
affrays	affray
affronted	affront
afghanis	afghani
afghans	afghan
aficionados	aficionado
africans	african
africas	africa
afte	aft
afterburners	afterburner
aftereffects	aftereffect
afterlives	afterlife
afternoons	afternoon
aftershocks	aftershock
agars	agar
agates	agate
agaves	agave
ageing	aging
agen	ag
agencies	agency
agendas	agenda
agents	agent
ager	ag
ages	age
agglutinated	agglutinate
aggravates	aggravate
aggregates	aggregate
aggregating	aggregate
aggressors	aggressor
aggrieved	aggrieve
agitations	agitation
agitators	agitator
agnostics	agnostic
agonise	agonize
agonised	agonize
agonising	agonize
agonists	agonist
agonizingly	agonisingly
agrarians	agrarian
agreements	agreement
agrees	agree
agri-foods	agri-food
agribusinesses	agribusiness
agriculturalists	agriculturalist
agrifood	agri-food
agrochemicals	agrochemical
ahh	ah
ahs	ah
aides	aide
aiding	aid
aids	aid
ailerons	aileron
ailments	ailment
ails	ail
aimbots	aimbot
aimed	aim
aimed at	aim at
aiming	aim
aims	aim
ain’t	be	have
airbags	airbag
airbrushed	airbrush
aircrews	aircrew
airdrops	airdrop
airfares	airfare
airfields	airfield
airframes	airframe
airfreighted	airfreight
airheads	airhead
airlier	airly
airlifted	airlift
airliners	airliner
airlines	airline
airmass	air mass
airmen	airman
airplanes	airplane
airports	airport
airs	air
airships	airship
airstreams	airstream
airstrips	airstrip
airwaves	airwave
airways	airway
ais	ai
aise	ai
aises	ai
aisles	aisle
aken	ache
alarmists	alarmist
alarms	alarm
albanians	albanian
albanys	albany
albatrosses	albatross
albedos	albedo
alberts	albert
albinos	albino
album's	album
albums	album
alchemists	alchemist
alcoholics	alcoholic
alcohols	alcohol
alcoves	alcove
aldermen	alderman
alehouses	alehouse
alerted	alert
alerter	alert
alerting	alert
alerts	alert
ales	ale
algae	alga
algebras	algebra
algerians	algerian
algorithms	algorithm
aliases	alias
alibis	alibi
alices	alice
alienates	alienate
alienists	alienist
aliens	alien
alighted	alight
alights	alight
alignments	alignment
aligns	align
aliquots	aliquot
alis	ali
alise	ali
alkalis	alkali
alkaloids	alkaloid
all right	alright
all-stars	all-star
allayed	allay
allaying	allay
alle	all
alledging	alledge
allegations	allegation
alleges	allege
allegiances	allegiance
alleging	allege
allegories	allegory
alleles	allele
allem	all
allens	allen
allergens	allergen
allergies	allergy
allergists	allergist
alles	all
alleviates	alleviate
alleviating	alleviate
alleys	alley
alleyways	alleyway
alliances	alliance
allies	ally
alligators	alligator
alliums	allium
allocated	allocate
allocates	allocate
allocating	allocate
allocations	allocation
allocators	allocator
allotments	allotment
allotropes	allotrope
allots	allot
allotting	allot
allowances	allowance
allowing	allow
allows	allow
alloying	alloy
alloys	alloy
alluded	allude
alludes	allude
alluding	allude
allusions	allusion
allying	ally
almanacs	almanac
almonds	almond
alms	alm
aloes	aloe
alpacas	alpaca
alphabets	alphabet
alphanumerics	alphanumeric
alphas	alpha
alps	alp
als	al
altarpieces	altarpiece
altars	altar
altcoins	altcoin
alterations	alteration
altercations	altercation
alternated	alternate
alternates	alternate
alternatives	alternative
alternators	alternator
alters	alter
altitudes	altitude
altos	alto
altruists	altruist
aluminum	aluminium
alumnae	alumna
alumni	alumnus
alums	alum
aly	alley
am	be
amalgamates	amalgamate
amalgamating	amalgamate
amalgamations	amalgamation
amarettos	amaretto
amassed	amass
amasses	amass
amassing	amass
amateurs	amateur
amazes	amaze
amazons	amazon
ambassadors	ambassador
ambassadorships	ambassadorship
amber alerts	amber alert
ambiente	ambient
ambients	ambient
ambiguities	ambiguity
ambitions	ambition
ambled	amble
ambles	amble
ambling	amble
ambulances	ambulance
ambushed	ambush
ambushes	ambush
ambushing	ambush
ame	be
amending	amend
amendments	amendment
amenities	amenity
amer	be
america's	america
americanised	americanize
americans	american
americas	america
ames	be
amigos	amigo
ammeters	ammeter
ammonoids	ammonoid
amoebae	amoeba
amounted	amount
amounting	amount
amounts	amount
amperes	ampere
amphetamines	amphetamine
amphibians	amphibian
amphibolites	amphibolite
amphitheatre	amphitheater
amphitheatres	amphitheater
amplifiers	amplifier
amplifies	amplify
amplifying	amplify
amplitudes	amplitude
amps	amp
amputated	amputate
amputations	amputation
amputees	amputee
amulets	amulet
amusements	amusement
amuses	amuse
amys	amy
an	a
anachronisms	anachronism
anacondas	anaconda
anaemia	anemia
anaemic	anemic
anaerobes	anaerobe
anaesthesia	anesthesia
anaesthetic	anesthetic
anaesthetics	anesthetic
anaesthetist	anesthetist
anaesthetists	anesthetist
anagramming	anagram
anagrams	anagram
analgesics	analgesic
analog	analogue
analogies	analogy
analogs	analogue
analogues	analogue
analysands	analysand
analyse	analyze
analysed	analyze
analyser	analyzer
analysers	analyzer
analyses	analysis	analyze
analysing	analyze
analysts	analyst
analyzers	analyzer
analyzes	analyze
analyzing	analyze
anarchists	anarchist
anas	ana
ancestors	ancestor
anchorages	anchorage
anchored	anchor
anchoring	anchor
anchorites	anchorite
anchors	anchor
anchovies	anchovy
ancients	ancient
andersons	anderson
andreas	andrea
andreasen	andrea
andrews	andrew
androgens	androgen
androids	android
andrés	andré
ane	a
anecdotes	anecdote
anemometers	anemometer
anemones	anemone
aner	a
anesthetics	anesthetic
anesthetized	anesthetize
aneurysms	aneurysm
angels	angel
angering	anger
angers	anger
angioplasties	angioplasty
anglers	angler
angles	angle
angolans	angolan
angrier	angry
angstroms	angstrom
animalcules	animalcule
animals	animal
animations	animation
animators	animator
animatronics	animatronic
animists	animist
animosities	animosity
anions	anion
ankles	ankle
anklets	anklet
annals	annal
annas	anna
annes	anne
annexe	annex
annexed	annex
annexes	annex
annexing	annex
annies	annie
annihilates	annihilate
anniversaries	anniversary
annotated	annotate
annotates	annotate
annotating	annotate
annotations	annotation
annotators	annotator
announcements	announcement
announcers	announcer
announces	announce
annoyances	annoyance
annoys	annoy
annualised	annualise	annualize
annuals	annual
annuitants	annuitant
annuities	annuity
annulled	annul
annunciations	annunciation
anodes	anode
anodised	anodize
anodising	anodize
anodized	anodize
anodizing	anodize
anointed	anoint
anoles	anole
anomalies	anomaly
anoraks	anorak
another’s	another
answer's	answer
answered	answer
answerers	answerer
answers	answer
antacids	antacid
antagonise	antagonize
antagonised	antagonize
antagonisms	antagonism
antagonists	antagonist
antagonizing	antagonize
ante-room	anteroom
anteaters	anteater
antecedents	antecedent
antediluvians	antediluvian
antelopes	antelope
antennae	antenna
antennas	antenna
anthems	anthem
anthers	anther
anthills	anthill
anthologies	anthology
anthologists	anthologist
anthropologists	anthropologist
anti-clockwise	anticlockwise
anti-heroes	anti-hero
anti-semite	antisemite
anti-semites	antisemite
anti-social	antisocial
anti-vaxxers	anti-vaxxer
antibiotics	antibiotic
antibodies	antibody
anticipates	anticipate
anticoagulants	anticoagulant
antics	antic
anticyclones	anticyclone
antidepressants	antidepressant
antidotes	antidote
antigens	antigen
antihistamines	antihistamine
antimalarials	antimalarial
antimicrobials	antimicrobial
antioxidants	antioxidant
antiquarians	antiquarian
antiquaries	antiquary
antiquarks	antiquark
antiques	antique
antiquities	antiquity
antis	anti
antisemites	antisemite
antiseptics	antiseptic
antitheses	antithesis
antivaxxers	anti-vaxxer
antlers	antler
ants	ant
anvils	anvil
anxieties	anxiety
apartments	apartment
apatites	apatite
aped	ape
aperitifs	aperitif
apes	ape
aphids	aphid
aphorisms	aphorism
aphrodisiacs	aphrodisiac
apiaries	apiary
aping	ape
apocalypses	apocalypse
apologies	apology
apologise	apologize
apologised	apologize
apologises	apologize
apologising	apologize
apologists	apologist
apologized	apologize
apologizes	apologize
apologizing	apologize
apostates	apostate
apostatized	apostatize
apostles	apostle
apostrophes	apostrophe
apothecaries	apothecary
apparatchiks	apparatchik
apparatuses	apparatus
apparitions	apparition
appealed	appeal
appeals	appeal
appearances	appearance
appeared	appear
appears	appear
appeased	appease
appeases	appease
appellants	appellant
appendages	appendage
appendectomies	appendectomy
appended	append
appendices	appendix
appending	append
appends	append
appetising	appetize
appetites	appetite
appetizers	appetizer
applauded	applaud
applauding	applaud
applauds	applaud
apples	apple
applets	applet
appliances	appliance
applicants	applicant
applications	application
applicators	applicator
applies	apply
applying	apply
appointees	appointee
appointing	appoint
appointments	appointment
appoints	appoint
apportioning	apportion
apposed	appose
appraisals	appraisal
appraised	appraise
appraisees	appraisee
appraisers	appraiser
appreciates	appreciate
appreciating	appreciate
apprehending	apprehend
apprehends	apprehend
apprehensions	apprehension
apprentices	apprentice
apprenticeships	apprenticeship
apprised	apprise
approached	approach
approaches	approach
appropriated	appropriate
appropriates	appropriate
appropriations	appropriation
appropriators	appropriator
approvals	approval
approves	approve
approximated	approximate
approximates	approximate
approximations	approximation
apps	app
appurtenances	appurtenance
apricots	apricot
aprons	apron
aprs	apr
apter	apt
aptitudes	aptitude
aquaria	aquarium
aquariums	aquarium
aquatics	aquatic
aquatints	aquatint
aquifers	aquifer
arabe	arab
arabs	arab
arachnids	arachnid
aramids	aramid
arbiters	arbiter
arbitrations	arbitration
arbitrators	arbitrator
arboreta	arboretum
arc	arcade
arcades	arcade
arce	arcade
arced	arcade
archaeologist	archeologist
archaeologists	archeologist
archaeometry	archeometry
archangels	archangel
archbishops	archbishop
archdeaconries	archdeaconry
archdeacons	archdeacon
arche	arch
archeological	archaeological
archeologists	archeologist
archeology	archaeology
archers	archer
arches	arch
archetypes	archetype
archies	archie
archipelagos	archipelago
architected	architect
architecting	architect
architects	architect
architectures	architecture
archived	archive
archives	archive
archiving	archive
archivists	archivist
archways	archway
arcing	arcade
arcs	arcade
arctics	arctic
ardour	ardor
areas	area
arenas	arena
aren’t	be
ares	are
argentines	argentine
argos	argo
argued	argue
argues	argue
arguments	argument
arias	aria
arisen	arise
arises	arise
arising	arise
aristocrats	aristocrat
arizonans	arizonan
arks	ark
armadas	armada
armaments	armament
armatures	armature
armbands	armband
armchairs	armchair
armenians	armenian
armies	army
armoring	armor
armors	armor
armour	armor
armoured	armor
armourers	armourer
armouries	armory
armouring	armor
armoury	armory
armpits	armpit
armrests	armrest
arms	arm
army's	army
aromas	aroma
arose	arise
arouses	arouse
arousing	arouse
arpeggios	arpeggio
arraigned	arraign
arrangements	arrangement
arrangers	arranger
arranges	arrange
arrays	array
arrears	arrear
arrested	arrest
arrestors	arrestor
arrests	arrest
arrhythmias	arrhythmia
arrivals	arrival
arrived	arrive
arrives	arrive
arriving	arrive
arrogated	arrogate
arrowheads	arrowhead
arrows	arrow
arroyos	arroyo
arseholes	arsehole
arsenals	arsenal
arses	arse
arsonists	arsonist
arsons	arson
artefact	artifact
artefacts	artifact
arteriale	arterial
arteries	artery
arthroplasties	arthroplasty
arthropods	arthropod
arthurs	arthur
artichokes	artichoke
articles	article
articulates	articulate
articulating	articulate
articulations	articulation
artifacts	artifact
artificers	artificer
artifices	artifice
artisans	artisan
artistes	artiste
artists	artist
arts	art
artworks	artwork
as	a
asas	asa
ascended	ascend
ascends	ascend
ascents	ascent
ascertaining	ascertain
ascertains	ascertain
ascetics	ascetic
ascribed	ascribe
ascribing	ascribe
ase	a
asem	a
ashed	ash
ashes	ash
ashing	ash
ashlars	ashlar
ashtrays	ashtray
asian hornets	asian hornet
asians	asian
asides	aside
asked	ask
asks	ask
aspecting	aspect
aspects	aspect
aspersions	aspersion
asphalts	asphalt
aspirants	aspirant
aspirated	aspirate
aspirating	aspirate
aspirations	aspiration
aspired	aspire
aspires	aspire
asps	asp
assads	assad
assailants	assailant
assailed	assail
assailing	assail
assassinating	assassinate
assassinations	assassination
assassins	assassin
assaulted	assault
assaulters	assaulter
assaulting	assault
assaults	assault
assayed	assay
assaying	assay
assays	assay
assemblages	assemblage
assembled	assemble
assemblers	assembler
assembles	assemble
assemblies	assembly
assemblymen	assemblyman
assented	assent
assertions	assertion
asserts	assert
asses	ass
assessed	assess
assesses	assess
assessing	assess
assessments	assessment
assessors	assessor
assets	asset
asseverations	asseveration
assholes	asshole
assignees	assignee
assignments	assignment
assigns	assign
assimilated	assimilate
assistante	assistant
assistants	assistant
assisting	assist
assists	assist
assizes	assize
associates	associate
associating	associate
associations	association
assortments	assortment
assuaged	assuage
assumes	assume
assumptions	assumption
assurances	assurance
assures	assure
asterisks	asterisk
asteroids	asteroid
asters	aster
asthmatics	asthmatic
astounds	astound
astrocytes	astrocyte
astrologers	astrologer
astronauts	astronaut
astronomers	astronomer
astrophysicists	astrophysicist
asylums	asylum
asymmetries	asymmetry
ate	eat
atheists	atheist
athenians	athenian
athletes	athlete
atlases	atlas
atmospheres	atmosphere
atms	atm
atolls	atoll
atomise	atomize
atomising	atomize
atomized	atomize
atomizers	atomizer
atomizing	atomize
atoms	atom
atoned	atone
atoning	atone
atria	atrium
atrocities	atrocity
ats	at
attaches	attach
attaching	attach
attachments	attachment
attacked	attack
attackers	attacker
attacks	attack
attaining	attain
attainments	attainment
attains	attain
attempting	attempt
attempts	attempt
attendances	attendance
attendants	attendant
attendees	attendee
attenders	attender
attends	attend
attentions	attention
attenuating	attenuate
attenuators	attenuator
attesting	attest
attests	attest
attics	attic
attires	attire
attitudes	attitude
attorneys	attorney
attorneys general	attorney general
attracting	attract
attractions	attraction
attractors	attractor
attracts	attract
attributes	attribute
attributing	attribute
attributions	attribution
attuned	attune
aubergines	aubergine
auctioned	auction
auctioneers	auctioneer
auctioning	auction
auctions	auction
audibles	audible
audiences	audience
audiobooks	audiobook
audiophiles	audiophile
audios	audio
audiotapes	audiotape
audited	audit
auditing	audit
auditioned	audition
auditioning	audition
auditions	audition
auditoria	auditorium
auditors	auditor
audits	audit
augers	auger
aughts	aught
augmenting	augment
augments	augment
auguste	august
aunties	auntie
aunts	aunt
aunty	auntie
aurae	aura
auras	aura
auroras	aurora
auspices	auspice
aussies	aussie
australia's	australia
australians	australian
austrians	austrian
auteurs	auteur
authenticating	authenticate
authentications	authentication
authenticators	authenticator
author's	author
authored	author
authoring	author
authorisation	authorization
authorisations	authorization
authorise	authorize
authorised	authorized	authorize
authorises	authorize
authoritarians	authoritarian
authorities	authority
authorizations	authorization
authorizers	authorizer
authorizes	authorize
authorizing	authorize
authors	author
autoantibodies	autoantibody
autobahns	autobahn
autobiographies	autobiography
autoclaved	autoclave
autoclaving	autoclave
autocracies	autocracy
autocrats	autocrat
autographing	autograph
autographs	autograph
automakers	automaker
automata	automaton
automates	automate
automatics	automatic
automating	automate
automations	automation
automobiles	automobile
automorphisms	automorphism
autopsies	autopsy
autos	auto
autumns	autumn
auxiliaries	auxiliary
availed	avail
availing	avail
avails	avail
avalanched	avalanche
avalanches	avalanche
avante	avant
avatars	avatar
ave	avenue
avengers	avenger
avenging	avenge
avenues	avenue
averaged	average
averages	average
averred	aver
avers	aver
aversions	aversion
averted	avert
aviaries	aviary
aviators	aviator
avocados	avocado
avocations	avocation
avoided	avoid
avoiding	avoid
avoids	avoid
avowing	avow
awaiting	await
awaits	await
awakenings	awakening
awakens	awaken
awakes	awake
awaking	awake
awarded	award
awards	award
awarenesses	awareness
awes	awe
awnings	awning
awoke	awake
awoken	awake
ax	axe
axed	axe
axels	axel
axes	axis	axe
axing	axe
axioms	axiom
axles	axle
axons	axon
azaleas	azalea
azerbaijanis	azerbaijani
a’s	a
baaing	baa
baas	baa
babbles	babble
babblings	babbling
babes	babe
babies	baby
baboons	baboon
babushkas	babushka
babysat	babysit
babysitters	babysitter
baccalaureates	baccalaureate
bacchanale	bacchanal
bachelor's	bachelor
bachelorettes	bachelorette
bachelors	bachelor
bacilli	bacillus
back-burnered	back-burner
backbenchers	backbencher
backbenches	backbench
backbiting	backbite
backboards	backboard
backbones	backbone
backcloths	backcloth
backdated	backdate
backdating	backdate
backdoors	backdoor
backdrops	backdrop
backers	backer
backfields	backfield
backfired	backfire
backfiring	backfire
backgrounds	background
backing off	back off
backing up	back up
backlogs	backlog
backpacked	backpack
backpackers	backpacker
backpacks	backpack
backpedaled	backpedal
backroom	back room
backs	back
backsides	backside
backslapping	backslap
backspaced	backspace
backstories	backstory
backstreets	backstreet
backtracked	backtrack
backtracking	backtrack
backups	backup
backwaters	backwater
backyards	backyard
bacons	bacon
bacteria	bacterium
bacteriologists	bacteriologist
bad times	bad time
badder	bad
baddest	bad
baddies	baddie
bade	bid
baden	bad
bader	bad
badged	badge
badgered	badger
badgers	badger
badges	badge
badging	badge
baes	bae
baffles	baffle
bagels	bagel
bagged	bag
baggers	bagger
bagpipers	bagpiper
bagpipes	bagpipe
bags	bag
baguettes	baguette
bailed	bail
baileys	bailey
bailiffs	bailiff
bailing	bail
bailouts	bailout
bails	bail
bairns	bairn
baited	bait
baits	bait
bajorans	bajoran
bakeries	bakery
bakers	baker
bakes	bake
bakkies	bakkie
balaclavas	balaclava
balances	balance
balconies	balcony
balder	bald
baldwins	baldwin
baled	bale
bales	bale
balkanised	balkanize
balkanizing	balkanize
balked	balk
ballades	ballade
ballads	ballad
ballasting	ballast
ballasts	ballast
balled	ball
ballerinas	ballerina
ballets	ballet
ballgames	ballgame
balling	ball
ballinger	ball
ballooned	balloon
balloons	balloon
balloted	ballot
ballots	ballot
ballparks	ballpark
ballpoints	ballpoint
ballrooms	ballroom
balls	ball
balms	balm
baltimoreans	baltimorean
balustrades	balustrade
bamboos	bamboo
bamboozled	bamboozle
band's	band
bandages	bandage
bandied	bandy
bandings	banding
bandits	bandit
bandora	bandore
bands	band
bandstands	bandstand
bandwagons	bandwagon
bandwidths	bandwidth
bandying	bandy
banes	bane
baneses	bane
banged	bang
bangers	banger
bangladeshis	bangladeshi
bangles	bangle
bangs	bang
banished	banish
banishes	banish
banishing	banish
banisters	banister
banked	bank
bankers	banker
banknotes	banknote
bankrolled	bankroll
bankrolling	bankroll
bankruptcies	bankruptcy
bankrupted	bankrupt
banks	bank
banners	banner
banquets	banquet
banquettes	banquette
bans	ban
banshees	banshee
bantams	bantam
bantered	banter
baps	bap
baptise	baptize
baptised	baptize
baptises	baptize
baptising	baptize
baptisms	baptism
baptists	baptist
barangays	barangay
barbarians	barbarian
barbarities	barbarity
barbarouses	barbarous
barbecues	barbecue
barbells	barbell
barbeque	barbecue
barbequed	barbecue
barbeques	barbecue
barbering	barber
barbers	barber
barbershops	barbershop
barbies	barbie
barbiturates	barbiturate
barbs	barb
barcoded	barcode
barcodes	barcode
bards	bard
bares	bare
barest	bare
bargained	bargain
bargains	bargain
barged	barge
barges	barge
barging	barge
barings	baring
baristas	barista
barked	bark
barkeeps	barkeep
barkers	barker
barks	bark
barmen	barman
barnacles	barnacle
barns	barn
barnstorming	barnstorm
baronies	barony
barons	baron
barque	bark
barracking	barrack
barracks	barrack
barracudas	barracuda
barraged	barrage
barrages	barrage
barrelled	barrel
barrels	barrel
barrens	barren
barricades	barricade
barricading	barricade
barriers	barrier
barrios	barrio
barristers	barrister
barrows	barrow
bars	bar
bartenders	bartender
bartending	bartend
bartered	barter
bartering	barter
barts	bart
baryte	barite
baseballs	baseball
baseboards	baseboard
baselines	baseline
basemen	baseman
basements	basement
bases	basis	base
bashed	bash
bashes	bash
basics	basic
basils	basil
basing	base
basinger	base
basins	basin
basked	bask
basketballs	basketball
baskets	basket
basques	basque
basse	bass
basses	bass
bassists	bassist
bassoons	bassoon
bastards	bastard
basted	baste
bastides	bastide
bastions	bastion
batched	batch
batches	batch
batching	batch
bates	bate
bathed	bath	bathe
bathers	bather
bathes	bathe
bathhouses	bathhouse
bathrobes	bathrobe
bathrooms	bathroom
baths	bath
batiks	batik
bating	bate
batons	baton
batsmen	batsman
battalions	battalion
batted	bat
battens	batten
batteries	battery
batterings	battering
batters	batter
battiest	batty
battle-ax	battle-axe
battleaxe	battle-axe
battled	battle
battlefields	battlefield
battlegrounds	battleground
battlements	battlement
battles	battle
battleships	battleship
battling	battle
battye	batty
baubles	bauble
baulked	baulk
baulking	baulk
bawled	bawl
baye	bay
bayer	bay
bayes	bay
baying	bay
bayoneted	bayonet
bayonets	bayonet
bayous	bayou
bays	bay
bazaars	bazaar
bc	because
bce	because
bch	beach
beachcombers	beachcomber
beached	beach
beaches	beach
beachheads	beachhead
beacons	beacon
beads	bead
beagles	beagle
beaks	beak
beamed	beam
beams	beam
beanbags	beanbag
beanies	beanie
beans	bean
bearding	beard
beards	beard
bearers	bearer
bearings	bearing
bears	bear
beasts	beast
beate	beat
beaten up	beat up
beaters	beater
beatings	beating
beatitudes	beatitude
beats	beat
beauties	beauty
beautified	beautify
beautifying	beautify
beaux	beau
beavering	beaver
beavers	beaver
became	become
beckoned	beckon
beckoning	beckon
beckons	beckon
becks	beck
becomes	become
becs	bec
bed-wetting	bed-wet
bedazzled	bedazzle
bedchambers	bedchamber
bedders	bedder
beddings	bedding
bedecked	bedeck
bedevilled	bedevil
bedevilling	bedevil
bedfellows	bedfellow
bedlams	bedlam
bedouins	bedouin
bedpans	bedpan
bedrooms	bedroom
beds	bed
bedser	bed
bedsits	bedsit
bedspreads	bedspread
bedsteads	bedstead
beeches	beech
beechnuts	beechnut
beefed	beef
beefier	beefy
beefing	beef
beefs	beef
beehives	beehive
beekeepers	beekeeper
been	be
beepers	beeper
beeping	beep
beeps	beep
beers	beer
bees	bee
beese	bee
beetles	beetle
beetroots	beetroot
beets	beet
befallen	befall
befalls	befall
befell	befall
befits	befit
befouled	befoul
befouling	befoul
befriended	befriend
befriending	befriend
befriends	befriend
began	begin
begat	beget
begets	beget
begetting	beget
beggars	beggar
begged	beg
beginners	beginner
beginnings	beginning
begins	begin
begonias	begonia
begrudged	begrudge
begrudging	begrudge
begs	beg
begun	begin
behaves	behave
behaving	behave
behaviors	behavior
behaviour	behavior
behavioural	behavioral
behaviours	behavior
beheadings	beheading
beheld	behold
behemoths	behemoth
behinds	behind
behooves	behoove
behoved	behoove
behoves	behoove
beings	being
belarusians	belarusian
belaying	belay
belays	belay
belched	belch
belches	belch
beleaguered	beleaguer
belemnites	belemnite
belfries	belfry
belgians	belgian
belied	belie
beliefs	belief
belies	belie
believed	believe
believers	believer
believes	believe
belizeans	belizean
belles	belle
bellies	belly
belligerents	belligerent
bellowed	bellow
bellows	bellow
bells	bell
bellwethers	bellwether
belonged	belong
belongings	belonging
belongs	belong
belts	belt
belugas	beluga
belying	belie
bemoaned	bemoan
bemoaning	bemoan
bemoans	bemoan
benar	bene
benares	bene
benat	bene
benched	bench
benches	bench
benching	bench
benchmarked	benchmark
benchmarking	benchmark
benchmarks	benchmark
benders	bender
bends	bend
benedicts	benedict
benefactions	benefaction
benefactors	benefactor
benefices	benefice
beneficiaries	beneficiary
beneficiated	beneficiate
benefited	benefit
benefiting	benefit
benefits	benefit
benefitting	benefit
benes	ben
bengals	bengal
bennetts	bennett
bens	ben
bents	bent
bentsen	bent
benzodiazepines	benzodiazepine
benzos	benzo
bequeathed	bequeath
bequeaths	bequeath
bequests	bequest
berated	berate
berates	berate
berating	berate
berets	beret
bergs	berg
berms	berm
bermudians	bermudian
bernards	bernard
berries	berry
berserker	berserk
berthed	berth
berthing	berth
berths	berth
beseeched	beseech
besetting	beset
besieges	besiege
besmirched	besmirch
best	well	good
best-known	well-known
best-looking	good-looking
best-quality	good-quality
bested	well
bester	well
besties	bestie
besting	well
bestowed	bestow
bestowing	bestow
bestows	bestow
bestriding	bestride
bests	well
bestsellers	bestseller
beta-carotene	beta carotene
betas	beta
bethought	bethink
betrayals	betrayal
betrayed	betray
betrayers	betrayer
betraying	betray
betrays	betray
betrothing	betroth
bets	bet
better	well	good
better-known	well-known
better-looking	good-looking
better-structured	well-structured
bettered	well
betters	well
bettinger	betting
bettors	bettor
bettys	betty
beveled	bevel
beveling	bevel
bevelled	bevel
bevels	bevel
beverages	beverage
bevies	bevy
bezels	bezel
bg	burg
bge	burg
bgs	burg
biase	bias
biases	bias
biasing	bias
bibles	bible
bibliographies	bibliography
bibliophiles	bibliophile
bibs	bib
bicarbonates	bicarbonate
biceps	bicep
bickered	bicker
bicuspids	bicuspid
bicycles	bicycle
bicyclists	bicyclist
bidders	bidder
bidets	bidet
biding	bide
bids	bid
bie	bi
bien	bi
bies	bi
bifurcating	bifurcate
bigger	big
biggest	big
bigots	bigot
bigrams	bigram
bigwigs	bigwig
bijoux	bijou
biked	bike
bikers	biker
bikes	bike
bikeways	bikeway
bikinis	bikini
biles	bile
bilinguals	bilingual
bilked	bilk
billboards	billboard
billeted	billet
billeting	billet
billets	billet
billings	billing
billionaires	billionaire
billions	billion
billowed	billow
billows	billow
bills	bill
binaries	binary
binders	binder
bindings	binding
binds	bind
binges	binge
binned	bin
binning	bin
bins	bin
biochemists	biochemist
biodegraded	biodegrade
bioengineered	bioengineer
biofuels	biofuel
biogeographic	spamming
biographers	biographer
biographies	biography
biologists	biologist
biomarkers	biomarker
biomaterials	biomaterial
biomes	biome
biomodelling	biomodeling
biomolecules	biomolecule
biopharmaceuticals	biopharmaceutical
biophysicists	biophysicist
bioplastics	bioplastic
biopsied	biopsy
biopsies	biopsy
biorhythms	biorhythm
bios	bio
biosciences	bioscience
bioses	bio
biosystems	biosystem
biotechnologies	biotechnology
biotherapeutics	biotherapeutic
biotinylated	biotinylate
biotopes	biotope
biplanes	biplane
birched	birch
birches	birch
birded	bird
birders	birder
birdhouses	birdhouse
birdied	birdie
birdies	birdie
birds	bird
birds of prey	bird of prey
birdwatching	birdwatch
birthdays	birthday
birthed	birth
birthrates	birthrate
births	birth
biscuits	biscuit
bisected	bisect
bisecting	bisect
bisects	bisect
bisexuals	bisexual
bishops	bishop
bisques	bisque
bistros	bistro
bitched	bitch
bitches	bitch
bitching	bitch
bitcoins	bitcoin
biters	biter
bites	bite
bitmaps	bitmap
bits	bit
bitten	bite
bittering	bitter
bitterns	bittern
bitters	bitter
bitumens	bitumen
bivalves	bivalve
bivouacs	bivouac
bivvying	bivvy
blabbing	blab
black-eyed peas	black-eyed pea
blackballed	blackball
blackberries	blackberry
blackbirds	blackbird
blackboards	blackboard
blackcurrants	blackcurrant
blacked	black
blacker	black
blackest	black
blackheads	blackhead
blackhouses	blackhouse
blackjacks	blackjack
blacklisted	blacklist
blacklisting	blacklist
blacklists	blacklist
blackmailed	blackmail
blackmailers	blackmailer
blackmailing	blackmail
blackmails	blackmail
blackouts	blackout
blacks	black
blacksmiths	blacksmith
blacktopped	blacktop
bladders	bladder
blades	blade
blahs	blah
blakes	blake
blames	blame
blanching	blanch
blancmanges	blancmange
blanke	blank
blanked	blank
blanketing	blanket
blankets	blanket
blanks	blank
blared	blare
blares	blare
blasphemed	blaspheme
blasters	blaster
blasts	blast
blatting	blat
blazed	blaze
blazers	blazer
blazes	blaze
bleachers	bleacher
bleaches	bleach
bleaken	bleak
bleaker	bleak
bleakest	bleak
blears	blear
bleats	bleat
bled	bleed
bleeders	bleeder
bleeds	bleed
bleeped	bleep
bleeping	bleep
bleeps	bleep
blemishes	blemish
blenders	blender
blends	blend
blesses	bless
blessings	blessing
blew	blow
blighters	blighter
blinders	blinder
blindfolding	blindfold
blinds	blind
blindsided	blindside
blindsides	blindside
blinked	blink
blinkered	blinker
blinkers	blinker
blinks	blink
blipped	blip
blipping	blip
blips	blip
blistered	blister
blisters	blister
blitzes	blitz
blitzing	blitz
blizzards	blizzard
blobs	blob
blockades	blockade
blockages	blockage
blockbusters	blockbuster
blockchains	blockchain
blocked-up	blocked up
blockers	blocker
blocks	block
blocs	bloc
blogged	blog
bloggers	blogger
blogs	blog
blokes	bloke
blonder	blonde	blond
blondes	blonde
blood tests	blood test
bloodhounds	bloodhound
bloodied	bloody
bloodier	bloody
bloodiest	bloody
bloodlines	bloodline
bloods	blood
bloodstains	bloodstain
bloodsuckers	bloodsucker
bloodying	bloody
bloomed	bloom
bloomers	bloomer
blooms	bloom
bloopers	blooper
blossomed	blossom
blossoms	blossom
blotches	blotch
blots	blot
blotted	blot
blotting	blot
blotting out	blot out
blouses	blouse
blowers	blower
blowguns	blowgun
blowing up	blow up
blowjobs	blowjob
blown over	blow over
blown up	blow up
blowouts	blowout
blows	blow
blu-rays	blu-ray
bludgeoned	bludgeon
bludgeoning	bludgeon
bludgeons	bludgeon
bluebells	bluebell
blueberries	blueberry
bluebirds	bluebird
blued	blue
blueish	bluish
blueprinted	blueprint
blueprints	blueprint
blues	blue
bluest	blue
bluffed	bluff
bluffing	bluff
bluffs	bluff
blundered	blunder
blundering	blunder
blunders	blunder
blunter	blunt
blurbs	blurb
blurs	blur
blurted	blurt
blurting	blurt
blurts	blurt
blushed	blush
blushes	blush
blvd	boulevard
bnd	bend
bndes	bend
board games	board game
boarded	board
boarders	boarder
boardings	boarding
boardrooms	boardroom
boards	board
boars	boar
boas	boa
boase	boa
boasted	boast
boasters	boaster
boasts	boast
boated	boat
boaters	boater
boatloads	boatload
boatmen	boatman
boats	boat
bobbed	bob
bobbing	bob
bobbins	bobbin
bobbled	bobble
bobbles	bobble
bobcats	bobcat
bobs	bob
bobsleds	bobsled
bodegas	bodega
bodes	bode
bodgy	bodgie
bodices	bodice
bodies	body
bodkins	bodkin
bods	bod
bodybuilders	bodybuilder
bodyguards	bodyguard
bodyworks	bodywork
boeings	boeing
boffins	boffin
bogeys	bogey
bogged	bog
bogging	bog
boggles	boggle
boggling	boggle
bogies	bogie
bogs	bog
bohemians	bohemian
boilermakers	boilermaker
boilers	boiler
boiling over	boil over
boils	boil
bois	boi
bolden	bold
bolder	bold
boldest	bold
boles	bole
bollards	bollard
bollocks	bollock
bolstered	bolster
bolstering	bolster
bolsters	bolster
bolting	bolt
bolts	bolt
boluses	bolus
bombarded	bombard
bombarding	bombard
bombardments	bombardment
bombards	bombard
bombers	bomber
bombings	bombing
bombs	bomb
bombshells	bombshell
bonbons	bonbon
bonded	bond
bondholders	bondholder
bondings	bonding
bonds	bond
boned	bone
bones	bone
bonfires	bonfire
bongos	bongo
bonnets	bonnet
bonnye	bonny
bonobos	bonobo
bonsais	bonsai
bonuses	bonus
boobies	booby
boobs	boob
booed	boo
bookbags	bookbag
bookbinders	bookbinder
bookcases	bookcase
bookends	bookend
bookers	booker
bookies	bookie
bookings	booking
bookkeepers	bookkeeper
booklets	booklet
bookmakers	bookmaker
bookmarked	bookmark
bookmarking	bookmark
bookmarks	bookmark
bookmobiles	bookmobile
books	book
booksellers	bookseller
bookshelves	bookshelf
bookshops	bookshop
bookstores	bookstore
bookworms	bookworm
boomed	boom
boomeranged	boomerang
boomerangs	boomerang
boomers	boomer
booms	boom
boondoggles	boondoggle
boone	boon
boonen	boon
boons	boon
boos	boo
booser	boo
boosted	boost
boosters	booster
boosting	boost
boosts	boost
booths	booth
booties	booty
booting	boot
bootlegged	bootleg
bootleggers	bootlegger
bootlegs	bootleg
boots	boot
boozers	boozer
bopping	bop
bops	bop
bordering	border
borderlands	borderland
borderlines	borderline
borders	border
bore	bear
boredoms	boredom
boreholes	borehole
bores	bear
borgs	borg
born	bear
borne	bear
borne out	bear out
boroughs	borough
borrowed	borrow
borrowers	borrower
borrowings	borrowing
borrows	borrow
bosome	bosom
bosoms	bosom
bosons	boson
bossed	boss
bosses	boss
bossier	bossy
bossing	boss
bostonians	bostonian
botanic gardens	botanic garden
botanical gardens	botanical garden
botanicals	botanical
botanists	botanist
bothe	both
bothering	bother
bothers	bother
bots	bot
bottle-fed	bottle-feed
bottle-feeding	bottle-feed
bottlenecks	bottleneck
bottles	bottle
bottling	bottle
bottoming	bottom
bottoming out	bottom out
bottoms	bottom
boughs	bough
bought	buy
bouldering	boulder
boulders	boulder
boulevards	boulevard
bounced	bounce
bouncers	bouncer
bounces	bounce
bouncier	bouncy
bound	bind
bound up	bind up
boundaries	boundary
bounders	bounder
bounding	bind
bounds	bind
bounties	bounty
bouquets	bouquet
bourbons	bourbon
bourgeoisies	bourgeoisie
boutiques	boutique
bouts	bout
bovines	bovine
bowdlerized	bowdlerize
bowed down	bow down
bowels	bowel
bowers	bower
bowled	bowl
bowled over	bowl over
bowlers	bowler
bowls	bowl
bowmen	bowman
bows	bow
bowser	bow
bowsprits	bowsprit
boxed in	box in
boxers	boxer
boxes	box
boxier	boxy
boy scouts	boy scout
boy's	boy
boycotted	boycott
boycotting	boycott
boycotts	boycott
boyfriends	boyfriend
boys	boy
boyse	boy
boysenberries	boysenberry
br	branch
bracelets	bracelet
braces	brace
brachiopods	brachiopod
bracketed	bracket
bracketing	bracket
brackets	bracket
bracts	bract
brads	brad
braes	brae
bragged	brag
brags	brag
brahmins	brahmin
braids	braid
brailling	braille
brained	brain
braining	brain
brains	brain
brainstormed	brainstorm
brainstorms	brainstorm
brakes	brake
braking	brake
brambles	bramble
branches	branch
branching out	branch out
brand-new	brand new
brandies	brandy
brandings	branding
brandished	brandish
brandishes	brandish
brandishing	brandish
brands	brand
bras	bra
brasher	brash
brasse	brass
brasses	brass
brats	brat
braved	brave
braver	brave
braves	brave
bravest	brave
braving	brave
brawled	brawl
brawlers	brawler
brawls	brawl
braying	bray
brazed	braze
brazilians	brazilian
brazing	braze
bre	branch
breached	breach
breaches	breach
breaching	breach
breadcrumbs	breadcrumb
breading	bread
breads	bread
breadwinners	breadwinner
break-ins	break-in
breakables	breakable
breakages	breakage
breakaways	breakaway
breakdowns	breakdown
breakers	breaker
breakfasted	breakfast
breakfasts	breakfast
breaking down	break down
breaking out	break out
breaking up	break up
breakouts	breakout
breakpoints	breakpoint
breaks	break
breakthroughs	breakthrough
breakups	breakup
breakwaters	breakwater
breams	bream
breastfed	breastfeed
breastplates	breastplate
breasts	breast
breathalysers	breathalyser
breathers	breather
breathes	breathe
breaths	breath
bred	breed
brede	breed
breeches	breech
breeders	breeder
breeds	breed
breezed	breeze
breezes	breeze
breezier	breezy
breezing	breeze
brens	bren
brer	branch
bres	branch
brewed	brew
breweries	brewery
brewers	brewer
brews	brew
brg	bridge
brians	brian
briars	briar
bribed	bribe
bribes	bribe
bribing	bribe
brickbats	brickbat
bricked	brick
brickies	brickie
bricking	brick
bricklayers	bricklayer
bricks	brick
brickworks	brickwork
brides	bride
bridesmaids	bridesmaid
bridged	bridge
bridges	bridge
bridled	bridle
bridles	bridle
briefed	brief
briefer	brief
briefest	brief
briefings	briefing
briefs	brief
brier	briar
briere	briar
briers	briar
brigades	brigade
brigadiers	brigadier
brigands	brigand
brigantines	brigantine
brightened	brighten
brightening	brighten
brightens	brighten
brighter	bright
brightest	bright
brightnesses	brightness
brightons	brighton
brigs	brig
brimmed	brim
brims	brim
brimses	brim
brined	brine
bringers	bringer
bringing out	bring out
bringing together	bring together
brings	bring
brining	brine
brinks	brink
briquettes	briquette
bristles	bristle
bristling	bristle
britain's	britain
britisher	british
brk	brook
broaches	broach
broaching	broach
broadcasted	broadcast
broadcasters	broadcaster
broadcasts	broadcast
broadened	broaden
broadens	broaden
broader	broad
broadest	broad
broads	broad
broadsheets	broadsheet
broadsides	broadside
brocading	brocade
brochures	brochure
broken heart	break heart
broken in	break in
brokerages	brokerage
brokered	broker
brokering	broker
brokers	broker
brollies	brolly
bromides	bromide
bronchi	bronchus
broncos	bronco
broncs	bronc
brontosauruses	brontosaurus
bronzes	bronze
brooches	brooch
brooded	brood
broodmares	broodmare
broods	brood
brooked	brook
brookes	brooke
brooking	brook
brooks	brook
brooms	broom
bros	bro
brose	bro
brothels	brothel
brothers	brother
brothers-in-law	brother-in-law
broths	broth
brought	bring
brought about	bring about
brought down	bring down
browbeating	browbeat
brown bears	brown bear
browne	brown
brownies	brownie
brownouts	brownout
browns	brown
brows	brow
browsed	browse
browsers	browser
browses	browse
bruins	bruin
bruises	bruise
brunettes	brunette
brunts	brunt
brushes	brush
brutalized	brutalize
brutalizing	brutalize
brutes	brute
bryans	bryan
bs	b
bse	b
bsen	b
bser	b
bses	b
btm	bottom
bubble gum	bubblegum
bubbled	bubble
bubbles	bubble
buccaneers	buccaneer
buckboards	buckboard
bucked	buck
bucketing	bucket
buckets	bucket
buckeyes	buckeye
bucking	buck
buckled	buckle
bucklers	buckler
buckles	buckle
buckling	buckle
bucks	buck
budded	bud
buddhas	buddha
buddhists	buddhist
buddies	buddy
budged	budge
budgerigars	budgerigar
budgeted	budget
budgets	budget
budgies	budgie
budging	budge
buds	bud
buffaloes	buffalo
buffed	buff
buffered	buffer
buffering	buffer
buffers	buffer
buffeted	buffet
buffets	buffet
buffing	buff
buffoons	buffoon
buffs	buff
buggered	bugger
buggers	bugger
buggies	buggy
bugging	bug
buglers	bugler
bugles	bugle
bugs	bug
builders	builder
building up	build up
buildings	building
builds	build
bulbs	bulb
bulgarians	bulgarian
bulged	bulge
bulges	bulge
bulked	bulk
bulkheads	bulkhead
bulkier	bulky
bulking	bulk
bulks	bulk
bulldogs	bulldog
bulldozed	bulldoze
bulldozers	bulldozer
bulldozing	bulldoze
bulled	bull
bulleted	bullet
bulletins	bulletin
bulletproofing	bulletproof
bullets	bullet
bullfights	bullfight
bullfinches	bullfinch
bullied	bully
bullies	bully
bullocking	bullock
bullocks	bullock
bullpens	bullpen
bulls	bull
bulwarks	bulwark
bumblebees	bumblebee
bummed	bum
bummers	bummer
bumped	bump
bumpers	bumper
bumpiest	bumpy
bumps	bump
bums	bum
bunched	bunch
bunches	bunch
bunching	bunch
bundled	bundle
bundles	bundle
bunds	bund
bungalows	bungalow
bunging	bung
bungs	bung
bunkered	bunker
bunkerers	bunkerer
bunkering	bunker
bunkers	bunker
bunks	bunk
bunnies	bunny
buns	bun
bunsen	bun
bunted	bunt
buntings	bunting
buoyed	buoy
buoys	buoy
burdening	burden
burdens	burden
bureaucracies	bureaucracy
bureaucrats	bureaucrat
bureaus	bureau
bures	bure
burgeoned	burgeon
burgeoning	burgeon
burgers	burger
burghers	burgher
burglaries	burglary
burglarized	burglarize
burglars	burglar
burgled	burgle
burgles	burgle
burials	burial
buries	bury
burkes	burke
burned out	burn out
burners	burner
burning out	burn out
burning up	burn up
burnings	burning
burnishing	burnish
burns	burn
burnt-out	burnt out
burqas	burqa
burritos	burrito
burrowed	burrow
burrows	burrow
burrs	burr
bursae	bursa
bursaries	bursary
bursting	burst
bursting out	burst out
bursts	burst
burtons	burton
burts	burt
buses	bus
bushels	bushel
bushes	bush
bushfires	bushfire
bushmen	bushman
bushwhackers	bushwhacker
busied	busy
busier	busy
busiest	busy
businesses	business
businessmen	businessman
businesspeople	businessperson
businesswomen	businesswoman
buskers	busker
busking	busk
bussed	bus	buss
busses	bus	buss
bussing	bus	buss
busters	buster
bustiers	bustier
bustled	bustle
bustles	bustle
busts	bust
butchered	butcher
butchers	butcher
butlers	butler
butted	butt
buttered	butter
butterfats	butterfat
butterflies	butterfly
butterflying	butterfly
buttering	butter
butters	butter
butting	butt
buttocks	buttock
buttonholes	buttonhole
buttoning	button
buttons	button
buttresses	buttress
butts	butt
buy-ins	buy-in
buybacks	buyback
buyers	buyer
buyouts	buyout
buys	buy
buzzards	buzzard
buzzed	buzz
buzzes	buzz
buzzwords	buzzword
by-elections	by-election
by-product	byproduct
by-products	byproduct
byes	bye
bylaws	bylaw
bypassed	bypass
bypasses	bypass
bypassing	bypass
byproducts	byproduct
byres	byre
bystanders	bystander
bytes	byte
byu	bayou
bywaters	bywater
byways	byway
b’s	b
c-sections	c-section
cabals	cabal
cabanas	cabana
cabarets	cabaret
cabbages	cabbage
cabbed	cab
cabers	caber
cabgs	cabg
cabinetmakers	cabinetmaker
cabinets	cabinet
cabins	cabin
cabled	cable
cables	cable
cabling	cable
cabochons	cabochon
cabriolets	cabriolet
cabs	cab
cached	cache
caches	cache
caching	cache
cackled	cackle
cackles	cackle
cackling	cackle
cacti	cactus
cadavers	cadaver
caddies	caddy
cadences	cadence
cadenzas	cadenza
cadets	cadet
cadres	cadre
cads	cad
caesars	caesar
cafes	cafe
cafeterias	cafeteria
caffeinated	caffeinate
cafés	café
caged	cage
cages	cage
caging	cage
cahoots	cahoot
caiques	caique
cairns	cairn
caissons	caisson
cajoled	cajole
cajoles	cajole
cajoling	cajole
caked	cake
cakes	cake
calamities	calamity
calcifications	calcification
calculates	calculate
calculations	calculation
calculators	calculator
calculi	calculus
calderas	caldera
calendars	calendar
calenders	calender
caliber	calibre
calibrates	calibrate
calibrating	calibrate
calibrations	calibration
californians	californian
calipered	caliper
calipers	caliper
caliphs	caliph
call center	call centre
callas	calla
callbacks	callback
called	call
called on	call on
callers	caller
calligraphers	calligrapher
calling in	call in
callings	calling
calls	call
calluses	callus
calmed	calm
calmer	calm
calmest	calm
calms	calm
calories	calorie
calorimeters	calorimeter
calved	calve
calves	calf	calve
calyxes	calyx
cambered	camber
camcorders	camcorder
came	come	cum
camelids	camelid
camellias	camellia
camels	camel
cameos	cameo
cameramen	cameraman
cameras	camera
camerons	cameron
camisoles	camisole
camouflages	camouflage
camouflaging	camouflage
campaigned	campaign
campaigners	campaigner
campaigns	campaign
campbells	campbell
campe	camp
camped	camp
campen	camp
campers	camper
campfires	campfire
campgrounds	campground
campi	campus
camps	camp
campsen	camp
campsites	campsite
campuses	campus
cams	cam
camshafts	camshaft
can't	cannot
canadas	canada
canadians	canadian
canalised	canalize
canals	canal
canapés	canapé
canaries	canary
cancelation	cancellation
cancelations	cancellation
canceled	cancel
canceling	cancel
cancellations	cancellation
cancelled	cancel
cancelling	cancel
cancels	cancel
cancers	cancer
candelabras	candelabra
candidates	candidate
candidatures	candidature
candies	candy
candles	candle
candlesticks	candlestick
candling	candle
caned	cane
canes	cane
canids	canid
canines	canine
canings	caning
canisters	canister
cann	can
canneries	cannery
cannes	can
cannibalized	cannibalize
cannibals	cannibal
cannings	canning
cannonballs	cannonball
cannoning	cannon
cannons	cannon
canoeing	canoe
canoeists	canoeist
canoes	canoe
canonised	canonize
canons	canon
canoodling	canoodle
canopies	canopy
cans	can
canteens	canteen
cantered	canter
cantilevered	cantilever
cantonale	cantonal
cantons	canton
cantors	cantor
canvased	canvas
canvases	canvas
canvassed	canvass
canvassers	canvasser
canyons	canyon
can’t	can
capabilities	capability
capacities	capacity
capacitors	capacitor
capered	caper
capers	caper
capes	cape
capillaries	capillary
capita	caput
capitales	capital
capitalise	capitalize
capitalised	capitalize
capitalises	capitalize
capitalising	capitalize
capitalists	capitalist
capitalizes	capitalize
capitalizing	capitalize
capitals	capital
capitols	capitol
capitulated	capitulate
capitulates	capitulate
cappings	capping
cappuccinos	cappuccino
caps	cap
capsized	capsize
capsizes	capsize
capsules	capsule
captained	captain
captaining	captain
captains	captain
captioned	caption
captioning	caption
captions	caption
captivates	captivate
captives	captive
captors	captor
captured	capture
captures	capture
capturing	capture
capybaras	capybara
carafes	carafe
caramelise	caramelize
caramelised	caramelize
caramelises	caramelize
caramelized	caramelize
caramels	caramel
carats	carat
caravans	caravan
carbides	carbide
carbines	carbine
carbohydrates	carbohydrate
carbonates	carbonate
carbonise	carbonize
carbonised	carbonize
carbons	carbon
carbs	carb
carburetors	carburetor
carburettors	carburettor
carcases	carcase
carcasses	carcass
carcinogens	carcinogen
carcinomas	carcinoma
carded	card
cardholders	cardholder
cardigans	cardigan
cardinals	cardinal
carding	card
cardiologists	cardiologist
cards	card
cared	care
careened	careen
careening	careen
careered	career
careering	career
careerists	careerist
careers	career
caregivers	caregiver
carers	carer
cares	care
caresses	caress
caretakers	caretaker
careys	carey
cargos	cargo
caricatured	caricature
caricatures	caricature
caricaturists	caricaturist
carjackings	carjacking
carloads	carload
carlos	carlo
carnations	carnation
carnivals	carnival
carnivores	carnivore
carolinas	carolina
carolinians	carolinian
carolling	carol
carols	carol
carotenes	carotene
carotenoids	carotenoid
carousels	carousel
carpenters	carpenter
carpetbaggers	carpetbagger
carpets	carpet
carps	carp
carrels	carrel
carriages	carriage
carriageways	carriageway
carried	carry
carriers	carrier
carries	carry
carrots	carrot
carrs	carr
carrying out	carry out
cars	car
carse	car
carted	cart
cartels	cartel
carters	carter
cartilages	cartilage
cartographers	cartographer
cartons	carton
cartooning	cartoon
cartoonists	cartoonist
cartoons	cartoon
cartridges	cartridge
carts	cart
cartwheels	cartwheel
carvers	carver
carves	carve
carvings	carving
caryatids	caryatid
cascaded	cascade
cascades	cascade
casebooks	casebook
cases	case
caseworkers	caseworker
cashes	cash
cashews	cashew
cashiers	cashier
cashing	cash
casings	casing
casinos	casino
caskets	casket
casks	cask
casseroles	casserole
cassetted	cassette
cassettes	cassette
castaways	castaway
castellanos	castellano
casters	caster
castes	caste
castigated	castigate
castigates	castigate
castings	casting
castles	castle
castors	castor
castrating	castrate
castrations	castration
casts	cast
casualties	casualty
casuists	casuist
cat	category
cat scans	cat scan
catacombs	catacomb
cataloged	catalog
cataloging	catalog
catalogs	catalog
catalogue	catalog
catalogued	catalog
catalogues	catalog
cataloguing	catalog
catalyse	catalyze
catalysed	catalyze
catalysing	catalyze
catalysts	catalyst
catalyzed	catalyze
catalyzes	catalyze
catamarans	catamaran
catapulted	catapult
catapulting	catapult
catapults	catapult
cataracts	cataract
catastrophes	catastrophe
catchers	catcher
catches	catch
catchier	catchy
catchiest	catchy
catchings	catching
catchments	catchment
catchups	catchup
cate	category
catechisms	catechism
catechists	catechist
categories	category
categorise	categorize
categorised	categorize
categorises	categorize
categorising	categorize
categorizing	categorize
caten	category
catered	cater
caterers	caterer
caterpillars	caterpillar
caters	cater
caterwauling	caterwaul
cates	category
cathedrale	cathedral
cathedrals	cathedral
catherines	catherine
catheters	catheter
cathodes	cathode
catholics	catholic
cations	cation
catkins	catkin
cats	category
cattails	cattail
cattlemen	cattleman
catwalks	catwalk
caucuses	caucus
caucusing	caucus
caudale	caudal
caught	catch
caught up	catch up
cauliflowers	cauliflower
caused	cause
causes	cause
causeways	causeway
caustics	caustic
cauterised	cauterize
cauterising	cauterize
cautioned	caution
cautioning	caution
cautions	caution
cavaliers	cavalier
caveats	caveat
caved	cave
caverns	cavern
caves	cave
cavies	cavy
caving	cave
cavities	cavity
cavorted	cavort
cds	cd
cease-fire	ceasefire
ceased	cease
ceasefires	ceasefire
ceases	cease
ceasing	cease
cedars	cedar
ceded	cede
ceding	cede
ceilidhs	ceilidh
ceilings	ceiling
celebrants	celebrant
celebrates	celebrate
celebrating	celebrate
celebrations	celebration
celebrities	celebrity
cell phone	cellphone
cellared	cellar
cellaring	cellar
cellars	cellar
cellos	cello
cellphones	cellphone
cells	cell
cemented	cement
cementing	cement
cements	cement
cemeteries	cemetery
cenobites	cenobite
censors	censor
censured	censure
censures	censure
censuring	censure
censuses	census
censusing	census
centaurs	centaur
centavos	centavo
centenarians	centenarian
centennials	centennial
centers	center
centimeters	centimeter
centimetres	centimetre
centipedes	centipede
centralizes	centralize
centrals	central
centre	center
centred	center
centreline	centerline
centrelines	centerline
centres	center
centrifuges	centrifuge
centring	center
centrists	centrist
centroids	centroid
centromeres	centromere
cents	cent
centuries	century
centurions	centurion
ceos	ceo
cephalopods	cephalopod
cephalosporins	cephalosporin
ceramics	ceramic
ceramides	ceramide
ceramists	ceramist
cereals	cereal
cerebra	cerebrum
ceremonials	ceremonial
ceremonies	ceremony
certainties	certainty
certificates	certificate
certificating	certificate
certifications	certification
certifies	certify
certifying	certify
cesium	caesium
cesspools	cesspool
cetaceans	cetacean
cf	californium
cfe	californium
cfer	californium
chads	chad
chaffinches	chaffinch
chaffing	chaff
chains	chain
chainsaws	chainsaw
chaired	chair
chairing	chair
chairlifts	chairlift
chairmanships	chairmanship
chairmen	chairman
chairpersons	chairperson
chairs	chair
chalets	chalet
chalkboards	chalkboard
chalked	chalk
chalking	chalk
chalks	chalk
challengers	challenger
challenges	challenge
chambers	chamber
chameleons	chameleon
champagnes	champagne
champing	champ
championed	champion
champions	champion
championships	championship
champs	champ
chanced	chance
chancellors	chancellor
chancels	chancel
chances	chance
chandeliers	chandelier
chandlers	chandler
changeovers	changeover
changers	changer
changes	change
channeled	channel
channeling	channel
channelized	channelize
channelled	channel
channelling	channel
channels	channel
chanters	chanter
chantries	chantry
chants	chant
chaos	chao
chapatis	chapati
chapels	chapel
chaperoned	chaperon
chaperones	chaperone
chaplains	chaplain
chapmans	chapman
chaps	chap
chapters	chapter
characterisation	characterization
characterisations	characterization
characterise	characterize
characterises	characterize
characterising	characterize
characteristics	characteristic
characterizations	characterization
characterized	characterised	characterize
characterizes	characterize
characterizing	characterize
characters	character
charades	charade
chards	chard
chargers	charger
charges	charge
charging	charge
chariots	chariot
charities	charity
charlatans	charlatan
charlies	charlie
charlottes	charlotte
charmers	charmer
charms	charm
charred	char
chars	char
charted	chart
chartering	charter
charters	charter
charting	chart
charts	chart
chasers	chaser
chases	chase
chastened	chasten
chaster	chaste
chastised	chastise
chastises	chastise
chastising	chastise
chatbots	chatbot
chateaux	chateau
chats	chat
chatted	chat
chattels	chattel
chattered	chatter
chatters	chatter
chattiest	chatty
chauffeured	chauffeur
chauffeuring	chauffeur
chauffeurs	chauffeur
chauvinists	chauvinist
cheaper	cheap
cheapest	cheap
cheated	cheat
cheaters	cheater
cheats	cheat
check-in	checkin
check-ins	checkin
check-ups	check-up
checkbooks	checkbook
checkboxes	checkbox
checked out	check out
checkers	checker
checklists	checklist
checkouts	checkout
checkpoints	checkpoint
checks	check
checkups	checkup
cheddars	cheddar
cheekbones	cheekbone
cheeks	cheek
cheered	cheer
cheerier	cheery
cheerios	cheerio
cheerleaders	cheerleader
cheerleading	cheerlead
cheers	cheer
cheeseburgers	cheeseburger
cheesecakes	cheesecake
cheesed off	cheese off
cheeseheads	cheesehead
cheeses	cheese
cheesier	cheesy
cheetahs	cheetah
chefs	chef
chelated	chelate
chelating	chelate
chemicals	chemical
chemistries	chemistry
chemists	chemist
chemokines	chemokine
chemotherapies	chemotherapy
chenopods	chenopod
chequebooks	chequebook
cheques	cheque
cherishes	cherish
cherishing	cherish
cherries	cherry
cherubim	cherub
cherubs	cherub
chesters	chester
chestnuts	chestnut
chests	chest
chevrons	chevron
chewed	chew
chews	chew
chicagoans	chicagoan
chicanes	chicane
chicest	chic
chickens	chicken
chickpeas	chickpea
chicks	chick
chided	chide
chiefs	chief
chieftains	chieftain
chihuahuas	chihuahua
child's	child
childhoods	childhood
childproofed	childproof
children	child
children's	child
chileans	chilean
chili peppers	chili pepper
chilies	chili
chilled	chill
chillers	chiller
chillier	chilly
chillies	chilly
chilliest	chilly
chills	chill
chimaera	chimera
chimaeras	chimera
chimed	chime
chimeras	chimera
chimes	chime
chiming	chime
chimneys	chimney
chimpanzees	chimpanzee
chimps	chimp
china's	china
chinchillas	chinchilla
chines	chine
chink	chinch
chinks	chinch
chinned	chin
chinos	chino
chins	chin
chipmunks	chipmunk
chipotles	chipotle
chipped	chip
chippings	chipping
chips	chip
chiropractics	chiropractic
chiropractors	chiropractor
chirped	chirp
chirping	chirp
chirps	chirp
chis	chi
chisels	chisel
chittering	chitter
chives	chive
chlorides	chloride
chlorinated	chlorinate
chlorofluorocarbons	chlorofluorocarbon
chocked	chock
chocks	chock
chocolates	chocolate
choices	choice
choicest	choice
choirs	choir
choked up	choke up
chokers	choker
chokes	choke
chollas	cholla
chomped	chomp
chomping	chomp
choosers	chooser
chooses	choose
choosing	choose
choppers	chopper
chopping	chop
chops	chop
chopsticks	chopstick
chords	chord
choreographed	choreograph
choreographers	choreographer
choreographing	choreograph
chores	chore
choristers	chorister
chortled	chortle
chorused	chorus
choruses	chorus
chorusing	chorus
chose	choose
chows	chow
christened	christen
christenings	christening
christians	christian
christiansen	christian
christies	christie
christmases	christmas
christmasses	christmas
christophers	christopher
christs	christ
chromed	chrome
chromosomes	chromosome
chronicled	chronicle
chroniclers	chronicler
chronicles	chronicle
chronicling	chronicle
chronographs	chronograph
chronologies	chronology
chronometers	chronometer
chrysanthemums	chrysanthemum
chubs	chub
chucked	chuck
chucking	chuck
chuckled	chuckle
chuckles	chuckle
chuckling	chuckle
chucks	chuck
chugged	chug
chugging	chug
chukkas	chukka
chums	chum
chunking	chunk
chunks	chunk
church's	church
churched	church
churches	church
churchgoers	churchgoer
churchmen	churchman
churchwardens	churchwarden
churchyards	churchyard
churned	churn
churns	churn
churros	churro
chutes	chute
chutneys	chutney
chylomicrons	chylomicron
cicadas	cicada
ciders	cider
cigarettes	cigarette
cigars	cigar
cilia	cilium
cinching	cinch
cinders	cinder
cinemas	cinema
cinematographers	cinematographer
ciphers	cipher
cir	circle
circled	circle
circles	circle
circling	circle
circuits	circuit
circulars	circular
circulated	circulate
circulates	circulate
circulations	circulation
circumambulations	circumambulation
circumcised	circumcise
circumcises	circumcise
circumcising	circumcise
circumnavigated	circumnavigate
circumstances	circumstance
circumvented	circumvent
circumventing	circumvent
circuses	circus
ciren	circle
cirques	cirque
cirs	circle
cisterns	cistern
citadels	citadel
citations	citation
cited	cite
cites	cite
citharas	cithara
cities	city
citing	cite
citizens	citizen
citizenships	citizenship
city's	city
city-states	city-state
cityscapes	cityscape
civets	civet
civilians	civilian
civilisation	civilization
civilisations	civilization
civilised	civilized	civilize
civilising	civilize
civilizations	civilization
civilizing	civilize
clacks	clack
clad	clothe
claddings	cladding
clades	clade
claimants	claimant
claimed	claim
claiming	claim
claims	claim
clambered	clamber
clambering	clamber
clamored	clamor
clampdowns	clampdown
clamped	clamp
clamping down	clamp down
clamps	clamp
clams	clam
clanged	clang
clangers	clanger
clanks	clank
clans	clan
clansmen	clansman
clapped	clap
clappers	clapper
claps	clap
clares	clare
clarets	claret
clarifications	clarification
clarified	clarify
clarifies	clarify
clarinets	clarinet
clarities	clarity
clarkes	clarke
clarks	clark
clashed	clash
clashes	clash
clasping	clasp
clasps	clasp
classed	class
classes	class
classicists	classicist
classics	classic
classiest	classy
classifications	classification
classifieds	classified
classifiers	classifier
classifies	classify
classifying	classify
classmates	classmate
classrooms	classroom
clattered	clatter
clattering	clatter
clauses	clause
clawing	claw
claws	claw
claymores	claymore
clays	clay
clb	club
cleaned	clean
cleaned up	clean up
cleaners	cleaner
cleanest	clean
cleaning out	clean out
cleaning up	clean up
cleanings	cleaning
cleans	clean
cleansed	cleanse
cleansers	cleanser
cleanses	cleanse
cleanups	cleanup
clearances	clearance
clearer	clear
clearest	clear
clearing out	clear out
clearing up	clear up
clearinghouses	clearinghouse
clearings	clearing
clears	clear
cleats	cleat
cleavages	cleavage
cleaved	cleave
cleavers	cleaver
cleaves	cleave
cleaving	cleave
clefts	cleft
clemente	clement
clergymen	clergyman
clerics	cleric
clerks	clerk
cleverer	clever
cleverest	clever
clf	cliff
cliches	cliche
cliché	cliche
clichés	cliche
clicked	click
clicking	click
clicks	click
clients	client
cliffhangers	cliffhanger
cliffs	cliff
climates	climate
climatologists	climatologist
climaxed	climax
climaxes	climax
climaxing	climax
climbed	climb
climbers	climber
climbs	climb
climes	clime
clinches	clinch
clinching	clinch
clingfilms	clingfilm
clinging	cling
clings	cling
clinicians	clinician
clinics	clinic
clintons	clinton
clipboards	clipboard
clippers	clipper
clippings	clipping
clips	clip
cliques	clique
cloaking	cloak
cloakrooms	cloakroom
cloaks	cloak
clobbered	clobber
clobbering	clobber
clocked	clock
clockings	clocking
clockmakers	clockmaker
clocks	clock
clods	clod
clogged up	clog up
clogs	clog
cloisters	cloister
cloned	clone
clones	clone
close-ups	close-up
closer	close
closes	close
closest	close
closeted	closet
closets	closet
closing off	close off
closing up	close up
closings	closing
closures	closure
clotheslines	clothesline
clothiers	clothier
cloths	cloth
clots	clot
cloudier	cloudy
clouds	cloud
clovers	clover
cloves	clove
clowned	clown
clowns	clown
clubbed	club
clubhouses	clubhouse
clubrooms	clubroom
clubs	club
clued	clue
clues	clue
clumped	clump
clumping	clump
clumps	clump
clung	cling
clunked	clunk
clunkers	clunker
clusters	cluster
clutched	clutch
clutches	clutch
clutching	clutch
cluttering	clutter
clutters	clutter
cmn	common
co-authored	co-author
co-authors	co-author
co-chairs	co-chair
co-designed	co-design
co-directors	co-director
co-exist	coexist
co-existence	coexistence
co-existing	coexist
co-exists	coexist
co-founders	co-founder
co-opt	coopt
co-opted	coopt
co-opting	coopt
co-parenting	co-parent
co-parents	co-parent
co-produced	co-produce
co-producing	co-produce
co-signed	co-sign
co-signing	co-sign
co-sponsored	co-sponsor
co-sponsors	co-sponsor
co-writing	co-write
co-written	co-write
co-wrote	co-write
co.	company
coached	coach
coaches	coach
coachmen	coachman
coaled	coal
coalesces	coalesce
coalfields	coalfield
coalitions	coalition
coals	coal
coarsening	coarsen
coarser	coarse
coarsest	coarse
coasted	coast
coasters	coaster
coastguards	coastguard
coasting	coast
coastlines	coastline
coasts	coast
coatings	coating
coats	coat
coattails	coattail
coauthors	co-author
coaxed	coax
cobbled	cobble
cobblers	cobbler
cobbles	cobble
cobblestones	cobblestone
cobras	cobra
cobs	cob
cobwebs	cobweb
cocas	coca
cockatoos	cockatoo
cockchafers	cockchafer
cocked	cock
cocker spaniels	cocker spaniel
cockerels	cockerel
cocking	cock
cockles	cockle
cockneys	cockney
cockpits	cockpit
cockroaches	cockroach
cocks	cock
cocktails	cocktail
coconuts	coconut
cocooned	cocoon
cocoons	cocoon
cocos	coco
codd	cod
coddled	coddle
code-named	code-name
coded	code
coden	cod
coders	coder
codes	code
codewords	codeword
codgers	codger
codices	codex
codifies	codify
codifying	codify
codons	codon
coedits	coedit
coefficients	coefficient
coerced	coerce
coerces	coerce
coercing	coerce
coexisted	coexist
cofactors	cofactor
coffee beans	coffee bean
coffees	coffee
coffers	coffer
coffins	coffin
cofounded	cofound
cofounding	cofound
cognates	cognate
cognitions	cognition
cogs	cog
cohabitating	cohabitate
cohabited	cohabit
cohabiting	cohabit
coheres	cohere
cohorts	cohort
coiffed	coif
coils	coil
coinages	coinage
coincided	coincide
coincidences	coincidence
coincides	coincide
coined	coin
coining	coin
coins	coin
cokes	coke
colas	cola
colden	cold
colder	cold
coldest	cold
colds	cold
coles	cole
colins	colin
collaborated	collaborate
collaborates	collaborate
collaborationists	collaborationist
collaborations	collaboration
collaborators	collaborator
collabs	collab
collagens	collagen
collages	collage
collapsed	collapse
collapses	collapse
collapsing	collapse
collarbones	collarbone
collared	collar
collars	collar
collated	collate
collating	collate
collations	collation
colleagues	colleague
collectables	collectable
collectibles	collectible
collections	collection
collectives	collective
collectors	collector
collects	collect
colleges	college
collegians	collegian
collided	collide
collides	collide
colliding	collide
collieries	colliery
colliers	collier
collies	collie
collimators	collimator
collisions	collision
colloids	colloid
colluded	collude
colluding	collude
colognes	cologne
colombians	colombian
colonels	colonel
colonialists	colonialist
colonials	colonial
colonies	colony
colonise	colonize
colonised	colonized	colonize
colonising	colonize
colonists	colonist
colonizers	colonizer
colonizing	colonize
colons	colon
coloration	colouration
colorings	coloring
colorized	colorize
colorless	colourless
colors	colour
coloured	colour	colored
colourful	colorful
colouring	colour
colourist	colorist
colours	colour
cols	col
colts	colt
columnists	columnist
columns	column
comanaging	comanage
comas	coma
combatants	combatant
combats	combat
combatted	combat
combatting	combat
combinations	combination
combines	combine
combos	combo
combs	comb
combustibles	combustible
comebacks	comeback
comedians	comedian
comedies	comedy
comers	comer
comes	come
cometh	come
comets	comet
comfiest	comfy
comforters	comforter
comforts	comfort
comics	comic
coming by	come by
coming in	come in
coming out	come out
coming through	come through
coming to	come to
coming to terms	come to terms
coming up	come up
comings	coming
commanded	command
commandeered	commandeer
commandeering	commandeer
commanders	commander
commandments	commandment
commandos	commando
commands	command
commas	comma
commemorated	commemorate
commemorates	commemorate
commemorations	commemoration
commenced	commence
commencements	commencement
commences	commence
commencing	commence
commendations	commendation
commended	commend
commending	commend
commends	commend
commentaries	commentary
commentators	commentator
commented	comment
commenters	commenter
commenting	comment
comments	comment
commercialisation	commercialization
commercializes	commercialize
commercializing	commercialize
commercials	commercial
commingled	commingle
commiserated	commiserate
commiserating	commiserate
commiserations	commiseration
commissariats	commissariat
commissioners	commissioner
commissions	commission
commitments	commitment
commits	commit
committees	committee
commodes	commode
commodified	commodify
commodifies	commodify
commodities	commodity
commodores	commodore
commonalities	commonality
commonalties	commonalty
commoners	commoner
commonest	common
commons	common
commonwealths	commonwealth
communes	commune
communicated	communicate
communicates	communicate
communications	communication
communicators	communicator
communing	commune
communiste	communist
communists	communist
communities	community
community colleges	community college
commutations	commutation
commutators	commutator
commuted	commute
commuters	commuter
commutes	commute
compacted	compact
compacting	compact
compacts	compact
companies	company
companions	companion
companionships	companionship
company's	company
comparators	comparator
compares	compare
comparisons	comparison
compartments	compartment
compassed	compass
compasses	compass
compatriots	compatriot
compels	compel
compensates	compensate
compensating	compensate
compensations	compensation
compered	compere
comperes	compere
compering	compere
competed	compete
competences	competence
competencies	competency
competes	compete
competing	compete
competitions	competition
competitors	competitor
compilations	compilation
compiled	compile
compilers	compiler
compiles	compile
comping	comp
complainants	complainant
complained	complain
complainers	complainer
complains	complain
complaints	complaint
complemented	complement
complementing	complement
complements	complement
completer	complete
completes	complete
completions	completion
complexes	complex
complexions	complexion
complexities	complexity
compliances	compliance
complicates	complicate
complicating	complicate
complications	complication
complicite	complicit
complied	comply
complies	comply
complimented	compliment
complimenting	compliment
compliments	compliment
complying	comply
components	component
comports	comport
composers	composer
composes	compose
composites	composite
compositions	composition
composted	compost
composting	compost
compounders	compounder
compounds	compound
comprehending	comprehend
comprehensives	comprehensive
compresses	compress
compressions	compression
compressors	compressor
comprised	comprise
comprises	comprise
comprising	comprise
compromised	compromise
compromises	compromise
comps	comp
computations	computation
computed	compute
computer-graphics	computer graphic
computerise	computerize
computerised	computerize
computerising	computerize
computerized	computerize
computers	computer
computes	compute
comrades	comrade
concatenated	concatenate
concatenating	concatenate
conceals	conceal
conceded	concede
concedes	concede
conceding	concede
conceived	conceive
conceives	conceive
conceiving	conceive
concentrates	concentrate
concentrating	concentrate
concentrations	concentration
concentrators	concentrator
conceptions	conception
concepts	concept
conceptualise	conceptualize
conceptualised	conceptualize
conceptualising	conceptualize
conceptualized	conceptualize
conceptualizing	conceptualize
concerns	concern
concertinas	concertina
concertos	concerto
concerts	concert
concessions	concession
conclaves	conclave
concludes	conclude
conclusions	conclusion
concocted	concoct
concocting	concoct
concoctions	concoction
concordats	concordat
concording	concord
concords	concord
concourses	concourse
concreted	concrete
concretes	concrete
concreting	concrete
concretions	concretion
concubines	concubine
concurred	concur
concurrences	concurrence
concurs	concur
concussed	concuss
concussions	concussion
condemnations	condemnation
condemned	condemn
condemns	condemn
condensates	condensate
condensed	condense
condensers	condenser
condenses	condense
condiments	condiment
conditioners	conditioner
conditions	condition
condoled	condole
condolences	condolence
condoles	condole
condoling	condole
condominiums	condominium
condoms	condom
condoned	condone
condones	condone
condors	condor
condos	condo
conducing	conduce
conducted	conduct
conductivities	conductivity
conductors	conductor
conducts	conduct
conduits	conduit
coned	cone
coner	con
cones	cone
confectioneries	confectionery
confectioners	confectioner
confections	confection
confederates	confederate
confederations	confederation
conferences	conference
conferred	confer
conferring	confer
confers	confer
confessed	confess
confesses	confess
confessing	confess
confessionals	confessional
confessions	confession
confessors	confessor
confidantes	confidante
confidants	confidant
confided	confide
confidences	confidence
confides	confide
configurations	configuration
configured	configure
configures	configure
configuring	configure
confirmations	confirmation
confirms	confirm
confiscated	confiscate
confiscations	confiscation
conflagrations	conflagration
conflated	conflate
conflates	conflate
conflicts	conflict
confluences	confluence
conformations	conformation
conforms	conform
confounds	confound
confreres	confrere
confrontations	confrontation
confronted	confront
confronting	confront
confronts	confront
confuses	confuse
confusions	confusion
congealing	congeal
congers	conger
congestions	congestion
conglomerates	conglomerate
congratulated	congratulate
congratulates	congratulate
congratulating	congratulate
congratulations	congratulation
congregants	congregant
congregated	congregate
congregating	congregate
congregations	congregation
congresses	congress
congressmen	congressman
congresswomen	congresswoman
conifers	conifer
coning	cone
conjectured	conjecture
conjectures	conjecture
conjugates	conjugate
conjugating	conjugate
conjunctions	conjunction
conjured	conjure
conjures	conjure
conked	conk
conkers	conker
conking	conk
connections	connection
connectors	connector
connects	connect
conned	con
connexions	connexion
conning	con
connived	connive
connoisseurs	connoisseur
connors	connor
connotations	connotation
connotes	connote
conquered	conquer
conquerors	conqueror
conquers	conquer
conquests	conquest
conquistadors	conquistador
cons	con
consciences	conscience
conscripted	conscript
conscripts	conscript
consensuses	consensus
consented	consent
consents	consent
consequences	consequence
conser	con
conservationists	conservationist
conservatives	conservative
conservatoires	conservatoire
conservatories	conservatory
conservators	conservator
conserves	conserve
conserving	conserve
considerations	consideration
considering	consider
considers	consider
consigned	consign
consigning	consign
consignments	consignment
consignors	consignor
consisted	consist
consistencies	consistency
consisting	consist
consists	consist
consolations	consolation
consoled	console
consoles	console
consolidates	consolidate
consolidating	consolidate
consolidations	consolidation
consonants	consonant
consortia	consortium
consorts	consort
conspiracies	conspiracy
conspirators	conspirator
conspired	conspire
conspiring	conspire
constables	constable
constants	constant
constellations	constellation
constituencies	constituency
constituents	constituent
constitutes	constitute
constituting	constitute
constitutions	constitution
constrains	constrain
constraints	constraint
constrictors	constrictor
constructed	construct
constructing	construct
constructions	construction
constructors	constructor
constructs	construct
construed	construe
consulates	consulate
consuls	consul
consultancies	consultancy
consultants	consultant
consultations	consultation
consulted	consult
consults	consult
consumables	consumable
consumed	consume
consumers	consumer
consumes	consume
contacted	contact
contacting	contact
contacts	contact
contagions	contagion
containerisation	containerization
containers	container
containing	contain
contains	contain
contaminants	contaminant
contaminates	contaminate
contaminating	contaminate
contemplated	contemplate
contemplates	contemplate
contemplating	contemplate
contemplations	contemplation
contemplatives	contemplative
contemporaries	contemporary
contended	contend
contenders	contender
contending	contend
contends	contend
contentions	contention
contents	content
contestants	contestant
contesting	contest
contests	contest
contexts	context
contextualized	contextualize
continentals	continental
continente	continent
continents	continent
contingencies	contingency
contingents	contingent
continua	continuum
continuations	continuation
continues	continue
continuities	continuity
contorting	contort
contortions	contortion
contoured	contour
contouring	contour
contours	contour
contraceptives	contraceptive
contractions	contraction
contractors	contractor
contracts	contract
contradicted	contradict
contradicting	contradict
contradictions	contradiction
contradicts	contradict
contraflows	contraflow
contrails	contrail
contraindications	contraindication
contraptions	contraption
contrasted	contrast
contrasts	contrast
contravened	contravene
contravenes	contravene
contravening	contravene
contraventions	contravention
contributed	contribute
contributes	contribute
contributions	contribution
contributors	contributor
contrives	contrive
contriving	contrive
controllers	controller
controls	control
controversies	controversy
contusions	contusion
conundrums	conundrum
conurbations	conurbation
convalescing	convalesce
convened	convene
conveners	convener
convenes	convene
conveniences	convenience
conventionalisms	conventionalism
conventions	convention
convents	convent
converged	converge
converges	converge
converging	converge
conversations	conversation
conversed	converse
conversing	converse
conversions	conversion
converters	converter
converting	convert
converts	convert
convexities	convexity
conveyed	convey
conveyors	conveyor
conveys	convey
convicted	convict
convicting	convict
convictions	conviction
convicts	convict
convinces	convince
convoked	convoke
convolutions	convolution
convoys	convoy
convulsed	convulse
convulsions	convulsion
cooing	coo
cookbooks	cookbook
cookers	cooker
cookies	cookie
cooks	cook
cooksen	cook
cookstoves	cookstove
cooled	cool
coolen	cool
coolers	cooler
coolest	cool
cooling down	cool down
cooling off	cool off
cools	cool
coons	coon
cooped	coop
cooperated	cooperate
cooperates	cooperate
cooperating	cooperate
cooperatives	cooperative
coopers	cooper
coops	coop
coopted	coopt
coordinates	coordinate
coordinations	coordination
coordinators	coordinator
coos	coo
coots	coot
copayments	copayment
copays	copay
coped	cope
copes	cope
copied	copy
copiers	copier
copies	copy
copilots	copilot
copolymers	copolymer
copped	cop
coppers	copper
copping	cop
coppinger	cop
cops	cop
copses	copse
copts	copt
copulating	copulate
copycats	copycat
copyists	copyist
copyrights	copyright
copywriting	copywrite
cor	corner
coracles	coracle
corale	coral
coraline	coralline
corals	coral
corbels	corbel
cordials	cordial
cordoned	cordon
cordoning	cordon
cordons	cordon
cords	cord
corduroys	corduroy
cored	core
coren	corner
corers	corer
cores	core
coreys	corey
corgis	corgi
corks	cork
corkscrews	corkscrew
cormorants	cormorant
corms	corm
corn bread	cornbread
cornering	corner
corners	corner
cornerstones	cornerstone
cornets	cornet
cornfields	cornfield
cornflowers	cornflower
cornices	cornice
cornicing	cornice
corniest	corny
cornified	cornify
corning	corn
corollaries	corollary
coronas	corona
coronated	coronate
coronations	coronation
coroners	coroner
coronets	coronet
corpora	corpus
corporals	corporal
corporations	corporation
corporatists	corporatist
corps	corp
corpses	corpse
corralled	corral
correcting	correct
corrections	correction
correctors	corrector
corrects	correct
correlates	correlate
correlating	correlate
correlations	correlation
corresponded	correspond
correspondences	correspondence
correspondents	correspondent
corresponds	correspond
corridors	corridor
corries	corrie
corroborated	corroborate
corroborates	corroborate
corroborating	corroborate
corrugations	corrugation
corrupter	corrupt
corruptions	corruption
corrupts	corrupt
corsets	corset
cortices	cortex
corticosteroids	corticosteroid
corvettes	corvette
corvids	corvid
coshed	cosh
cosied	cozy
cosier	cozy
cosines	cosine
cosiness	coziness
cosmetics	cosmetic
cosmetologists	cosmetologist
cosmologists	cosmologist
cosmonauts	cosmonaut
cosplaying	cosplay
cosseted	cosset
cossets	cosset
costas	costa
costed	cost
costings	costing
costlier	costly
costliest	costly
costs	cost
costumes	costume
costuming	costume
cosy	cozy
cosying	cozy
cotes	cote
cots	cot
cottagers	cottager
cottages	cottage
cottoned	cotton
cottons	cotton
cottonwoods	cottonwood
cotyledons	cotyledon
couched	couch
couches	couch
couching	couch
cougars	cougar
coughed	cough
coughs	cough
could	can
couldn't	cannot
couldn’t	can
could’ve	can have
councillor	councilor
councillors	councilor
councilmen	councilman
councilors	councilor
councils	council
counseled	counsel
counselled	counsel
counselling	counseling
counsellors	counsellor
counselor	counsellor
counselors	counsellor
counsels	counsel
counted	count
countenances	countenance
counteracted	counteract
counteracting	counteract
counteracts	counteract
counterarguments	counterargument
counterattacked	counterattack
counterattacks	counterattack
counterbalancing	counterbalance
counterclaimed	counterclaim
counterclaims	counterclaim
countered	counter
counterfeiters	counterfeiter
counterfeits	counterfeit
countering	counter
countermeasures	countermeasure
counterparties	counterparty
counterparts	counterpart
counterpoints	counterpoint
counterprogramming	counterprogram
counters	counter
countersigned	countersign
countersunk	countersink
countervailing	countervail
counties	county
countries	country
country's	country
countrymen	countryman
countrysides	countryside
counts	count
coupes	coupe
couplers	coupler
couples	couple
couplings	coupling
coupons	coupon
coups	coup
courgettes	courgette
couriered	courier
couriers	courier
coursed	course
courses	course
courseworks	coursework
courted	court
courtesies	courtesy
courthouses	courthouse
courtiers	courtier
courtrooms	courtroom
courts	court
courtyards	courtyard
cousins	cousin
couth	can
covariates	covariate
covenanted	covenant
covenanting	covenant
covenants	covenant
covens	coven
coverages	coverage
covering up	cover up
coverings	covering
covers	cover
coverse	cover
coverts	covert
coves	cove
coveting	covet
covets	covet
coveys	covey
cowards	coward
cowbells	cowbell
cowbirds	cowbird
cowboys	cowboy
cowed	cow
cowered	cower
cowering	cower
cowgirls	cowgirl
cowhands	cowhand
cowing	cow
cowlings	cowling
cowls	cowl
cowmen	cowman
coworkers	coworker
cowriting	cowrite
cows	cow
cowser	cow
cowsheds	cowshed
cowslips	cowslip
coxed	cox
coxes	cox
coxing	cox
coxswains	coxswain
coye	coy
coyotes	coyote
cozens	cozen
cozier	cozy
coziest	cozy
cozying	cozy
cp	camp
cpe	cape
cpus	cpu
crabs	crab
crackdowns	crackdown
cracke	crack
crackled	crackle
crackles	crackle
crackpots	crackpot
cracks	crack
cradled	cradle
cradles	cradle
cradling	cradle
crafted	craft
crafting	craft
crafts	craft
craftsmen	craftsman
crags	crag
craigs	craig
crammed	cram
cramming	cram
crampons	crampon
cramps	cramp
cranberries	cranberry
cranes	crane
craniums	cranium
crankcases	crankcase
cranked	crank
cranking	crank
cranks	crank
crankshafts	crankshaft
crannies	cranny
crapped	crap
craps	crap
crashed	crash
crashes	crash
crater	krater
craters	krater
crates	crate
cravats	cravat
cravens	craven
craves	crave
cravings	craving
crawfords	crawford
crawled	crawl
crawlers	crawler
crawls	crawl
crayoned	crayon
crayons	crayon
crazes	craze
crazier	crazy
crazies	crazy
craziest	crazy
crazing	craze
creaked	creak
creaks	creak
cream puffs	cream puff
creamed	cream
creaming	cream
creams	cream
creased	crease
creases	crease
creasing	crease
created	create
creates	create
creating	create
creationists	creationist
creations	creation
creatives	creative
creators	creator
creatures	creature
credentialed	credential
credentialing	credential
credentials	credential
crediting	credit
creditors	creditor
credits	credit
creeds	creed
creeks	creek
creels	creel
creeped	creep
creepier	creepy
creeps	creep
cremated	cremate
cremates	cremate
cremating	cremate
cremations	cremation
crematoriums	crematorium
creosoting	creosote
crepes	crepe
crept	creep
crescendos	crescendo
crescents	crescent
crests	crest
crevices	crevice
crewing	crew
crewmates	crewmate
crewmen	crewman
crews	crew
cribs	crib
cricked	crick
cricketers	cricketer
cricketing	cricket
crickets	cricket
cried	cry
criers	crier
cries	cry
crimes	crime
criminalise	criminalize
criminalised	criminalize
criminalises	criminalize
criminalising	criminalize
criminalized	criminalize
criminalizes	criminalize
criminals	criminal
criminologists	criminologist
crimped	crimp
crimping	crimp
crimsoned	crimson
cringed	cringe
cringes	cringe
crinkles	crinkle
cripples	cripple
crises	crisis
crisper	crisp
crispest	crisp
crispiest	crispy
crisps	crisp
crisscrossed	crisscross
crisscrossing	crisscross
criteria	criterion
criticise	criticize
criticised	criticize
criticises	criticize
criticising	criticize
criticisms	criticism
criticized	criticize
criticizes	criticize
critics	critic
critiqued	critique
critiques	critique
critiquing	critique
critters	critter
croaked	croak
croaks	croak
croatians	croatian
croats	croat
crocheted	crochet
crocodiles	crocodile
crocuses	crocus
crofters	crofter
crofts	croft
croissants	croissant
cronies	crony
crooks	crook
crooned	croon
crooning	croon
croons	croon
cropping	crop
crops	crop
croquettes	croquette
crores	crore
cross-bred	cross-breed
cross-cutting	cross-cut
cross-examined	cross-examine
cross-examining	cross-examine
cross-hatching	cross-hatch
cross-links	cross-link
cross-referenced	cross-reference
cross-references	cross-reference
cross-referencing	cross-reference
cross-sections	cross-section
crossbars	crossbar
crossbeams	crossbeam
crossbows	crossbow
crosscuts	crosscut
crosse	cross
crosses	cross
crossing over	cross over
crossings	crossing
crossovers	crossover
crossroads	crossroad
crosswinds	crosswind
crosswords	crossword
crouched	crouch
crouches	crouch
crouching	crouch
croupiers	croupier
croutons	crouton
crowbars	crowbar
crowds	crowd
crowdsourced	crowdsource
crowdsourcing	crowdsource
crowed	crow
crowns	crown
crows	crow
cruces	crux
crucians	crucian
crucibles	crucible
crucified	crucify
cruder	crude
crudes	crude
crudest	crude
cruelest	cruel
cruellest	cruel
cruelties	cruelty
cruised	cruise
cruisers	cruiser
cruises	cruise
cruising	cruise
crumbled	crumble
crumbles	crumble
crumbs	crumb
crumpets	crumpet
crunched	crunch
crunches	crunch
crunching	crunch
crusaders	crusader
crusades	crusade
crushers	crusher
crushes	crush
crustaceans	crustacean
crusts	crust
crutches	crutch
cryptanalysts	cryptanalyst
cryptids	cryptid
cryptocurrencies	cryptocurrency
cryptos	crypto
crypts	crypt
crystallise	crystallize
crystallised	crystallize
crystallising	crystallize
crystallites	crystallite
crystallographers	crystallographer
crystals	crystal
cs	c
cse	c
cser	c
ct	court
ct scan	cat scan
ct scans	cat scan
cte	court
ctr	center
ctrs	center
cts	court
cubans	cuban
cubas	cuba
cubase	cuba
cubed	cube
cubes	cube
cubicles	cubicle
cubing	cube
cubists	cubist
cubits	cubit
cubs	cub
cuckooing	cuckoo
cuckoos	cuckoo
cucumbers	cucumber
cuddled	cuddle
cuddles	cuddle
cued	cue
cueing	cue
cues	cue
cuffed	cuff
cuffing	cuff
cufflinks	cuff link
cuffs	cuff
cuisines	cuisine
culled	cull
culling	cull
culls	cull
culminated	culminate
culminates	culminate
culminating	culminate
culprits	culprit
cultists	cultist
cultivars	cultivar
cultivates	cultivate
cultivating	cultivate
cultivations	cultivation
cultivators	cultivator
cults	cult
culturale	cultural
cultures	culture
culturing	culture
culverts	culvert
cumming	cum
cunts	cunt
cupboards	cupboard
cupcakes	cupcake
cuppas	cuppa
cupped	cup
cups	cup
curacies	curacy
curated	curate
curating	curate
curators	curator
curbed	curb
curbs	curb
curdles	curdle
curds	curd
cures	cure
curfews	curfew
curios	curio
curiosities	curiosity
curlers	curler
curls	curl
curmudgeons	curmudgeon
currants	currant
currencies	currency
currents	current
curricula	curriculum
curriculums	curriculum
curried	curry
curries	curry
currying	curry
curses	curse
cursing	curse
cursors	cursor
curtailed	curtail
curtailing	curtail
curtailments	curtailment
curtails	curtail
curtains	curtain
curtsied	curtsy
curves	curve
cushions	cushion
cusps	cusp
cusses	cuss
custards	custard
custodians	custodian
customers	customer
customise	customize
customised	customize
customises	customize
customising	customize
customizations	customization
customized	customize
customizing	customize
customs	custom
cut-offs	cut-off
cutbacks	cutback
cuter	cute
cutest	cute
cuticles	cuticle
cutlets	cutlet
cutoffs	cutoff
cutouts	cutout
cuts	cut
cutscenes	cutscene
cutters	cutter
cutting it	cut it
cutting out	cut out
cuttings	cutting
cv	cove
cvs	cove
cyane	cyan
cyber-bullying	cyberbullying
cyberattacks	cyberattack
cybercafes	cybercafe
cyberpunks	cyberpunk
cyborgs	cyborg
cycled	cycle
cycles	cycle
cycleway	cycle way
cycleways	cycle way
cyclists	cyclist
cyclones	cyclone
cygnets	cygnet
cylinders	cylinder
cymbals	cymbal
cynics	cynic
cyphers	cypher
cypresses	cypress
cypriots	cypriot
cysts	cyst
cytochromes	cytochrome
cytokines	cytokine
cytomegaloviruses	cytomegalovirus
czar	tsar
czars	tsar
czechs	czech
c’s	c
d's	d
dabbed	dab
dabbing	dab
dabbles	dabble
dabbling	dabble
dabs	dab
dachshunds	dachshund
daddies	daddy
dads	dad
daffodils	daffodil
dafter	daft
daggers	dagger
dahlias	dahlia
dailies	daily
daiquiris	daiquiri
dairies	dairy
dairymen	dairyman
daisies	daisy
dakotas	dakota
dales	dale
dalliances	dalliance
dalmatians	dalmatian
damages	damage
dames	dame
dammed	dam
damming	dam
damnedest	damned
damped	damp
dampers	damper
damping	damp
dams	dam
damselflies	damselfly
damsels	damsel
danced	dance
dancers	dancer
dances	dance
dancings	dancing
dandelions	dandelion
dandies	dandy
dandled	dandle
danes	dane
dangers	danger
dangled	dangle
daniels	daniel
danke	dank
dans	dan
danse	dan
dansen	dan
danseuses	danseuse
dantes	dante
dared	dare
daredevils	daredevil
dares	dare
darke	dark
darkens	darken
darker	dark
darker-skinned	dark-skinned
darkes	dark
darkest	dark
darkrooms	darkroom
darlings	darling
darned	darn
darted	dart
darters	darter
darting	dart
darts	dart
das	da
dashboards	dashboard
dashes	dash
data center	datacenter
data centers	datacenter
data centre	datacenter
databanks	databank
databases	database
datacenters	datacenter
datamining	datamine
datasets	dataset
datatypes	datatype
dates	date
datum	data
daubed	daub
daughters	daughter
daughters-in-law	daughter-in-law
davenports	davenport
daves	dave
davids	david
dawned	dawn
dawns	dawn
daycares	daycare
daydreams	daydream
daylights	daylight
days	day
daytimes	daytime
dazzles	dazzle
dds	dd
de-energizing	de-energize
de-ices	de-ice
de-inked	deink
de-risking	de-risk
deacons	deacon
deactivated	deactivate
deactivates	deactivate
deactivating	deactivate
deadbeats	deadbeat
deader	dead
deadheads	deadhead
deadlier	deadly
deadliest	deadly
deadlines	deadline
deadlocks	deadlock
deadnaming	deadname
dealers	dealer
dealerships	dealership
dealings	dealing
deals	deal
dealt	deal
deaneries	deanery
deans	dean
dearer	dear
dears	dear
deathbeds	deathbed
deaths	death
debacles	debacle
debarring	debar
debated	debate
debaters	debater
debates	debate
debating	debate
debentures	debenture
debited	debit
debiting	debit
debits	debit
deboned	debone
deboning	debone
debriefed	debrief
debriefs	debrief
debs	deb
debtors	debtor
debts	debt
debugged	debug
debuggers	debugger
debunked	debunk
debunking	debunk
debunks	debunk
deburring	deburr
debutantes	debutante
debuted	debut
debuting	debut
debuts	debut
decades	decade
decals	decal
decamped	decamp
decanted	decant
decanters	decanter
decapitates	decapitate
decapitating	decapitate
decapitations	decapitation
decarbonisation	decarbonization
decarbonise	decarbonize
decarbonising	decarbonize
decaying	decay
decays	decay
deceases	decease
decedents	decedent
deceived	deceive
deceivers	deceiver
deceives	deceive
deceiving	deceive
decelerated	decelerate
decelerates	decelerate
decelerating	decelerate
decenter	decent
decentralisation	decentralization
decentralise	decentralize
decentralised	decentralized	decentralize
deceptions	deception
decibels	decibel
decides	decide
decimals	decimal
decimated	decimate
decimates	decimate
decimating	decimate
deciphers	decipher
decisions	decision
deckchairs	deckchair
decked	deck
decked out	deck out
decking	deck
decks	deck
declamations	declamation
declarations	declaration
declarers	declarer
declares	declare
declaring	declare
declined	decline
declines	decline
declining	decline
decoded	decode
decoders	decoder
decodes	decode
decolonizing	decolonize
decommissioned	decommission
decommissioning	decommission
decomposed	decompose
decomposing	decompose
decompositions	decomposition
deconstructed	deconstruct
deconstructing	deconstruct
decontaminated	decontaminate
decontaminates	decontaminate
decorates	decorate
decorating	decorate
decorations	decoration
decorators	decorator
decors	decor
decoupled	decouple
decoupling	decouple
decoys	decoy
decreases	decrease
decreeing	decree
decrees	decree
decried	decry
decries	decry
decriminalised	decriminalize
decriminalized	decriminalize
decrying	decry
dedicates	dedicate
dedicating	dedicate
dedications	dedication
deduced	deduce
deduces	deduce
deducted	deduct
deductibles	deductible
deducting	deduct
deductions	deduction
deeds	deed
deemed	deem
deeming	deem
deems	deem
deep-frozen	deep-freeze
deepened	deepen
deepens	deepen
deeper	deep
deepest	deep
deepfakes	deepfake
deeps	deep
deescalation	de-escalation
defaced	deface
defacements	defacement
defacing	deface
defamed	defame
defaming	defame
defanged	defang
defaulted	default
defaulters	defaulter
defaulting	default
defaults	default
defeating	defeat
defeats	defeat
defecated	defecate
defecating	defecate
defected	defect
defections	defection
defectors	defector
defects	defect
defence	defense
defences	defense
defendants	defendant
defended	defend
defenders	defender
defends	defend
defenses	defense
deferments	deferment
deferrals	deferral
deferred	defer
deferring	defer
defers	defer
defibrillators	defibrillator
deficiencies	deficiency
deficits	deficit
defied	defy
defies	defy
defilements	defilement
defiles	defile
defines	define
definitions	definition
deflating	deflate
deflected	deflect
deflecting	deflect
deflections	deflection
deflectors	deflector
deflects	deflect
deforested	deforest
deformations	deformation
deformities	deformity
deforms	deform
defrauded	defraud
defrauding	defraud
defraying	defray
defrosted	defrost
defrosting	defrost
defused	defuse
defusing	defuse
defying	defy
degenerated	degenerate
degenerates	degenerate
degenerating	degenerate
degrades	degrade
degreasing	degrease
degrees	degree
degus	degu
dehiscences	dehiscence
dehumanizing	dehumanize
dehydrates	dehydrate
deified	deify
deigned	deign
deigns	deign
deities	deity
delaying	delay
delays	delay
delegated	delegate
delegates	delegate
delegating	delegate
delegations	delegation
delegitimizing	delegitimize
deleted	delete
deletes	delete
deletions	deletion
deliberated	deliberate
deliberating	deliberate
deliberations	deliberation
delicacies	delicacy
delicatessens	delicatessen
delighting	delight
delights	delight
delineates	delineate
delineating	delineate
delinquencies	delinquency
delinquents	delinquent
delis	deli
delisted	delist
delistings	delisting
deliverables	deliverable
delivered	deliver
deliveries	delivery
delivering	deliver
delivers	deliver
dells	dell
delocalized	delocalize
delousing	delouse
delphiniums	delphinium
deltas	delta
deluded	delude
deluding	delude
deluged	deluge
deluges	deluge
delusions	delusion
delved	delve
delves	delve
delving	delve
demanded	demand
demands	demand
demarcated	demarcate
demeans	demean
dementias	dementia
demerits	demerit
demigods	demigod
demilitarised	demilitarize
demilitarized	demilitarize
demilitarizing	demilitarize
demised	demise
demises	demise
demobbed	demob
demobilised	demobilize
demobilising	demobilize
demobilized	demobilize
democracies	democracy
democratisation	democratization
democratised	democratise
democratising	democratise
democratize	democratise
democratized	democratise
democratizes	democratise
democratizing	democratise
democrats	democrat
demodulators	demodulator
demoed	demo
demographers	demographer
demographics	demographic
demoing	demo
demolishes	demolish
demolitions	demolition
demonisation	demonization
demonise	demonize
demonised	demonize
demonized	demonize
demonizing	demonize
demons	demon
demonstrates	demonstrate
demonstrating	demonstrate
demonstrations	demonstration
demonstratives	demonstrative
demonstrators	demonstrator
demoralisation	demoralization
demoralised	demoralize
demoralising	demoralize
demos	demo
demoted	demote
demoting	demote
demurred	demur
demurs	demur
demystified	demystify
dendrimers	dendrimer
dendrites	dendrite
denials	denial
denied	deny
deniers	denier
denies	deny
denigrated	denigrate
denigrates	denigrate
denims	denim
denitrifying	denitrify
denizens	denizen
dennings	denning
denominated	denominate
denominations	denomination
denoted	denote
denotes	denote
denoting	denote
denounced	denounce
denounces	denounce
denouncing	denounce
dens	den
denser	dense
densest	dense
densities	density
denting	dent
dentists	dentist
dents	dent
dentures	denture
denunciations	denunciation
denverites	denverite
denying	deny
deodorants	deodorant
departing	depart
departments	department
departs	depart
departures	departure
dependants	dependant
depended	depend
dependencies	dependency
dependents	dependent
depending	depend
depends	depend
depersonalizing	depersonalize
depicting	depict
depictions	depiction
depicts	depict
depletes	deplete
depleting	deplete
deplored	deplore
deplores	deplore
deployed	deploy
deploying	deploy
deployments	deployment
deploys	deploy
depolarizing	depolarize
deportations	deportation
deported	deport
deportees	deportee
deporting	deport
deports	deport
deposed	depose
deposing	depose
deposited	deposit
depositing	deposit
depositions	deposition
depositors	depositor
deposits	deposit
depots	depot
depraves	deprave
depreciated	depreciate
depredations	depredation
depressants	depressant
depresses	depress
depressions	depression
depressurized	depressurize
deprives	deprive
depriving	deprive
depths	depth
deputations	deputation
deputed	depute
deputies	deputy
deputise	deputize
deputised	deputize
deputises	deputize
deputising	deputize
derailed	derail
derailleurs	derailleur
derailments	derailment
derails	derail
derbies	derby
deregulated	deregulate
derided	deride
derides	deride
deriding	deride
derisked	de-risk
derivations	derivation
derivatives	derivative
derives	derive
deriving	derive
dermatologists	dermatologist
dermatoses	dermatosis
derogations	derogation
derricks	derrick
dervishes	dervish
desaturated	desaturate
descaled	descale
descaling	descale
descendants	descendant
descenders	descender
descends	descend
descents	descent
describes	describe
describing	describe
descriptions	description
descriptors	descriptor
desecrating	desecrate
desegregated	desegregate
desensitised	desensitize
desensitising	desensitize
desensitized	desensitize
deserting	desert
deserts	desert
deserves	deserve
designated	designate
designates	designate
designating	designate
designations	designation
designers	designer
designs	design
desirabilities	desirability
desires	desire
desiring	desire
desks	desk
desktops	desktop
desmids	desmid
despaired	despair
despatch	dispatch
despatched	dispatch
despatcher	dispatch
despatches	dispatch
despatching	dispatch
despises	despise
despites	despite
despots	despot
desserts	dessert
destabilise	destabilize
destabilised	destabilize
destabilising	destabilize
destabilized	destabilize
destabilizes	destabilize
destabilizing	destabilize
destinations	destination
destroyers	destroyer
destroying	destroy
destroys	destroy
destructions	destruction
destructs	destruct
detaches	detach
detaching	detach
detachments	detachment
details	detail
detained	detain
detainees	detainee
detaining	detain
detecting	detect
detections	detection
detectives	detective
detectors	detector
detects	detect
detentions	detention
detergents	detergent
deteriorates	deteriorate
deteriorating	deteriorate
determinants	determinant
determinations	determination
determiners	determiner
determines	determine
determinists	determinist
deterred	deter
deterrents	deterrent
deterring	deter
deters	deter
detests	detest
dethroned	dethrone
dethroning	dethrone
detonated	detonate
detonates	detonate
detonating	detonate
detonations	detonation
detonators	detonator
detoured	detour
detouring	detour
detours	detour
detoxifying	detoxify
detoxing	detox
detracted	detract
detracting	detract
detractors	detractor
detracts	detract
deuces	deuce
devaluing	devalue
devastated	devastate
devastates	devastate
developers	developer
developments	development
develops	develop
deviants	deviant
deviates	deviate
deviating	deviate
deviations	deviation
devices	device
devils	devil
devised	devise
devises	devise
devolved	devolve
devolves	devolve
devolving	devolve
devons	devon
devotees	devotee
devotes	devote
devoting	devote
devotionals	devotional
devotions	devotion
devoured	devour
devours	devour
devs	dev
dewatered	dewater
dewatering	dewater
dewiest	dewy
deworming	deworm
dews	dew
dewse	dew
diabetics	diabetic
diabetologists	diabetologist
diagnosed	diagnose
diagnoses	diagnosis	diagnose
diagnosing	diagnose
diagnostics	diagnostic
diagonals	diagonal
diagrammed	diagram
diagramming	diagram
diagrams	diagram
dialects	dialect
dialed	dial
dialing	dial
dialled	dial
dialling	dial
dialogs	dialog
dialogue	dialog
dialogues	dialog
dialoguing	dialog
dials	dial
diameters	diameter
diamondbacks	diamondback
diamonds	diamond
diapers	diaper
diaphragms	diaphragm
diaries	diary
diarrhoea	diarrhea
diarrhoeal	diarrheal
diasporas	diaspora
diatoms	diatom
diatribes	diatribe
dice	die
diced	die
dices	die
dichotomies	dichotomy
dicing	die
dickheads	dickhead
dicking	dick
dicks	dick
dicta	dictum
dictates	dictate
dictators	dictator
dictatorships	dictatorship
dictionaries	dictionary
did	do
didn’t	do
didst	do
died	die
dielectrics	dielectric
dies	die
diesels	diesel
dieted	diet
dieters	dieter
dietitians	dietitian
diets	diet
differed	differ
differences	difference
differential equations	differential equation
differentials	differential
differentiates	differentiate
differentiating	differentiate
differing	differ
differs	differ
difficulties	difficulty
diffusers	diffuser
diffuses	diffuse
diffusions	diffusion
digested	digest
digesting	digest
digestives	digestive
digests	digest
diggers	digger
diggings	digging
digitale	digital
digitales	digital
digitalised	digitalise
digitalization	digitalisation
digitisation	digitization
digitise	digitize
digitised	digitize
digitising	digitize
digitized	digitize
digitizing	digitize
digits	digit
dignitaries	dignitary
digraphs	digraph
digressed	digress
digresses	digress
digressions	digression
digs	dig
dike	dyke
dikes	dyke
diking	dyke
dilapidations	dilapidation
dilating	dilate
dildos	dildo
dilemmas	dilemma
diluents	diluent
diluting	dilute
dilutions	dilution
dimed	dime
dimensioned	dimension
dimensions	dimension
dimers	dimer
dimes	dime
diminishes	diminish
dimmers	dimmer
dimmest	dim
dimming	dim
dimpled	dimple
dims	dim
dined	dine
diners	diner
dines	dine
dingbats	dingbat
dinged	ding
dinghies	dinghy
dingos	dingo
dings	ding
dinned	din
dinners	dinner
dinnertimes	dinnertime
dinning	din
dinosaurs	dinosaur
dioceses	diocese
diodes	diode
dioramas	diorama
dioxins	dioxin
diphthongs	diphthong
diplomas	diploma
diplomats	diplomat
dipoles	dipole
dippers	dipper
dipping	dip
dips	dip
dipsticks	dipstick
directions	direction
directives	directive
directorates	directorate
directories	directory
directors	director
directs	direct
direst	dire
dirhams	dirham
dirks	dirk
dirksen	dirk
dirtier	dirty
dirtiest	dirty
disabilities	disability
disables	disable
disadvantages	disadvantage
disagreeing	disagree
disagreements	disagreement
disagrees	disagree
disallowed	disallow
disallowing	disallow
disappearances	disappearance
disappeared	disappear
disappears	disappear
disappointments	disappointment
disappoints	disappoint
disapproved	disapprove
disapproves	disapprove
disarmed	disarm
disassembling	disassemble
disassociated	disassociate
disasters	disaster
disavowed	disavow
disavowing	disavow
disavows	disavow
disbanded	disband
disbanding	disband
disbarred	disbar
disbursed	disburse
disbursements	disbursement
disbursing	disburse
disc	disk
discarding	discard
discerned	discern
discerns	discern
discharges	discharge
disciples	disciple
disciplines	discipline
disciplining	discipline
disclaimed	disclaim
disclaimers	disclaimer
disclaiming	disclaim
disclaims	disclaim
discloses	disclose
disclosing	disclose
disclosures	disclosure
discographies	discography
discoloured	discolored
disconnecting	disconnect
disconnections	disconnection
disconnects	disconnect
discontinuing	discontinue
discontinuities	discontinuity
discords	discord
discos	disco
discotheques	discotheque
discounted	discount
discountenanced	discountenance
discounting	discount
discounts	discount
discouragements	discouragement
discourages	discourage
discourses	discourse
discoursing	discourse
discoverers	discoverer
discoveries	discovery
discovering	discover
discovers	discover
discredits	discredit
discrepancies	discrepancy
discriminated	discriminate
discriminates	discriminate
discriminators	discriminator
discs	disk
discussed	discuss
discusses	discuss
discussing	discuss
discussions	discussion
disdained	disdain
disdains	disdain
diseases	disease
disembarked	disembark
disembarking	disembark
disembarks	disembark
disembowels	disembowel
disempowering	disempower
disenfranchising	disenfranchise
disengaging	disengage
disestablished	disestablish
disfavored	disfavor
disfigurements	disfigurement
disgorged	disgorge
disgorging	disgorge
disguises	disguise
disguising	disguise
dishcloths	dishcloth
dishes	dish
dishing	dish
dishwashers	dishwasher
disincentives	disincentive
disinfectants	disinfectant
disinfected	disinfect
disinfecting	disinfect
disinfects	disinfect
disintegrated	disintegrate
disintegrates	disintegrate
disintegrating	disintegrate
disinterred	disinter
disinvesting	disinvest
disinvestments	disinvestment
disinvited	disinvite
diskettes	diskette
disks	disk
dislikes	dislike
disliking	dislike
dislocations	dislocation
dislodged	dislodge
dislodges	dislodge
dislodging	dislodge
dismembered	dismember
dismembering	dismember
dismissals	dismissal
dismisses	dismiss
dismissing	dismiss
dismounted	dismount
dismounting	dismount
dismounts	dismount
disneys	disney
disobeyed	disobey
disobeying	disobey
disorders	disorder
disorganisation	disorganization
disorganised	disorganize
disorientated	disorientate
disorientating	disorientate
disowned	disown
disowns	disown
disparaged	disparage
disparages	disparage
disparities	disparity
dispatched	dispatch
dispatchers	dispatcher
dispatches	dispatch
dispatching	dispatch
dispelled	dispel
dispelling	dispel
dispels	dispel
dispensaries	dispensary
dispensations	dispensation
dispensers	dispenser
dispenses	dispense
dispensing	dispense
disperses	disperse
dispersing	disperse
dispersions	dispersion
displaced	displace
displacements	displacement
displaces	displace
displacing	displace
displayed	display
displaying	display
displays	display
disported	disport
disposables	disposable
disposals	disposal
disposes	dispose
disposing	dispose
dispositions	disposition
dispossessing	dispossess
disproved	disprove
disproves	disprove
disproving	disprove
disputants	disputant
disputations	disputation
disputes	dispute
disputing	dispute
disqualifications	disqualification
disqualifies	disqualify
disregards	disregard
disrespected	disrespect
disrespecting	disrespect
disrespects	disrespect
disrobing	disrobe
disrupting	disrupt
disruptions	disruption
disruptors	disruptor
disrupts	disrupt
dissecting	dissect
dissects	dissect
dissed	dis
dissembled	dissemble
disseminated	disseminate
disseminates	disseminate
disseminating	disseminate
dissented	dissent
dissenters	dissenter
dissents	dissent
dissertations	dissertation
disses	dis
dissidents	dissident
dissimilarities	dissimilarity
dissing	dis
dissipates	dissipate
dissipating	dissipate
dissociated	dissociate
dissociates	dissociate
dissociations	dissociation
dissolutions	dissolution
dissolves	dissolve
dissuaded	dissuade
dissuades	dissuade
dissuading	dissuade
dist.	district
distanced	distance
distances	distance
distante	distant
distill	distil
distillates	distillate
distilleries	distillery
distillers	distiller
distilling	distil
distills	distil
distinctions	distinction
distinguishes	distinguish
distinguishing	distinguish
distorting	distort
distortions	distortion
distorts	distort
distractions	distraction
distractors	distractor
distracts	distract
distributes	distribute
distributing	distribute
distributions	distribution
distributors	distributor
districts	district
distrusted	distrust
disturbances	disturbance
disturbs	disturb
ditched	ditch
ditches	ditch
ditching	ditch
dithered	dither
dithers	dither
dittos	ditto
diuretics	diuretic
divas	diva
dive	diva
dived	diva
diverged	diverge
diverges	diverge
diversifies	diversify
diversifying	diversify
diversions	diversion
diverters	diverter
diverts	divert
dives	diva
divested	divest
divesting	divest
divestitures	divestiture
dividends	dividend
dividers	divider
divides	divide
divined	divine
diviners	diviner
divinities	divinity
divisions	division
divorcees	divorcee
divorces	divorce
divorcing	divorce
divots	divot
divulged	divulge
divulges	divulge
divulging	divulge
dixons	dixon
diyer	diy
dizzied	dizzy
djakarta	jakarta
djed	dj
djiboutians	djiboutian
djing	dj
djs	dj
dl	dale
dle	dale
dm	dam
dm'd	dam
dms	dam
docents	docent
docked	dock
dockers	docker
dockets	docket
docks	dock
dockworkers	dockworker
dockyards	dockyard
docs	doc
doctorates	doctorate
doctored	doctor
doctoring	doctor
doctors	doctor
doctrines	doctrine
documentaries	documentary
documenting	document
documents	document
dodged	dodge
dodgers	dodger
dodges	dodge
doers	doer
does	do	doe
doesn’t	do
dog-sledding	dog-sled
doges	doge
dogfights	dogfight
dogger	dog
doggies	doggy
doghouses	doghouse
doglegs	dogleg
dogmas	dogma
dogs	dog
dogwoods	dogwood
doing business	do business
doings	doing
doled	dole
doling	dole
doling out	dole out
dollars	dollar
dolled	doll
dollies	dolly
dolls	doll
dolomites	dolomite
dolphins	dolphin
dolts	dolt
domains	domain
domes	dome
domestics	domestic
domiciled	domicile
dominante	dominant
dominates	dominate
dominations	domination
dominions	dominion
dominoes	domino
doms	dom
donalds	donald
donated	donate
donates	donate
donating	donate
donations	donation
done in	do in
donkeys	donkey
donned	don
donning	don
donors	donor
dons	don
donut	doughnut
donuts	doughnut
don’t	do
doodads	doodad
doodles	doodle
doodling	doodle
dooms	doom
doorbells	doorbell
doorknockers	doorknocker
doormats	doormat
doors	door
doorsteps	doorstep
doorways	doorway
dopes	dope
doppelgangers	doppelganger
dorking	dork
dormers	dormer
dormitories	dormitory
dorms	dorm
dos	do
dosages	dosage
dosas	dosa
dosen	do
doses	dose
dosimeters	dosimeter
dossiers	dossier
dotards	dotard
doted	dote
doth	do
dots	dot
dotting	dot
double-crossed	double-cross
doubles	double
doubloons	doubloon
doubted	doubt
doubters	doubter
doubts	doubt
doughboys	doughboy
doughnuts	doughnut
doughs	dough
doused	douse
douses	douse
dovecotes	dovecote
doves	dove
dovetailed	dovetail
dovetailing	dovetail
dovetails	dovetail
dowels	dowel
dowers	dower
downdrafts	downdraft
downe	down
downed	down
downers	downer
downes	down
downgraded	downgrade
downgrading	downgrade
downhills	downhill
downlinks	downlink
downloaded	download
downloads	download
downplayed	downplay
downplaying	downplay
downplays	downplay
downpours	downpour
downs	down
downsides	downside
downsized	downsize
downtowns	downtown
downturns	downturn
downwinder	downwind
dowries	dowry
dowsers	dowser
dozed	doze
dozens	dozen
dozers	dozer
dozes	doze
dozier	dozy
dozing	doze
dr	drive
drachmas	drachma
drafted	draft
draftees	draftee
drafts	draft
dragged	drag
dragonflies	dragonfly
dragons	dragon
dragoons	dragoon
drags	drag
drainages	drainage
drainers	drainer
drains	drain
drakes	drake
dramas	drama
dramatizations	dramatization
dramatized	dramatize
dramatizes	dramatize
drams	dram
drank	drink
draperies	drapery
drapers	draper
drapes	drape
draping	drape
draughts	draught
drawbacks	drawback
drawbridges	drawbridge
drawdowns	drawdown
drawers	drawer
drawings	drawing
drawknives	draw-knife
drawled	drawl
draws	draw
dre	drive
dreading	dread
dreadnoughts	dreadnought
dreads	dread
dreamers	dreamer
dreams	dream
dreamt	dream
dreariest	dreary
dredged	dredge
dredges	dredge
dredgings	dredging
dregs	dreg
drem	drive
drenches	drench
dressed up	dress up
dressen	dress
dressers	dresser
dresses	dress
dressier	dressy
dressing down	dress down
dressings	dressing
dressmakers	dressmaker
drew	draw
drewe	draw
dreys	drey
dribbled	dribble
dribbles	dribble
dried up	dry up
driers	drier
dries	dry
driest	dry
drifted	drift
drifters	drifter
drifts	drift
drills	drill
drinkers	drinker
drinks	drink
dripped	drip
drippings	dripping
drips	drip
drivers	driver
drives	drive
driveways	driveway
driving licence	driving license
drizzled	drizzle
drogues	drogue
droned	drone
drones	drone
drooled	drool
drools	drool
drooped	droop
droplets	droplet
dropouts	dropout
dropped	drop
dropping out	drop out
droppings	dropping
drops	drop
droughts	drought
drovers	drover
droves	drove
drowning	drown
drowns	drown
drowsed	drowse
drs	drive
drudges	drudge
drugs	drug
drugstores	drugstore
druids	druid
drumbeats	drumbeat
drummed	drum
drummers	drummer
drums	drum
drumsticks	drumstick
drunkards	drunkard
drunks	drunk
dryers	dryer
drying up	dry up
drys	dry
ds	d
dse	d
dubbed	dub
dublin's	dublin
dubliners	dubliner
dubs	dub
ducats	ducat
duchies	duchy
ducked	duck
ducklings	duckling
ducks	duck
ducts	duct
dudes	dude
duelists	duelist
duels	duel
dues	due
duets	duet
duffle	duffel
dugongs	dugong
dugouts	dugout
dugs	dug
dukes	duke
dullards	dullard
duller	dull
dulles	dull
dullest	dull
dulls	dull
dumbbells	dumbbell
dumbed	dumb
dumber	dumb
dumbest	dumb
dumbing	dumb
dummies	dummy
dumped	dump
dumpers	dumper
dumplings	dumpling
dumps	dump
dumpsters	dumpster
duncans	duncan
dunes	dune
dungeons	dungeon
dunging	dung
dungs	dung
dunked	dunk
dunking	dunk
dunks	dunk
dunning	dun
duns	dun
duos	duo
duped	dupe
dupes	dupe
duping	dupe
duplicated	duplicate
duplicates	duplicate
duplicating	duplicate
duplications	duplication
duplicators	duplicator
dura	durra
durables	durable
duras	durra
durations	duration
dustbins	dustbin
dusted	dust
dusters	duster
dustmen	dustman
dusts	dust
duststorms	duststorm
duties	duty
duvets	duvet
dv	divide
dvds	dvd
dwarfed	dwarf
dwarfing	dwarf
dwarfs	dwarf
dwarves	dwarf
dwellers	dweller
dwellings	dwelling
dwells	dwell
dwelt	dwell
dwindled	dwindle
dyers	dyer
dyes	dye
dyestuffs	dyestuff
dying down	die down
dykes	dyke
dylans	dylan
dynamics	dynamic
dynamites	dynamite
dynamiting	dynamite
dynamos	dynamo
dynasties	dynasty
dysfunctions	dysfunction
dysregulated	dysregulate
dystrophies	dystrophy
e-bikes	e-bike
e-mail	email
e-mails	email
eagles	eagle
eagling	eagle
earbuds	earbud
eardrums	eardrum
earldoms	earldom
earlier	early
earliest	early
earls	earl
earmarked	earmark
earmarking	earmark
earmarks	earmark
earners	earner
earnings	earning
earns	earn
earphones	earphone
earplugs	earplug
earrings	earring
ears	ear
earth's	earth
earthed	earth
earthier	earthy
earthlings	earthling
earthquakes	earthquake
earths	earth
earthworks	earthwork
earthworms	earthworm
earwigs	earwig
easels	easel
easements	easement
eases	ease
easier	easy
easiest	easy
easterlies	easterly
easternmost	eastern
eastes	east
easts	east
eastwards	eastward
easyer	easy
eatables	eatable
eaten	eat
eateries	eatery
eaters	eater
eating out	eat out
eats	eat
eaves	eave
ebbed	ebb
ebbs	ebb
eccentricities	eccentricity
eccentrics	eccentric
echelons	echelon
echocardiograms	echocardiogram
echoed	echo
echoes	echo
echos	echo
echte	echt
eclairs	eclair
eclipsed	eclipse
eclipses	eclipse
eclipsing	eclipse
ecologists	ecologist
economies	economy
economists	economist
ecosystems	ecosystem
ecstasies	ecstasy
eddies	eddie	eddy
edema	oedema
edgars	edgar
edges	edge
edgier	edgy
edgings	edging
edibles	edible
edicts	edict
editions	edition
editorialized	editorialize
editorials	editorial
editors	editor
edits	edit
edmonds	edmond
edmontonians	edmontonian
edmunds	edmund
eds	ed
educates	educate
educationalists	educationalist
educations	education
educators	educator
edwards	edward
eels	eel
eeriest	eerie
effaced	efface
effaces	efface
effecting	effect
effectors	effector
effects	effect
efficacies	efficacy
efficiencies	efficiency
effigies	effigy
efforts	effort
egds	egd
egged	egg
eggheads	egghead
egging	egg
eggplants	eggplant
eggs	egg
eggshells	eggshell
egoists	egoist
egos	ego
egrets	egret
egyptians	egyptian
egyptologists	egyptologist
eigenvalues	eigenvalue
eighths	eighth
eighties	eighty
eights	eight
eir	e	ey
eire	e
ejaculated	ejaculate
ejaculations	ejaculation
ejected	eject
ejecting	eject
ejections	ejection
ejectors	ejector
eked	eke
eking	eke
elaborates	elaborate
elaborating	elaborate
elaborations	elaboration
elapses	elapse
elasticities	elasticity
elastics	elastic
elastomers	elastomer
elbowed	elbow
elbows	elbow
elder	old
elderberries	elderberry
elders	old
electing	elect
elections	election
electives	elective
electorates	electorate
electors	elector
electricians	electrician
electrics	electric
electrified	electrify
electrocuted	electrocute
electrodes	electrode
electrolytes	electrolyte
electrons	electron
electroplated	electroplate
electroplating	electroplate
elects	elect
elements	element
elephantiases	elephantiasis
elephants	elephant
elevates	elevate
elevating	elevate
elevations	elevation
elevators	elevator
elevens	eleven
eliciting	elicit
elicits	elicit
elided	elide
elides	elide
eliminated	eliminate
eliminates	eliminate
eliminating	eliminate
eliminations	elimination
eliminators	eliminator
elis	eli
elise	eli
elisions	elision
elites	elite
elitists	elitist
elixirs	elixir
elks	elk
ells	ell
elms	elm
eloped	elope
elucidated	elucidate
elucidating	elucidate
eluded	elude
eludes	elude
eluding	elude
elutes	elute
eluting	elute
elves	elf
em	e	ey
emailed	email
emailing	email
emails	email
emanated	emanate
emanates	emanate
emanating	emanate
emanations	emanation
emancipations	emancipation
emasculating	emasculate
embalmed	embalm
embalmers	embalmer
embalming	embalm
embanked	embank
embankments	embankment
embargoed	embargo
embargos	embargo
embarked	embark
embarking	embark
embarks	embark
embarrasses	embarrass
embarrassments	embarrassment
embassies	embassy
embayments	embayment
embeds	embed
embellished	embellish
embellishes	embellish
embellishing	embellish
embellishments	embellishment
embers	ember
embezzlers	embezzler
embezzling	embezzle
embittered	embitter
emblazed	emblaze
emblazoned	emblazon
emblazoning	emblazon
emblems	emblem
embodies	embody
embodiments	embodiment
embodying	embody
emboldening	embolden
emboldens	embolden
emboli	embolus
embossing	emboss
embraced	embrace
embraces	embrace
embroideries	embroidery
embroidering	embroider
embryologists	embryologist
embryos	embryo
emceed	emcee
emceeing	emcee
emcees	emcee
eme	e
emem	e
emer	e
emeralds	emerald
emerged	emerge
emergences	emergence
emergencies	emergency
emerges	emerge
emeriti	emeritus
emigrants	emigrant
emigrated	emigrate
emigrations	emigration
emigres	emigre
emirates	emirate
emirs	emir
emissaries	emissary
emissions	emission
emits	emit
emitted	emit
emitters	emitter
emitting	emit
emmas	emma
emmys	emmy
emojis	emoji
emollients	emollient
emoluments	emolument
emoted	emote
emotes	emote
emoticons	emoticon
emotions	emotion
empanadas	empanada
empathizing	empathize
emperors	emperor
emphases	emphasis
emphasise	emphasize
emphasised	emphasized	emphasize
emphasises	emphasize
emphasising	emphasize
emphasizes	emphasize
empires	empire
emplaced	emplace
emplacements	emplacement
employees	employee
employers	employer
employing	employ
employments	employment
employs	employ
empowering	empower
empowers	empower
emptied	empty
empties	empty
ems	e
emself	e	ey
emulated	emulate
emulates	emulate
emulating	emulate
emulations	emulation
emulators	emulator
emulsifiers	emulsifier
emulsifying	emulsify
emulsions	emulsion
emus	emu
enablers	enabler
enables	enable
enacted	enact
enacting	enact
enactments	enactment
enacts	enact
enameled	enamel
enamels	enamel
enamoured	enamored
enantiomers	enantiomer
encamped	encamp
encampments	encampment
encapsulated	encapsulate
encapsulates	encapsulate
encapsulating	encapsulate
encapsulations	encapsulation
encasing	encase
enchantments	enchantment
enchants	enchant
enchiladas	enchilada
encircles	encircle
enclaves	enclave
encloses	enclose
enclosures	enclosure
encoded	encode
encodes	encode
encodings	encoding
encomiums	encomium
encompassed	encompass
encompasses	encompass
encores	encore
encountered	encounter
encountering	encounter
encounters	encounter
encouragements	encouragement
encourages	encourage
encroached	encroach
encroaches	encroach
encroachments	encroachment
encrustations	encrustation
encrusting	encrust
encrypted	encrypt
encrypting	encrypt
encrypts	encrypt
encumbers	encumber
encyclicals	encyclical
encyclopaedias	encyclopaedia
encyclopaedic	encyclopedic
encyclopedia	encyclopaedia
encyclopedias	encyclopaedia
endangering	endanger
endangers	endanger
endeared	endear
endeavored	endeavor
endeavoring	endeavor
endeavors	endeavor
endeavour	endeavor
endeavoured	endeavor
endeavouring	endeavor
endeavours	endeavor
endemics	endemic
enden	end
ender	end
endgames	endgame
endings	ending
endocrinologists	endocrinologist
endonucleases	endonuclease
endorphins	endorphin
endorsed	endorse
endorsements	endorsement
endorsers	endorser
endorses	endorse
endorsing	endorse
endowing	endow
endowments	endowment
endpoints	endpoint
ends	end
endued	endue
endured	endure
endures	endure
enemas	enema
enemies	enemy
energies	energy
energise	energize
energised	energize
energiser	energizer
energising	energize
energized	energize
energizers	energizer
energizes	energize
enfeebled	enfeeble
enforcers	enforcer
enforces	enforce
enforcing	enforce
engagements	engagement
engages	engage
engendered	engender
engendering	engender
engenders	engender
engineered	engineer
engineers	engineer
engines	engine
englands	england
englishmen	englishman
engravers	engraver
engraves	engrave
engravings	engraving
engrosses	engross
engulfed	engulf
engulfing	engulf
engulfs	engulf
enhancements	enhancement
enhancers	enhancer
enhances	enhance
enjoined	enjoin
enjoining	enjoin
enjoyed	enjoy
enjoying	enjoy
enjoys	enjoy
enlargements	enlargement
enlargers	enlarger
enlarges	enlarge
enlarging	enlarge
enlightens	enlighten
enlisted	enlist
enlists	enlist
enlivens	enliven
enmeshed	enmesh
ennobled	ennoble
ennobles	ennoble
enquired	enquire
enquirers	enquirer
enquires	enquire
enquiries	inquiry
enquiring	enquire
enquiry	inquiry
enraging	enrage
enriched	enrich
enriches	enrich
enriching	enrich
enrichments	enrichment
enrol	enroll
enrolled	enroll
enrollees	enrollee
enrolling	enroll
enrollment	enrolment
enrollments	enrolment
enrolls	enroll
enrolments	enrolment
enrols	enroll
ens	en
ensconced	ensconce
ensembles	ensemble
enshrined	enshrine
enshrines	enshrine
enshrining	enshrine
enshrouding	enshroud
enslaved	enslave
ensnared	ensnare
ensnares	ensnare
ensued	ensue
ensues	ensue
ensured	ensure
ensures	ensure
ensuring	ensure
entailed	entail
entailing	entail
entails	entail
entanglements	entanglement
entered	enter
enterprises	enterprise
enters	enter
entertainers	entertainer
entertainments	entertainment
entertains	entertain
enthalpies	enthalpy
enthral	enthrall
enthrals	enthrall
enthroned	enthrone
enthused	enthuse
enthuses	enthuse
enthusiasms	enthusiasm
enthusiasts	enthusiast
enthusing	enthuse
enticed	entice
enticements	enticement
entices	entice
entities	entity
entitlements	entitlement
entitles	entitle
entitling	entitle
entomologists	entomologist
entourages	entourage
entrances	entrance
entrants	entrant
entrapped	entrap
entreated	entreat
entreating	entreat
entrees	entree
entrenches	entrench
entrenching	entrench
entrenchments	entrenchment
entrepreneurs	entrepreneur
entries	entry
entrusted	entrust
entrusts	entrust
entwined	entwine
entwining	entwine
enumerated	enumerate
enumerators	enumerator
enunciating	enunciate
enveloped	envelop
envelopes	envelope
envelops	envelop
envied	envy
environmentalists	environmentalist
environments	environment
envisaged	envisage
envisages	envisage
envisaging	envisage
envisioning	envision
envisions	envision
envoys	envoy
enzymes	enzyme
eons	eon
epibionts	epibiont
epicenter	epicentre
epics	epic
epicureans	epicurean
epidemics	epidemic
epidemiologists	epidemiologist
epididymides	epididymis
epidurals	epidural
epileptics	epileptic
epiphanies	epiphany
episodes	episode
epistles	epistle
epitaphs	epitaph
epithets	epithet
epitomized	epitomize
epitomizes	epitomize
epitopes	epitope
epochs	epoch
epoxies	epoxy
equaling	equal
equalised	equalise
equalises	equalise
equalising	equalise
equalities	equality
equalized	equalise
equalizers	equalizer
equalizing	equalise
equalled	equal
equalling	equal
equals	equal
equated	equate
equates	equate
equations	equation
equatoriales	equatorial
equestrians	equestrian
equilibrates	equilibrate
equilibrating	equilibrate
equilibria	equilibrium
equines	equine
equinoxes	equinox
equipments	equipment
equips	equip
equities	equity
equivalences	equivalence
equivalents	equivalent
eradicated	eradicate
eradicates	eradicate
eradicating	eradicate
eras	era
erased	erase
erasers	eraser
erases	erase
erasing	erase
erected	erect
erections	erection
erects	erect
ergs	erg
erodes	erode
erosions	erosion
errands	errand
erred	err
errored	error
errors	error
errs	err
erupted	erupt
erupting	erupt
eruptions	eruption
erupts	erupt
erythrocytes	erythrocyte
es	e
escalated	escalate
escalates	escalate
escalating	escalate
escalations	escalation
escalators	escalator
escapades	escapade
escapees	escapee
escapements	escapement
escapes	escape
escaping	escape
eschewed	eschew
eschewing	eschew
eschews	eschew
escorted	escort
escorting	escort
escorts	escort
escudos	escudo
ese	east-southeast
eskimos	eskimo
espied	espy
esports	esport
espoused	espouse
espouses	espouse
espousing	espouse
esquires	esquire
essayed	essay
essaying	essay
essayists	essayist
essays	essay
essences	essence
essentials	essential
est	estate
establishes	establish
establishing	establish
establishments	establishment
estates	estate
este	estate
esters	ester
estes	estate
estimates	estimate
estimating	estimate
estimations	estimation
estimators	estimator
estonians	estonian
estrogens	estrogen
ests	estate
estuaries	estuary
etchings	etching
eternalising	eternalize
ethers	ether
ethicists	ethicist
ethics	ethic
ethiopians	ethiopian
ethnicities	ethnicity
ethnics	ethnic
ethnographers	ethnographer
etudes	etude
eucalyptuses	eucalyptus
eukaryotes	eukaryote
eulogies	eulogy
eulogized	eulogize
euphemisms	euphemism
euphoniums	euphonium
eur	euro
europeans	european
euros	euro
eurosem	euro
evacuated	evacuate
evacuates	evacuate
evacuating	evacuate
evacuations	evacuation
evacuees	evacuee
evaded	evade
evades	evade
evading	evade
evaluated	evaluate
evaluates	evaluate
evaluating	evaluate
evaluations	evaluation
evaluators	evaluator
evangelises	evangelize
evangelists	evangelist
evangelized	evangelize
evangelizing	evangelize
evaporates	evaporate
evaporating	evaporate
evasions	evasion
evened	even
evenings	evening
evens	even
evensen	even
evensongs	evensong
events	event
eventualities	eventuality
evergreens	evergreen
eves	eve
evicted	evict
evicting	evict
evictions	eviction
evicts	evict
evidenced	evidence
evidences	evidence
evidente	evident
evil spirits	evil spirit
evilest	evil
evils	evil
evinced	evince
eviscerated	eviscerate
eviscerating	eviscerate
evocations	evocation
evokes	evoke
evoking	evoke
evolutionists	evolutionist
evolutions	evolution
evolved	evolve
evolves	evolve
evolving	evolve
ewers	ewer
ewes	ewe
eww	ew
exacerbates	exacerbate
exacerbations	exacerbation
exacted	exact
exactions	exaction
exacts	exact
exaggerates	exaggerate
exaggerating	exaggerate
exaggerations	exaggeration
examinations	examination
examined	examine
examiners	examiner
examines	examine
examples	example
exams	exam
excavated	excavate
excavates	excavate
excavating	excavate
excavations	excavation
excavators	excavator
exceeded	exceed
exceeds	exceed
excelled	excel
excelling	excel
excels	excel
excepted	except
excepting	except
exceptions	exception
excerpted	excerpt
excerpts	excerpt
excesses	excess
exchangers	exchanger
exchanges	exchange
exchanging	exchange
exchequers	exchequer
excised	excise
excitations	excitation
excitements	excitement
excites	excite
exclaimed	exclaim
exclaims	exclaim
excluded	exclude
excludes	exclude
excluding	exclude
exclusions	exclusion
exclusives	exclusive
exclusivities	exclusivity
excommunicated	excommunicate
excommunications	excommunication
excoriated	excoriate
excoriating	excoriate
excrements	excrement
excrescences	excrescence
excreted	excrete
excretions	excretion
excursions	excursion
excuses	excuse
excusing	excuse
exe	ex
executes	execute
executioners	executioner
executions	execution
executives	executive
executors	executor
exegetes	exegete
exemplars	exemplar
exemplifications	exemplification
exemplified	exemplify
exemplifies	exemplify
exemptions	exemption
exempts	exempt
exercised	exercise
exercisers	exerciser
exercises	exercise
exerted	exert
exerting	exert
exertions	exertion
exerts	exert
exes	ex
exfoliates	exfoliate
exfoliating	exfoliate
exhaled	exhale
exhales	exhale
exhausts	exhaust
exhibited	exhibit
exhibiting	exhibit
exhibitionists	exhibitionist
exhibitions	exhibition
exhibitors	exhibitor
exhibits	exhibit
exhortations	exhortation
exhorted	exhort
exhorting	exhort
exhorts	exhort
exhumations	exhumation
exhumed	exhume
exhumes	exhume
exigencies	exigency
exiled	exile
exiles	exile
existed	exist
existentialists	existentialist
exists	exist
exited	exit
exits	exit
exonerated	exonerate
exonerating	exonerate
exons	exon
exoplanets	exoplanet
exorcised	exorcise
exorcisms	exorcism
exorcists	exorcist
exoskeletons	exoskeleton
expanding	expand
expands	expand
expanses	expanse
expansions	expansion
expatriates	expatriate
expats	expat
expectancies	expectancy
expectations	expectation
expecting	expect
expects	expect
expedited	expedite
expedites	expedite
expediting	expedite
expeditions	expedition
expelled	expel
expels	expel
expended	expend
expenditures	expenditure
expends	expend
expensed	expense
expenses	expense
expensing	expense
experiences	experience
experiencing	experience
experimentations	experimentation
experimented	experiment
experimenters	experimenter
experimenting	experiment
experiments	experiment
experts	expert
expiating	expiate
expires	expire
expiries	expiry
expiring	expire
explained	explain
explains	explain
explanations	explanation
expletives	expletive
explodes	explode
exploding	explode
exploits	exploit
explorations	exploration
explored	explore
explorers	explorer
explores	explore
explosions	explosion
explosives	explosive
exponentials	exponential
exponents	exponent
exported	export
exporters	exporter
exports	export
expos	expo
exposes	expose
exposing	expose
expositions	exposition
exposures	exposure
expounded	expound
expounds	expound
expresses	express
expressing	express
expressions	expression
expropriated	expropriate
expulsions	expulsion
expunged	expunge
ext	extension
extending	extend
extends	extend
extensions	extension
extents	extent
exteriors	exterior
externals	external
extinctions	extinction
extinguishers	extinguisher
extinguishes	extinguish
extolled	extol
extolling	extol
extorted	extort
extorting	extort
extortionists	extortionist
extracted	extract
extractions	extraction
extractors	extractor
extracts	extract
extradited	extradite
extraditing	extradite
extrapolated	extrapolate
extras	extra
extraterrestrials	extraterrestrial
extravagances	extravagance
extremes	extreme
extremists	extremist
extremities	extremity
extricated	extricate
extroverts	extrovert
extruded	extrude
extrudes	extrude
extrusions	extrusion
exuded	exude
exudes	exude
exuding	exude
eye-witness	eyewitness
eye-witnesses	eyewitness
eyeballed	eyeball
eyeballs	eyeball
eyebrows	eyebrow
eyebrowse	eyebrow
eyeglasses	eyeglass
eyeing	eye
eyelashes	eyelash
eyelets	eyelet
eyelids	eyelid
eyeliners	eyeliner
eyepieces	eyepiece
eyes	eye
eyesores	eyesore
eyewitnesses	eyewitness
eyots	eyot
f's	f
faber	fab
fables	fable
fabricates	fabricate
fabricating	fabricate
fabrications	fabrication
fabricators	fabricator
fabrics	fabric
facades	facade
facelifts	facelift
facemasks	facemask
faceplates	faceplate
faces	face
facetimed	facetime
facets	facet
facials	facial
facilitated	facilitate
facilitates	facilitate
facilitating	facilitate
facilitations	facilitation
facilitators	facilitator
facilities	facility
facings	facing
facsimiles	facsimile
factions	faction
factored	factor
factories	factory
factors	factor
facts	fact
faculties	faculty
fades	fade
fads	fad
faecal	fecal
faeces	feces
faeries	faerie
faggot	fagot
faggots	fagot
fags	fag
failed	fail
failings	failing
fails	fail
failures	failure
fainted	faint
fainter	faint
faintest	faint
faire	fair
faired	fair
fairer	fair
fairest	fair
fairgrounds	fairground
fairies	fairy
fairing	fair
fairs	fair
fairways	fairway
fairytales	fairytale
faiths	faith
faked	fake
fakes	fake
faking	fake
falafels	falafel
falconers	falconer
falcons	falcon
falklands	falkland
fallacies	fallacy
fallers	faller
falling back	fall back
falling in	fall in
falling in love	fall in love
falling off	fall off
fallows	fallow
falls	fall
falsehoods	falsehood
falsified	falsify
falsifiers	falsifier
falsifies	falsify
faltered	falter
falters	falter
fames	fame
familiarise	familiarize
familiarised	familiarize
familiarising	familiarize
familiars	familiar
families	family
family members	family member
famines	famine
fanaticisms	fanaticism
fanatics	fanatic
fanboys	fanboy
fanciers	fancier
fancies	fancy
fanciest	fancy
fancying	fancy
fandoms	fandom
fangs	fang
fanlights	fanlight
fanned	fan
fanning	fan
fans	fan
fantasies	fantasy
fantasise	fantasize
fantasised	fantasize
fantasises	fantasize
fantasized	fantasize
fantasizes	fantasize
fantasizing	fantasize
faqs	faq
fared	fare
fares	fare
farewells	farewell
faring	fare
farmed	farm
farmers	farmer
farmhouses	farmhouse
farmlands	farmland
farms	farm
farmsteads	farmstead
farmworkers	farmworker
farriers	farrier
farther	far
farthest	far
farthings	farthing
farts	fart
fasces	fascis
fascias	fascia
fascinates	fascinate
fascinations	fascination
fascists	fascist
fashions	fashion
fast-tracked	fast-track
fast-tracking	fast-track
fastballs	fastball
fasted	fast
fasteners	fastener
fastenings	fastening
fastens	fasten
faster	fast
fastest	fast
fastest-growing	fast-growing
fasts	fast
fat cats	fat cat
fatale	fatal
fatales	fatal
fatalities	fatality
fater	fat
fates	fate
fathered	father
fathering	father
fathers	father
fathoming	fathom
fathoms	fathom
fatigues	fatigue
fats	fat
fatse	fat
fatter	fat
fattest	fat
fattier	fatty
fatties	fatty
fatwas	fatwa
faucets	faucet
faulted	fault
faults	fault
faunas	fauna
faves	fave
favor	favour
favorable	favourable
favoring	favour
favorites	favorite
favors	favour
favoured	favour
favouring	favour
favourite	favorite
favourites	favorite
favouritism	favoritism
favours	favour
fawned	fawn
fawns	fawn
faxed	fax
faxes	fax
faxing	fax
faye	fay
fazed	faze
fazes	faze
façade	facade
façades	facade
fbi agents	fbi agent
fbi's	fbi
feared	fear
fears	fear
feasted	feast
feasts	feast
feathers	feather
featherweights	featherweight
feats	feat
features	feature
featuring	feature
feb	february
fed	fee
feder	fee
federalists	federalist
federations	federation
feed	fee
feedbacks	feedback
feeders	feeder
feedings	feeding
feeds	fee
feedstocks	feedstock
feelers	feeler
feeling cold	feel cold
feelings	feeling
feels	feel
fees	fee
feet	foot
feigns	feign
feinting	feint
feints	feint
feldspars	feldspar
felicitated	felicitate
felicitations	felicitation
felines	feline
fell	fall
fellas	fella
felled	fall
fellen	fall
fellers	feller
felles	fall
fellowes	fellow
fellows	fellow
fellowships	fellowship
fells	fall
felonies	felony
felons	felon
felt	feel
felting	feel
felts	feel
females	female
femicides	femicide
feminised	feminize
feminists	feminist
feminized	feminize
femmes	femme
femtoseconds	femtosecond
femurs	femur
fenced	fence
fencers	fencer
fences	fence
fended	fend
fenders	fender
fending	fend
fends	fend
fenlands	fenland
fens	fen
ferdinands	ferdinand
ferments	ferment
ferns	fern
ferraris	ferrari
ferrets	ferret
ferried	ferry
ferries	ferry
ferring	fer
ferrites	ferrite
ferrymen	ferryman
fers	fer
fertilise	fertilize
fertilised	fertilize
fertiliser	fertilizer
fertilisers	fertilizer
fertilized	fertilize
fertilizers	fertilizer
fertilizes	fertilize
festered	fester
festers	fester
festivals	festival
festivities	festivity
festooned	festoon
festooning	festoon
fetched	fetch
fetches	fetch
feted	fete
fetes	fete
feting	fete
fetishes	fetish
fetishists	fetishist
fetters	fetter
fettled	fettle
fetuses	fetus
feuded	feud
feuds	feud
fevers	fever
fewer	few
fewest	few
fiancees	fiancee
fibbed	fib
fiber	fibre
fibers	fibre
fibres	fibre
fibrils	fibril
fibroblasts	fibroblast
fibroids	fibroid
fibrosing	fibrose
fictionalised	fictionalize
fictionalising	fictionalize
fictionalized	fictionalize
fictions	fiction
fiddled	fiddle
fiddlers	fiddler
fiddles	fiddle
fidgeted	fidget
fidgets	fidget
fielded	field
fielders	fielder
fields	field
fiends	fiend
fiercer	fierce
fiercest	fierce
fiestas	fiesta
fifths	fifth
fifties	fifty
fighters	fighter
fights	fight
figs	fig
figureheads	figurehead
figures	figure
figurines	figurine
fijians	fijian
filaments	filament
filed	file
filers	filer
files	file
filets	filet
filigrees	filigree
filings	filing
filipinos	filipino
filled out	fill out
fillers	filler
fillets	fillet
fillies	filly
fillings	filling
fills	fill
filmmakers	filmmaker
filmographies	filmography
films	film
filtering	filter
filters	filter
filthiest	filthy
filtrations	filtration
finagling	finagle
finales	finale
finalise	finalize
finalised	finalize
finalises	finalize
finalising	finalize
finalists	finalist
finalized	finalize
finalizes	finalize
finalizing	finalize
finals	final
financed	finance
finances	finance
financial technologies	financial technology
financiers	financier
financings	financing
finches	finch
finders	finder
finding out	find out
findings	finding
finds	find
fine-tuned	fine-tune
fined	fine
finer	fine
fines	fine
finesses	finesse
finest	fine
fingernails	fingernail
fingerprinted	fingerprint
fingerprints	fingerprint
fingers	finger
fingertips	fingertip
finials	finial
fining	fine
finished up	finish up
finishers	finisher
finishes	finish
finned	fin
finning	fin
finns	finn
fins	fin
fintechs	fintech
fiords	fjord
firearms	firearm
fireballs	fireball
firebirds	firebird
firebombed	firebomb
firebombing	firebomb
firebombs	firebomb
fireboxes	firebox
firebrands	firebrand
firebreaks	firebreak
firecrackers	firecracker
firefighters	firefighter
firefighting	firefight
firefights	firefight
fireflies	firefly
firemen	fireman
fireplaces	fireplace
fires	fire
firewalls	firewall
fireworks	firework
firings	firing
firmed	firm
firmer	firm
firmest	firm
firming	firm
firms	firm
firs	fir
firsts	first
firths	firth
fished	fish
fisheries	fishery
fishermen	fisherman
fishers	fisher
fishes	fish
fishhooks	fishhook
fishings	fishing
fishmongers	fishmonger
fishponds	fishpond
fishtails	fishtail
fisking	fisk
fissioned	fission
fissured	fissure
fissures	fissure
fisted	fist
fistfights	fistfight
fists	fist
fistulae	fistula
fitments	fitment
fits	fit
fitters	fitter
fittest	fit
fittings	fitting
fivers	fiver
fives	five
fixated	fixate
fixating	fixate
fixatives	fixative
fixers	fixer
fixes	fix
fixings	fixing
fixtures	fixture
fizzed	fizz
fizzes	fizz
fizzled	fizzle
fizzles	fizzle
fizzling	fizzle
fjords	fjord
flack	flak
flagella	flagellum
flagellates	flagellate
flagged	flag
flagpoles	flagpole
flagrante	flagrant
flags	flag
flagships	flagship
flagstones	flagstone
flailing	flail
flails	flail
flaked	flake
flakes	flake
flamed	flame
flames	flame
flamethrowers	flamethrower
flamingos	flamingo
flanges	flange
flanked	flank
flankers	flanker
flanking	flank
flanks	flank
flannels	flannel
flans	flan
flapjacks	flapjack
flapped	flap
flappers	flapper
flaps	flap
flared	flare
flares	flare
flash-floods	flash-flood
flashbacks	flashback
flashbulbs	flashbulb
flashed	flash
flashers	flasher
flashes	flash
flashier	flashy
flashiest	flashy
flashlights	flashlight
flasks	flask
flatbeds	flatbed
flatbreads	flatbread
flatlets	flatlet
flatlined	flatline
flatlining	flatline
flatmates	flatmate
flats	flat
flattens	flatten
flattered	flatter
flatters	flatter
flattops	flattop
flatworms	flatworm
flaunted	flaunt
flaunting	flaunt
flaunts	flaunt
flavonoids	flavonoid
flavored	flavor
flavors	flavor
flavour	flavor
flavoured	flavor
flavouring	flavor
flavours	flavor
flaws	flaw
flayed	flay
fld	field
flds	field
fleas	flea
flecks	fleck
fled	flee
fledglings	fledgling
fleeced	fleece
fleeces	fleece
flees	flee
fleetest	fleet
fleets	fleet
fleshed	flesh
fleshes	flesh
fleshing	flesh
flew	fly
flexed	flex
flexes	flex
flexibilities	flexibility
flexing	flex
flicked	flick
flickered	flicker
flickers	flicker
flicking	flick
flickinger	flick
flicks	flick
fliers	flier
flies	fly
flights	flight
flimsier	flimsy
flinched	flinch
flinching	flinch
flinging	fling
flings	fling
flints	flint
flip-flopped	flip-flop
flip-flopping	flip-flop
flip-flops	flip-flop
flipped	flip
flippers	flipper
flipping	flip
flips	flip
flirtations	flirtation
flirted	flirt
flirts	flirt
flits	flit
flitted	flit
flitting	flit
floated	float
floaters	floater
floats	float
flocked	flock
flocking	flock
flocks	flock
floes	floe
flogged	flog
floggers	flogger
flogs	flog
floodgates	floodgate
floodings	flooding
floodlighting	floodlight
floodlights	floodlight
floodlit	floodlight
floodplains	floodplain
floods	flood
floorboards	floorboard
floors	floor
flophouses	flophouse
flopped	flop
floppies	floppy
flops	flop
floras	flora
florets	floret
florida's	florida
floridians	floridian
florins	florin
florists	florist
flotations	flotation
floundered	flounder
floundering	flounder
flounders	flounder
floured	flour
flourished	flourish
flourishes	flourish
flours	flour
flouted	flout
flouting	flout
flowcharts	flowchart
flowed	flow
flowerbeds	flowerbed
flowers	flower
flown	fly
flows	flow
fls	fall
flt	flat
flubbed	flub
fluctuated	fluctuate
fluctuates	fluctuate
fluctuations	fluctuation
flues	flue
fluffed	fluff
fluffing	fluff
fluidised	fluidize
fluidising	fluidize
fluids	fluid
flukes	fluke
flumes	flume
flummoxed	flummox
flung	fling
flunkies	flunky
flunks	flunk
fluoresced	fluoresce
fluorescing	fluoresce
fluoridated	fluoridate
fluorophores	fluorophore
fluoroquinolones	fluoroquinolone
flurries	flurry
flus	flu
flushes	flush
flushing out	flush out
fluted	flute
flutes	flute
fluttered	flutter
flutters	flutter
fluxes	flux
flybys	flyby
flycatchers	flycatcher
flyers	flyer
flyovers	flyover
flywheels	flywheel
foaling	foal
foals	foal
foamed	foam
foams	foam
fobbed	fob
fobs	fob
focalisation	focalization
foci	focus
focuses	focus
focussed	focus
focusses	focus
focussing	focus
fodders	fodder
foes	foe
foetal	fetal
foetus	fetus
foetuses	fetus
fogies	fogy
fogs	fog
foibles	foible
foils	foil
foisted	foist
folded	fold
folders	folder
folds	fold
foliated	foliate
folios	folio
foliose	folio
folks	folk
folksongs	folksong
follicles	follicle
follies	folly
follow through	follow-through
follow up	follow-up
follow-ups	follow-up
followed	follow
followers	follower
followings	following
follows	follow
followup	follow-up
followups	follow-up
fonden	fond
fonder	fond
fondest	fond
fontanel	fontanelle
fonts	font
food banks	food bank
foodies	foodie
foods	food
foodstuffs	foodstuff
fooled	fool
fooling around	fool around
fools	fool
footages	footage
footballers	footballer
footballs	football
footbridges	footbridge
footers	footer
footfalls	footfall
foothills	foothill
footholds	foothold
footings	footing
footlights	footlight
footmen	footman
footnoted	footnote
footnotes	footnote
footpaths	footpath
footprints	footprint
footrests	footrest
foots	foot
footsteps	footstep
for ever	forever
fora	forum
foraged	forage
foragers	forager
forages	forage
forayed	foray
forays	foray
forbade	forbid
forbids	forbid
force-feeding	force-feed
forces	force
forded	ford
fords	ford
forearms	forearm
forebears	forebear
forebodings	foreboding
forecasted	forecast
forecasters	forecaster
forecastles	forecastle
forecasts	forecast
foreclosed	foreclose
foreclosures	foreclosure
forecourts	forecourt
forefathers	forefather
forefingers	forefinger
foregoes	forego
foreheads	forehead
foreigners	foreigner
foreknown	foreknow
forelegs	foreleg
foremen	foreman
foremost	fore
forenames	forename
forerunners	forerunner
foresaw	foresee
foreseeing	foresee
foreseen	foresee
foresees	foresee
foreshadowed	foreshadow
foreshadows	foreshadow
foreskins	foreskin
forestalled	forestall
foresters	forester
forests	forest
foretold	foretell
forewarned	forewarn
forewords	foreword
forfeiting	forfeit
forfeits	forfeit
forfeitures	forfeiture
forgave	forgive
forgeries	forgery
forgers	forger
forges	forge
forgets	forget
forgiven	forgive
forgives	forgive
forgone	forgo	forego
forgot	forget
forklifts	forklift
forks	fork
formalise	formalize
formalised	formalize
formalising	formalize
formalisms	formalism
formalities	formality
formalizing	formalize
formals	formal
formations	formation
formats	format
formatted	format
formers	former
forms	form
formulae	formula
formulas	formula
formulates	formulate
formulating	formulate
formulations	formulation
forsakes	forsake
forsook	forsake
fortes	forte
forties	forty
fortifications	fortification
fortifies	fortify
fortifying	fortify
fortissimos	fortissimo
fortnights	fortnight
fortresses	fortress
forts	fort
fortunes	fortune
forums	forum
forwarded	forward
forwarder	forward
forwardings	forwarding
forwards	forward
fossil fuels	fossil fuel
fossilised	fossilized	fossilize
fossilises	fossilize
fossils	fossil
fostered	foster
fosters	foster
fought	fight
fouler	foul
fouling	foul
fouls	foul
found	find
foundations	foundation
founde	find
founded	find
foundered	founder
founders	founder
foundries	foundry
fountains	fountain
founts	fount
foure	four
fours	four
foursomes	foursome
fourths	fourth
fowlers	fowler
foxes	fox
foxgloves	foxglove
foxholes	foxhole
foxhounds	foxhound
foxhunting	foxhunt
foxing	fox
foyers	foyer
fracked	frack
fractals	fractal
fractionated	fractionate
fractioned	fraction
fractions	fraction
fractures	fracture
fracturing	fracture
fragmentations	fragmentation
fragmenting	fragment
fragments	fragment
fragrances	fragrance
frailties	frailty
framers	framer
frames	frame
frameshifts	frameshift
frameworks	framework
framings	framing
frances	france
franchised	franchise
franchises	franchise
franchising	franchise
francs	franc
franke	frank
franken	frank
frankest	frank
franking	frank
franklins	franklin
franks	frank
frappes	frappe
frasers	fraser
fraternities	fraternity
frauds	fraud
fraudsters	fraudster
frazzles	frazzle
freaked	freak
freaked out	freak out
freaking	freak
freaks	freak
freckles	freckle
fredericks	frederick
fredericksen	frederick
freebies	freebie
freed	free
freedoms	freedom
freeholders	freeholder
freelanced	freelance
freelancers	freelancer
freelances	freelance
freeloaders	freeloader
freemasons	freemason
freemen	freeman
freer	free
frees	free
freese	free
freesias	freesia
freestyles	freestyle
freeways	freeway
freewheels	freewheel
freezers	freezer
freezes	freeze
freighted	freight
freighters	freighter
freighting	freight
french fries	french fry
frenchmen	frenchman
frequencies	frequency
frequented	frequent
frequenting	frequent
frequents	frequent
frescoed	fresco
frescoes	fresco
frescos	fresco
freshened	freshen
fresheners	freshener
freshening	freshen
freshers	fresher
freshest	fresh
freshies	freshie
freshmen	freshman
frets	fret
fretting	fret
friars	friar
fricatives	fricative
frictions	friction
fridays	friday
fridges	fridge
friede	fried
friendlier	friendly
friendlies	friendly
friendliest	friendly
friends	friend
friendships	friendship
fries	ferry
friesen	ferry
friezes	frieze
frigates	frigate
frighted	fright
frightens	frighten
frights	fright
frills	frill
fringes	fringe
fringing	fringe
frisked	frisk
frittering	fritter
fritters	fritter
frivolities	frivolity
frizzed	frizz
frocks	frock
frogging	frog
frogs	frog
frolicking	frolic
frolics	frolic
fronds	frond
frontages	frontage
frontale	frontal
fronted	front
frontiers	frontier
fronting	front
frontispieces	frontispiece
frontlines	front line
frontrunners	frontrunner
fronts	front
frostier	frosty
frosties	frosty
frosts	frost
frothed	froth
frothier	frothy
froths	froth
frowned	frown
frowns	frown
froze	freeze
fructified	fructify
fruited	fruit
fruitier	fruity
fruits	fruit
frustrates	frustrate
frustrations	frustration
fry	ferry
frye	ferry
fryers	fryer
fryes	ferry
fs	f
fse	f
ft	fort
fte	fort
ften	fort
ftes	fort
fuchsias	fuchsia
fucks	fuck
fudging	fudge
fuelled	fuel
fuelling	fuel
fuels	fuel
fugitives	fugitive
fugs	fug
fugues	fugue
fulfil	fulfill
fulfilling	fulfill
fulfills	fulfill
fulfilment	fulfillment
fulfils	fulfill
fullbacks	fullback
fullerenes	fullerene
fullers	fuller
fullest	full
fulling	full
fumbled	fumble
fumbles	fumble
fumes	fume
fuming	fume
functionalities	functionality
functionalizing	functionalize
functionaries	functionary
functioned	function
functions	function
fundamentalists	fundamentalist
fundamentals	fundamental
funders	funder
fundraised	fundraise
fundraisers	fundraiser
fundraises	fundraise
funds	fund
funeral directors	funeral director
funerals	funeral
fungi	fungus
fungicides	fungicide
funkier	funky
funkiest	funky
funking	funk
funnelled	funnel
funnelling	funnel
funnels	funnel
funnest	fun
funnier	funny
funnies	funny
funniest	funny
furbished	furbish
furies	fury
furlongs	furlong
furloughing	furlough
furnaces	furnace
furnishes	furnish
furnishings	furnishing
furries	furry
furriest	furry
furrows	furrow
furs	fur
furse	fur
further	far
furthered	far
furthering	far
furthermore	far
furthermost	far
furthers	far
furthest	far
fuselages	fuselage
fuses	fuse
fusiliers	fusilier
fusing	fuse
fusions	fusion
fusses	fuss
futons	futon
futures	future
futurists	futurist
fuzzier	fuzzy
fêtes	fete
gabbled	gabble
gabbling	gabble
gables	gable
gadgets	gadget
gaffes	gaffe
gaffs	gaff
gagged	gag
gagging	gag
gaggles	gaggle
gags	gag
gained	gain
gainers	gainer
gaining	gain
gains	gain
gaiters	gaiter
gaits	gait
galas	gala
galaxies	galaxy
gales	gale
gallaghers	gallagher
gallants	gallant
gallbladder	gall bladder
galleries	gallery
galleys	galley
gallivanting	gallivant
gallons	gallon
galloped	gallop
gallops	gallop
gallows	gallow
galls	gall
gallstones	gallstone
gals	gal
galvanise	galvanize
galvanised	galvanized	galvanize
galvanising	galvanize
gambians	gambian
gambits	gambit
gambled	gamble
gamblers	gambler
game's	game
gamecocks	gamecock
gamekeepers	gamekeeper
gamers	gamer
games	game
gametes	gamete
gamified	gamify
gamma rays	gamma ray
gammons	gammon
gang-raped	gang-rape
ganged	gang
ganglions	ganglion
gangs	gang
gangsters	gangster
gangways	gangway
gannets	gannet
gantries	gantry
gaoled	gaol
gaolers	gaoler
gapes	gape
gapped	gap
gapping	gap
gaps	gap
garaged	garage
garages	garage
garaging	garage
garcias	garcia
gardai	garda
garden parties	garden party
gardened	garden
gardeners	gardener
gardens	garden
gargled	gargle
gargoyles	gargoyle
garlanded	garland
garlands	garland
garments	garment
garnered	garner
garnering	garner
garners	garner
garnets	garnet
garnished	garnish
garotte	garrotte
garrisoned	garrison
garrisons	garrison
gars	gar
gas-guzzlers	gas-guzzler
gasbags	gasbag
gases	gas
gashed	gash
gashes	gash
gaskets	gasket
gaslighting	gaslight
gasped	gasp
gasping	gasp
gasps	gasp
gassed	gas
gated	gate
gatekeepers	gatekeeper
gatekeeping	gatekeep
gatekept	gatekeep
gateposts	gatepost
gates	gate
gateways	gateway
gatherers	gatherer
gatherings	gathering
gathers	gather
gating	gate
gators	gator
gauchos	gaucho
gauged	gauge
gauges	gauge
gauging	gauge
gaunter	gaunt
gauntlets	gauntlet
gauzes	gauze
gave	give
gawked	gawk
gawking	gawk
gawped	gawp
gaye	gay
gayer	gay
gayest	gay
gays	gay
gazebos	gazebo
gazed	gaze
gazelles	gazelle
gazes	gaze
gazetted	gazette
gazetting	gazette
gazing	gaze
gb	gogera branch
gbe	gogera branch
gdps	gdp
gearboxes	gearbox
gears	gear
geckos	gecko
geed	gee
geeks	geek
gees	gee
geese	goose
geezers	geezer
gelled	gel
gelling	gel
gels	gel
gemmology	gemology
gems	gem
gemstones	gemstone
gendarmes	gendarme
genders	gender
genealogies	genealogy
genealogists	genealogist
genera	genus
generale	general
generalise	generalize
generalising	generalize
generalists	generalist
generalities	generality
generalizations	generalization
generals	general
generated	generate
generates	generate
generations	generation
generators	generator
generics	generic
genes	gene
geneticists	geneticist
genies	genie
genii	genie
geniuses	genius
genomes	genome
genotypes	genotype
genotyping	genotype
genres	genre
gentiles	gentile
gentlemen	gentleman
gentler	gentle
gentles	gentle
gentlest	gentle
gentlewomen	gentlewoman
gentrified	gentrify
gents	gent
genuflecting	genuflect
geodes	geode
geographers	geographer
geographies	geography
geologists	geologist
geometries	geometry
george's	george
georges	george
georgians	georgian
geosciences	geoscience
geoscientists	geoscientist
geosystems	geosystem
geraniums	geranium
gerbils	gerbil
germans	german
germinated	germinate
germinating	germinate
germs	germ
gerrymandered	gerrymander
gerrymandering	gerrymander
gesticulations	gesticulation
gestured	gesture
gestures	gesture
gesturing	gesture
getaways	getaway
gets	get
getting along	get along
getting even	get even
getting on	get on
getups	getup
geysers	geyser
gfs	gf
ghanaians	ghanaian
ghats	ghat
gherkins	gherkin
ghosted	ghost
ghosting	ghost
ghosts	ghost
ghostwritten	ghostwrite
ghouls	ghoul
giants	giant
gibbering	gibber
gibbons	gibbon
giblets	giblet
gifs	gif
gifting	gift
gifts	gift
gigabytes	gigabyte
gigatons	gigaton
giggled	giggle
giggles	giggle
giggling	giggle
gigs	gig
gilds	gild
gillies	gillie
gilling	gill
gills	gill
gilte	gilt
gilts	gilt
gimmes	gimme
gimmicks	gimmick
gimps	gimp
gingers	ginger
ginning	gin
gins	gin
giraffes	giraffe
girders	girder
girl scouts	girl scout
girl's	girl
girlfriends	girlfriend
girlie	girly
girlies	girly
girls	girl
girt	gird
gits	git
giveaways	giveaway
given birth	give birth
given up	give up
givens	given
givers	giver
gives	give
giving back	give back
giving birth	give birth
giving in	give in
giving out	give out
giving up	give up
givings	giving
gizzards	gizzard
glaciers	glacier
gladder	glad
glades	glade
gladiators	gladiator
glamor	glamour
glamorized	glamorize
glanced	glance
glances	glance
glancing	glance
glands	gland
glared	glare
glares	glare
glasses	glass
glasshouses	glasshouse
glassing	glass
glaucomas	glaucoma
glazers	glazer
glazes	glaze
gleamed	gleam
gleams	gleam
gleaned	glean
gleaning	glean
glees	glee
glens	glen
glenser	glen
glided	glide
gliders	glider
glides	glide
glimmered	glimmer
glimmers	glimmer
glimpsed	glimpse
glimpses	glimpse
glimpsing	glimpse
glinted	glint
glistened	glisten
glitches	glitch
glitching	glitch
glittered	glitter
gloats	gloat
globalisation	globalization
globalise	globalize
globalised	globalize
globalized	globalize
globes	globe
globetrotters	globetrotter
globs	glob
globules	globule
gloomier	gloomy
glorias	gloria
glories	glory
glorifying	glorify
glossaries	glossary
glossed	gloss
glossier	glossy
glossing	gloss
gloves	glove
gloving	glove
glowed	glow
glowered	glower
glows	glow
glucocorticoids	glucocorticoid
glues	glue
gluing	glue
gluons	gluon
gluts	glut
glycans	glycan
glycolipids	glycolipid
glycoproteins	glycoprotein
glycosylated	glycosylate
glyphs	glyph
gnarls	gnarl
gnats	gnat
gnawed	gnaw
gnawing	gnaw
gneisses	gneiss
gnomes	gnome
gnostics	gnostic
go-carts	go-cart
goads	goad
goalies	goalie
goalkeepers	goalkeeper
goalposts	goalpost
goals	goal
goannas	goanna
goats	goat
gobbled	gobble
gobbles	gobble
gobbling	gobble
gobies	goby
goblets	goblet
goblins	goblin
god's	god
goddess	god
goddesses	god
godfathers	godfather
godmothers	godmother
godowns	godown
godparents	godparent
gods	god
godzillas	godzilla
goers	goer
goes	go
going around	go around
going away	go away
going back	go back
going down	go down
going off	go off
going on	go on
going out	go out
going over	go over
going through	go through
going to	go to
going up	go up
goings	going
golder	gold
goldeyes	goldeye
goldies	goldie
golds	gold
goldsmiths	goldsmith
golfers	golfer
golfs	golf
gonads	gonad
gondolas	gondola
gone away	go away
gone by	go by
gone off	go off
gone on	go on
gone out	go out
gone to	go to
gongs	gong
gonna	go to
goodbyes	goodbye
goode	good
gooden	good
goodes	good
goodies	goody
goodnight	good night
goods	good
googled	google
googlers	googler
googling	google
gooners	gooner
goons	goon
goos	goo
gooseberries	gooseberry
goosed	goose
goosen	goo
gophers	gopher
gordons	gordon
gored	gore
gores	gore
gorged	gorge
gorges	gorge
gorging	gorge
gorillas	gorilla
goring	gore
gospels	gospel
gossips	gossip
got	get
gotten	get
gouged	gouge
gouges	gouge
gourdes	gourde
gourds	gourd
gourmands	gourmand
gourmets	gourmet
government's	government
governments	government
governors	governor
governorships	governorship
governs	govern
gowns	gown
gpts	gpt
grabbed	grab
grabbers	grabber
grabs	grab
graced	grace
graces	grace
gracing	grace
grackles	grackle
gradated	gradate
gradations	gradation
graders	grader
grades	grade
gradients	gradient
gradings	grading
grads	grad
graduale	gradual
graduates	graduate
graduating	graduate
graduations	graduation
graffiti	graffito
graffitied	graffito
grafted	graft
grafts	graft
grahams	graham
grained	grain
graining	grain
grains	grain
grammar schools	grammar school
grammars	grammar
grammes	gram
grammys	grammy
gramophones	gramophone
grams	gram
granaries	granary
grand designs	grand design
grandads	grandad
grandaunt	grand-aunt
grandchildren	grandchild
granddad	grandad
granddaughters	granddaughter
grandees	grandee
grander	grand
grandest	grand
grandfathered	grandfather
grandfathers	grandfather
grandkids	grandkid
grandmas	grandma
grandmasters	grandmaster
grandmothers	grandmother
grandparents	grandparent
grands	grand
grandsons	grandson
grandstanding	grandstand
grandstands	grandstand
granges	grange
granites	granite
grannies	granny
grans	gran
grants	grant
granulates	granulate
granulating	granulate
granules	granule
granulomas	granuloma
grapes	grape
grapevines	grapevine
graphed	graph
graphics	graphic
graphs	graph
grappled	grapple
grapples	grapple
grasped	grasp
grasps	grasp
grassed	grass
grasses	grass
grasshoppers	grasshopper
grassing	grass
grasslands	grassland
grates	grate
gratings	grating
gratitudes	gratitude
gratuities	gratuity
gravediggers	gravedigger
gravelled	gravel
gravels	gravel
graves	grave
gravest	grave
gravestones	gravestone
graveyards	graveyard
gravidae	gravida
gravitated	gravitate
gravitating	gravitate
gray	grey
grayed	grey
grays	grey
grazers	grazer
grazes	graze
grazings	grazing
greases	grease
greasing	grease
greate	great
greater	great
greatest	great
greatest of all time	goat
greats	great
grebes	grebe
grecians	grecian
greeks	greek
green beans	green bean
greener	green
greenest	green
greenfields	greenfield
greengrocers	greengrocer
greenhouses	greenhouse
greenlanders	greenlander
greenlands	greenland
greenrooms	greenroom
greens	green
greenways	greenway
greenwoods	greenwood
greeted	greet
greeters	greeter
greetings	greeting
greets	greet
gregs	greg
gremlins	gremlin
grenades	grenade
grenadiers	grenadier
grenadines	grenadine
grew	grow
greyed	grey
greyest	grey
greyhounds	greyhound
greying	grey	graying
greys	grey
gridded	grid
grids	grid
grievances	grievance
grieved	grieve
grieves	grieve
griffins	griffin
grifters	grifter
grifting	grift
grilles	grille
grills	grill
grimaced	grimace
grimaces	grimace
grimacing	grimace
grimer	grim
grimes	grime
grimmest	grim
grinders	grinder
grinds	grind
grindstones	grindstone
gringos	gringo
grinned	grin
grins	grin
gripes	gripe
gripped	grip
grips	grip
grits	grit
gritted	grit
grittier	gritty
grittiest	gritty
gritting	grit
grizzlies	grizzly
grizzling	grizzle
groaned	groan
groans	groan
groats	groat
groceries	grocery
grocers	grocer
grommets	grommet
groomers	groomer
grooms	groom
groomsmen	groomsman
grooves	groove
grooviest	groovy
groped	grope
grosbeaks	grosbeak
grosse	gross
grossed	gross
grosser	gross
grosses	gross
grossest	gross
ground	grind
groundcovers	groundcover
grounders	grounder
groundnuts	groundnut
grounds	grind
groundsmen	groundsman
groundwaters	groundwater
group's	group
groupers	grouper
groupies	groupie
groupings	grouping
groups	group
grouses	grouse
grouted	grout
grouting	grout
grouts	grout
groves	grove
growers	grower
growing up	grow up
growled	growl
growls	growl
grown up	grow up
grownups	grownup
grows	grow
growths	growth
groynes	groyne
grubs	grub
grudged	grudge
grumbled	grumble
grumbles	grumble
grumblings	grumbling
grunted	grunt
grunting	grunt
grunts	grunt
guanidines	guanidine
guaranteed	guarantee
guaranteeing	guarantee
guarantees	guarantee
guarantors	guarantor
guardians	guardian
guardrails	guardrail
guards	guard
guardsmen	guardsman
guatemalans	guatemalan
guerilla	guerrilla
guerillas	guerrilla
guerrillas	guerrilla
guessed	guess
guesses	guess
guesstimates	guesstimate
guestbooks	guestbook
guested	guest
guesthouses	guesthouse
guesting	guest
guestrooms	guestroom
guests	guest
guffaws	guffaw
guidebooks	guidebook
guidelines	guideline
guides	guide
guilders	guilder
guildhalls	guildhall
guilds	guild
guillemots	guillemot
guillotined	guillotine
guillotines	guillotine
guiltiest	guilty
guineans	guinean
guineas	guinea
guises	guise
guitarists	guitarist
guitars	guitar
gulags	gulag
gullies	gully
gulls	gull
gulped	gulp
gulps	gulp
gummies	gummy
gums	gum
gunboats	gunboat
gunks	gunk
gunmen	gunman
gunned	gun
gunners	gunner
gunning	gun
gunrunners	gunrunner
guns	gun
gunshots	gunshot
gunslingers	gunslinger
gunsmiths	gunsmith
gunwales	gunwale
gurgles	gurgle
gurus	guru
gushed	gush
gussets	gusset
gustiest	gusty
gusting	gust
gusts	gust
guts	gut
gutted	gut
guttering	gutter
gutters	gutter
guys	guy
gymnasia	gymnasium
gymnasiums	gymnasium
gymnasts	gymnast
gyms	gym
gynaecological	gynecological
gynaecologist	gynecologist
gynaecologists	gynecologist
gynaecology	gynecology
gynecologists	gynecologist
gypsies	gypsy
gyrating	gyrate
gyrations	gyration
gyros	gyro
gyroscopes	gyroscope
haberdashers	haberdasher
habitats	habitat
habits	habit
habituated	habituate
habituating	habituate
habitues	habitue
hackathons	hackathon
hacked	hack
hackers	hacker
hackles	hackle
hackling	hackle
hacks	hack
had	have
had to	have to
haden	have
hader	have
hades	have
hadiths	hadith
hadn’t	have
hadrons	hadron
haemagglutinating	hemagglutinate
haematology	hematology
haematoma	hematoma
haemophilia	hemophilia
haemorrhage	hemorrhage
haemorrhaged	hemorrhage
haemorrhages	hemorrhage
haemorrhaging	hemorrhage
haggled	haggle
hagiographers	hagiographer
hagiographies	hagiography
haikus	haiku
hailed	hail
hailing	hail
hails	hail
hailstones	hailstone
hailstorms	hailstorm
hairbrushes	hairbrush
haircuts	haircut
hairdressers	hairdresser
hairdryers	hairdryer
hairier	hairy
hairpins	hairpin
hairs	hair
hairsprays	hairspray
hairstyles	hairstyle
hairstylists	hairstylist
haitians	haitian
hakes	hake
halberds	halberd
haleem	hale
hales	hale
half-brothers	half-brother
halfbacks	halfback
halftones	halftone
halides	halide
hallmarks	hallmark
hallows	hallow
halls	hall
hallucinates	hallucinate
hallucinations	hallucination
hallucinogens	hallucinogen
hallways	hallway
haloes	halo
halogenated	halogenate
halogens	halogen
halted	halt
haltered	halter
halters	halter
halts	halt
halved	halve
halves	half	halve
halving	halve
halyards	halyard
hamburgers	hamburger
hamiltons	hamilton
hamlets	hamlet
hammerheads	hammerhead
hammers	hammer
hammocks	hammock
hampered	hamper
hampering	hamper
hampers	hamper
hampshires	hampshire
hamptons	hampton
hams	ham
hamsters	hamster
hamstrings	hamstring
hamstrung	hamstring
hand-delivered	hand-deliver
hand-fed	hand-feed
hand-feeding	hand-feed
hand-painted	hand-paint
hand-painting	hand-paint
hand-picked	hand-pick
hand-wringing	handwring
handbags	handbag
handballs	handball
handbooks	handbook
handbrakes	handbrake
handcrafted	handcraft
handcrafts	handcraft
handcuffed	handcuff
handcuffing	handcuff
handcuffs	handcuff
handfuls	handful
handguns	handgun
handicappers	handicapper
handicaps	handicap
handicrafts	handicraft
handing	hand
handkerchiefs	handkerchief
handlebars	handlebar
handlers	handler
handles	handle
handmaidens	handmaiden
handouts	handout
handpicking	handpick
handrails	handrail
hands	hand
handsets	handset
handshakes	handshake
handsomest	handsome
handwringing	handwring
handwritings	handwriting
hang up	hang-up
hang-ups	hang-up
hangars	hangar
hanged	hang
hangers	hanger
hanging on	hang on
hanging out	hang out
hangings	hanging
hangouts	hangout
hangovers	hangover
hangs	hang
hankies	hankie
hanks	hank
hannahs	hannah
hans	han
hanse	han
hansen	han
haplotypes	haplotype
happed	hap
happened	happen
happenings	happening
happens	happen
happier	happy
happiest	happy
haranguing	harangue
harassers	harasser
harasses	harass
harassing	harass
harbored	harbor
harboring	harbor
harbors	harbor
harbour	harbor
harboured	harbor
harbouring	harbor
harbours	harbor
hard-boiled	hard-boil
hard-up	hard up
hardbacks	hardback
hardcores	hardcore
hardens	harden
harder	hard
hardest	hard
hardier	hardy
hardiest	hardy
hardliners	hardliner
hardships	hardship
hardwoods	hardwood
harems	harem
hares	hare
haring	hare
harked	hark
harking	hark
harks	hark
harlequins	harlequin
harlots	harlot
harmed	harm
harmonics	harmonic
harmonies	harmony
harmonise	harmonize
harmonised	harmonize
harmonises	harmonize
harmonising	harmonize
harmonizing	harmonize
harms	harm
harmse	harm
harnesses	harness
harnessing	harness
harolds	harold
harped	harp
harpers	harper
harping	harp
harpists	harpist
harpoons	harpoon
harps	harp
harriers	harrier
harries	harry
harrisons	harrison
harrows	harrow
harsher	harsh
harshest	harsh
harts	hart
harvested	harvest
harvesters	harvester
harvests	harvest
harveys	harvey
has	have
has to	have to
hase	have
hashed	hash
hashes	hash
hashing	hash
hashtags	hashtag
hasn’t	have
hassled	hassle
hassles	hassle
hassling	hassle
hassocks	hassock
hast	have
hastened	hasten
hastening	hasten
hastens	hasten
hatchbacks	hatchback
hatcheries	hatchery
hatches	hatch
hatchets	hatchet
hatchlings	hatchling
haters	hater
hates	hate
hath	have
hats	hat
hatters	hatter
hatting	hat
haughtiest	haughty
hauled	haul
haulers	hauler
hauliers	haulier
hauling	haul
hauls	haul
haunches	haunch
hauntings	haunting
haunts	haunt
have-nots	have-not
havens	haven
haven’t	have
haversacks	haversack
haves	have
having	have
hawaiians	hawaiian
hawed	haw
hawk-eye	hawkeye
hawked	hawk
hawkers	hawker
hawkeyes	hawkeye
hawkings	hawking
hawks	hawk
haws	haw
hawsers	hawser
hawthorns	hawthorn
hayfields	hayfield
haymakers	haymaker
hays	hay
hazarded	hazard
hazarding	hazard
hazards	hazard
hazelnuts	hazelnut
hazes	haze
hazier	hazy
hazing	haze
hbr	harbor
he'd	he is
he'll	he is
headaches	headache
headbands	headband
headboards	headboard
headbutted	headbutt
headbutts	headbutt
headcounts	headcount
headdresses	headdress
heade	head
headers	header
headgears	headgear
headhunters	headhunter
headings	heading
headlamps	headlamp
headlands	headland
headlights	headlight
headlined	headline
headliners	headliner
headlines	headline
headlining	headline
headlocks	headlock
headmasters	headmaster
headmistresses	headmistress
headphones	headphone
headquartered	headquarter
headrests	headrest
heads	head
heads up	head up
headsets	headset
headshots	headshot
headstalls	headstall
headstands	headstand
headstones	headstone
headwaters	headwater
headwinds	headwind
headwords	headword
healers	healer
healings	healing
heals	heal
healthier	healthy
healthiest	healthy
healths	health
heaped	heap
heaping	heap
heaps	heap
hearers	hearer
hearings	hearing
hears	hear
hearses	hearse
heartaches	heartache
heartbeats	heartbeat
heartbreaks	heartbreak
heartened	hearten
hearths	hearth
heartier	hearty
heartlands	heartland
hearts	heart
heartthrobs	heartthrob
heated up	heat up
heaters	heater
heathens	heathen
heathers	heather
heathlands	heathland
heaths	heath
heats	heat
heatwaves	heatwave
heaved	heave
heavens	heaven
heaves	heave
heavier	heavy
heavies	heavy
heaviest	heavy
heavyweights	heavyweight
hebrews	hebrew
heckled	heckle
hecklers	heckler
hectares	hectare
hectored	hector
hedgehogs	hedgehog
hedgerows	hedgerow
hedgers	hedger
hedges	hedge
hedonists	hedonist
heeded	heed
heeding	heed
heels	heel
heft	heave
hefter	heave
heftier	hefty
heifers	heifer
heightened	heighten
heightens	heighten
heights	height
heirlooms	heirloom
heirs	heir
held back	hold back
held out	hold out
held up	hold up
helden	held
helder	held
helens	helen
helicases	helicase
helices	helix
helicopters	helicopter
heliotropes	heliotrope
hellbenders	hellbender
hellebores	hellebore
hellos	hello
hells	hell
hellyer	helly
helmed	helm
helmets	helmet
helming	helm
helms	helm
helots	helot
helped	help
helpers	helper
helping hands	helping hand
helpings	helping
helplines	helpline
helpmates	helpmate
helps	help
hematite	haematite
hemispheres	hemisphere
hemmed	hem
hemmed in	hem in
hemming	hem
hemophiliacs	hemophiliac
hemorrhaged	hemorrhage
hemorrhagic	haemorrhagic
hemorrhoids	hemorrhoid
hems	hem
henchmen	henchman
hendersons	henderson
hennie	henny
henrys	henry
hens	hen
hense	hen
hepatocytes	hepatocyte
hepatologists	hepatologist
her	she
heralding	herald
heralds	herald
herbalists	herbalist
herbaria	herbarium
herbicides	herbicide
herbivores	herbivore
herbs	herb
herded	herd
herders	herder
herds	herd
herdsmen	herdsman
herem	she
herer	she
heres	here
heresies	heresy
heretics	heretic
hermanns	hermann
hermaphrodites	hermaphrodite
hermits	hermit
herniated	herniate
heroes	hero
heroics	heroic
heroines	heroine
herons	heron
herpetologists	herpetologist
herrings	herring
hers	she
hersen	she
hes	he
heses	he
hesitated	hesitate
hesitates	hesitate
hesitations	hesitation
heterocycles	heterocycle
heterosexuals	heterosexual
heterostructures	heterostructure
heuristics	heuristic
hewed	hew
hews	hew
hexagons	hexagon
hexagrams	hexagram
hexed	hex
hexes	hex
heydays	heyday
hiatuses	hiatus
hibernates	hibernate
hiccups	hiccup
hicken	hick
hickes	hick
hicks	hick
hid	hide
hideaways	hideaway
hideouts	hideout
hides	hide
hideth	hide
hierarchies	hierarchy
hieroglyphics	hieroglyphic
hieroglyphs	hieroglyph
high courts	high court
high schools	high school
high-fives	high-five
high-fiving	high-five
high-rises	high-rise
highballs	highball
higher	high
higher-profile	high-profile
higher-quality	high-quality
highest	high
highest-grade	high-grade
highest-profile	high-profile
highest-quality	high-quality
highlanders	highlander
highlands	highland
highlighted	highlight
highlighters	highlighter
highlights	highlight
highnesses	highness
highs	high
hightailed	hightail
hightailing	hightail
highwaymen	highwayman
highways	highway
hijabs	hijab
hijackers	hijacker
hijackings	hijacking
hiked	hike
hikers	hiker
hikes	hike
hillbillies	hillbilly
hillier	hilly
hilliest	hilly
hills	hill
hillsides	hillside
hilltops	hilltop
hillyer	hilly
him	he
hime	he
himes	he
hinde	hind
hinder	hind
hindered	hind
hinders	hind
hindes	hind
hindquarters	hindquarter
hindrances	hindrance
hinds	hind
hindus	hindu
hinged	hinge
hinges	hinge
hinted	hint
hinterlands	hinterland
hints	hint
hip hop	hip-hop
hipper	hip
hippies	hippy	hippie
hippos	hippo
hips	hip
hipsters	hipster
hir	ze	sie
hirers	hirer
hires	hire	ze
hirings	hiring
hispanics	hispanic
hissed	hiss
hisses	hiss
histograms	histogram
historians	historian
histories	history
hitched	hitch
hitches	hitch
hitchhiked	hitchhike
hitchhikers	hitchhiker
hitching	hitch
hitlers	hitler
hitman	hit man
hitmen	hit man
hits	hit
hitters	hitter
hives	hive
hl	hill
hls	hill
hm	hmm
hoarded	hoard
hoarders	hoarder
hoardings	hoarding
hoards	hoard
hoare	hoar
hoaxers	hoaxer
hoaxes	hoax
hobbies	hobby
hobbits	hobbit
hobbled	hobble
hobbles	hobble
hobbling	hobble
hobbyists	hobbyist
hobgoblins	hobgoblin
hobnails	hobnail
hobnobbing	hobnob
hobnobs	hobnob
hobs	hob
hocking	hock
hocks	hock
hods	hod
hoed	hoe
hoeing	hoe
hoes	ho	hoe
hoese	ho
hogans	hogan
hogs	hog
hogsheads	hogshead
hoisted	hoist
hoisting	hoist
hoists	hoist
hold-ups	hold-up
holdalls	holdall
holders	holder
holding back	hold back
holdings	holding
holdouts	holdout
holdovers	holdover
holds	hold
holed	hole
holes	hole
holidaymakers	holidaymaker
holidays	holiday
holier	holy	holey
holies	holy
holiest	holy	holey
holing	hole
hollands	holland
hollered	holler
hollies	holly
hollowed	hollow
hollowing	hollow
hollows	hollow
holocausts	holocaust
holograms	hologram
holons	holon
holstered	holster
holts	holt
holy days	holy day
hombres	hombre
home-schooling	homeschooling
homecomings	homecoming
homed	home
homelands	homeland
homemakers	homemaker
homeopaths	homeopath
homeopathy	homoeopathy
homeowners	homeowner
homepages	homepage
homered	homer
homers	homer
homes	home
homeschooled	homeschool
homeschools	homeschool
homesteaded	homestead
homesteaders	homesteader
homesteading	homestead
homesteads	homestead
hometowns	hometown
homeworking	homework
homeworks	homework
homicides	homicide
homies	homie
homilies	homily
hominids	hominid
homoeopathic	homeopathic
homogenates	homogenate
homogenised	homogenize
homologies	homology
homologues	homologue
homomorphisms	homomorphism
homosexuals	homosexual
honchos	honcho
honed	hone
honeybees	honeybee
honeycombing	honeycomb
honeymooned	honeymoon
honeymooning	honeymoon
honeymoons	honeymoon
honeypots	honeypot
honeys	honey
honing	hone
honking	honk
honored	honor	honoured
honorees	honoree
honors	honor
honour	honor
honourable	honorable
honouring	honor
honours	honor
hons	hon
hooded	hood
hoodies	hoodie
hooding	hood
hoodlums	hoodlum
hoods	hood
hookers	hooker
hooks	hook
hookups	hookup
hookworms	hookworm
hooligans	hooligan
hooping	hoop
hoops	hoop
hooted	hoot
hooters	hooter
hooting	hoot
hoots	hoot
hoovers	hoover
hooves	hoof
hoped	hope
hopefuls	hopeful
hopes	hope
hoping	hope
hopped	hop
hoppers	hopper
hops	hop
hordes	horde
horizons	horizon
hormones	hormone
hornets	hornet
horning	horn
hornpipes	hornpipe
horns	horn
horoscopes	horoscope
horrifies	horrify
horrors	horror
horse racing	horseracing
horseboxes	horsebox
horsemen	horseman
horses	horse
horseshoes	horseshoe
horticulturists	horticulturist
hos	ho
hosed	hose
hoses	hose
hosing	hose
hospices	hospice
hospitalisations	hospitalisation
hospitalise	hospitalize
hospitalised	hospitalize
hospitalizations	hospitalization
hospitals	hospital
hostages	hostage
hosted	host
hostelling	hostel	hosteling
hostelries	hostelry
hostels	hostel
hostiles	hostile
hostilities	hostility
hosts	host
hot dogs	hot dog
hot plate	hotplate
hotdogs	hot dog
hote	hot
hoteliers	hotelier
hotels	hotel
hothouses	hothouse
hotlines	hotline
hotshots	hotshot
hotspots	hotspot
hotter	hot
hottest	hot
hounded	hound
hounding	hound
hounds	hound
hourglasses	hourglass
hours	hour
housebreakers	housebreaker
housebreakings	housebreaking
housed	house
householders	householder
households	household
housekeepers	housekeeper
housemasters	housemaster
housemates	housemate
housemothers	housemother
houseplants	houseplant
houses	house
housewives	housewife
housings	housing
houstonians	houstonian
hove	heave
hovels	hovel
hovercrafts	hovercraft
hovered	hover
hovering	hover
hovers	hover
howards	howard
howitzers	howitzer
howled	howl
howlers	howler
howls	howl
hs	h
hse	h
hts	height
hubs	hub
huddles	huddle
huddling	huddle
hues	hue
huffed	huff
huger	huge
hugged	hug
huggers	hugger
hugs	hug
hulked	hulk
hulks	hulk
hulled	hull
hulls	hull
humanise	humanize
humanising	humanize
humanists	humanist
humanities	humanity
humanoids	humanoid
humans	human
humbler	humble
humbles	humble
humidified	humidify
humidifiers	humidifier
humiliations	humiliation
hummers	hummer
hummingbirds	hummingbird
hummocks	hummock
humour	humor
humoured	humor
humours	humor
humps	hump
hums	hum
hunches	hunch
hunching	hunch
hundreds	hundred
hundredths	hundredth
hung up	hang-up
hungarians	hungarian
hungers	hunger
hungrier	hungry
hunkered	hunker
hunkering	hunker
hunks	hunk
hunter-gatherers	hunter-gatherer
hunters	hunter
hunts	hunt
huntsmen	huntsman
hurdled	hurdle
hurdlers	hurdler
hurdles	hurdle
hurled	hurl
hurlers	hurler
hurls	hurl
hurricanes	hurricane
hurries	hurry
hurtled	hurtle
hurtles	hurtle
hurtling	hurtle
hurts	hurt
husband's	husband
husbandmen	husbandman
husbands	husband
hushes	hush
huskies	husky
husks	husk
hussars	hussar
hustled	hustle
hustlers	hustler
hustles	hustle
hustling	hustle
hutches	hutch
huts	hut
hwy	highway
hyacinths	hyacinth
hybridized	hybridize
hybrids	hybrid
hydes	hyde
hydrangeas	hydrangea
hydrants	hydrant
hydrates	hydrate
hydrating	hydrate
hydrocarbons	hydrocarbon
hydrofluorocarbons	hydrofluorocarbon
hydrofoils	hydrofoil
hydrogels	hydrogel
hydrogens	hydrogen
hydrolases	hydrolase
hydrologists	hydrologist
hydrolyses	hydrolysis	hydrolyze
hydrolyzed	hydrolyze
hydroplanes	hydroplane
hydroplaning	hydroplane
hyenas	hyena
hygienists	hygienist
hymnals	hymnal
hymnbooks	hymnbook
hymns	hymn
hyped up	hype up
hyperextended	hyperextend
hyperextending	hyperextend
hyperglycaemia	hyperglycemia
hypergraphs	hypergraph
hyperlinked	hyperlink
hyperlinking	hyperlink
hyperlinks	hyperlink
hypermarkets	hypermarket
hyperparameters	hyperparameter
hypertexts	hypertext
hypes	hype
hyphenated	hyphenate
hyphens	hyphen
hyping	hype
hypnotics	hypnotic
hypnotised	hypnotize
hypnotises	hypnotize
hypnotising	hypnotize
hypnotists	hypnotist
hypocrisies	hypocrisy
hypocrites	hypocrite
hypoglycaemia	hypoglycemia
hypotheses	hypothesis
hypothesise	hypothesize
hypothesised	hypothesize
hypothesized	hypothesize
hypothesizing	hypothesize
hysterectomies	hysterectomy
hysterics	hysteric
i	senior
i am	i'm
i will	i'll
i's	senior
ians	ian
ibises	ibis
ice skating	ice-skate
ice-cold	ice cold
ice-fishing	ice-fish
ice-skating	ice-skate
icebergs	iceberg
icebreakers	icebreaker
icelanders	icelander
ices	ice
icicles	icicle
icings	icing
iconoclasts	iconoclast
icons	icon
ics	ic
icus	icu
idahoans	idahoan
idealised	idealize
ideals	ideal
ideas	idea
ideating	ideate
ideations	ideation
identifications	identification
identifiers	identifier
identifies	identify
identifying	identify
identities	identity
ideologies	ideology
ideologists	ideologist
ideologues	ideologue
idioms	idiom
idiosyncrasies	idiosyncrasy
idiots	idiot
idlers	idler
idles	idle
idolised	idolize
idols	idol
ids	id
ie	senior
ien	senior
ies	senior
iframes	iframe
ignites	ignite
igniting	ignite
ignitions	ignition
ignoramuses	ignoramus
ignores	ignore
ignoring	ignore
iguanas	iguana
ii	junior
ilia	ilium
illnesses	illness
ills	ill
illuminates	illuminate
illuminations	illumination
illumined	illumine
illusionists	illusionist
illusions	illusion
illustrated	illustrate
illustrates	illustrate
illustrating	illustrate
illustrations	illustration
illustrators	illustrator
imaged	image
images	image
imaginations	imagination
imagined	imagine
imagines	imagine	imago
imagining	imagine
imams	imam
imbalances	imbalance
imbedded	imbed
imbibed	imbibe
imbued	imbue
imbues	imbue
imbuing	imbue
imitated	imitate
imitates	imitate
imitating	imitate
imitations	imitation
imitators	imitator
immersed	immerse
immerses	immerse
immersing	immerse
immersions	immersion
immigrants	immigrant
immigrated	immigrate
immigrating	immigrate
immobilise	immobilize
immobilised	immobilize
immobilises	immobilize
immobilized	immobilize
immortalise	immortalize
immortalised	immortalize
immortalized	immortalize
immortalizes	immortalize
immortals	immortal
immunisation	immunization
immunisations	immunization
immunised	immunize
immunities	immunity
immunizations	immunization
immunocompromised	immunocompromise
immunostained	immunostain
immunotherapeutics	immunotherapeutic
immunotherapies	immunotherapy
impacting	impact
impacts	impact
impairing	impair
impairments	impairment
impairs	impair
impalas	impala
impaled	impale
impaling	impale
imparted	impart
imparts	impart
impeached	impeach
impeaching	impeach
impeachments	impeachment
impedances	impedance
impedes	impede
impediments	impediment
impellers	impeller
imperatives	imperative
imperfections	imperfection
imperiale	imperial
imperialists	imperialist
imperials	imperial
imperiled	imperil
imperiling	imperil
imperilled	imperil
imperilling	imperil
imperils	imperil
impersonated	impersonate
impersonating	impersonate
impersonations	impersonation
impersonators	impersonator
impinges	impinge
implanting	implant
implants	implant
implementations	implementation
implementing	implement
implements	implement
implicates	implicate
implicating	implicate
implications	implication
implied	imply
implies	imply
imploded	implode
implodes	implode
imploding	implode
implored	implore
implores	implore
implying	imply
importations	importation
importers	importer
imports	import
importuning	importune
imposes	impose
impositions	imposition
impossibilities	impossibility
imposters	imposter
impounded	impound
impoverishes	impoverish
impoverishing	impoverish
impregnated	impregnate
impresarios	impresario
impresses	impress
impressing	impress
impressionists	impressionist
impressions	impression
imprinted	imprint
imprints	imprint
imprisoning	imprison
imprisons	imprison
improvements	improvement
improvers	improver
improves	improve
improvisations	improvisation
improvising	improvise
imps	imp
impugned	impugn
impugning	impugn
impulses	impulse
impurities	impurity
imputations	imputation
imputed	impute
ims	im
imse	im
in-laws	in-law
inaccuracies	inaccuracy
inactions	inaction
inactivated	inactivate
inactivates	inactivate
inadequacies	inadequacy
inaugurated	inaugurate
inaugurates	inaugurate
inaugurating	inaugurate
inboxes	inbox
inc	incorporated
incantations	incantation
incapacitates	incapacitate
incarcerated	incarcerate
incarcerations	incarceration
incarnated	incarnate
incarnates	incarnate
incarnations	incarnation
ince	incorporated
incels	incel
incendiaries	incendiary
incenses	incense
incentives	incentive
incentivise	incentivize
incentivised	incentivize
incentivising	incentivize
incentivized	incentivize
incentivizes	incentivize
incentivizing	incentivize
incharges	incharge
inched	inch
inches	inch
inching	inch
incidences	incidence
incidentals	incidental
incidents	incident
incinerated	incinerate
incinerating	incinerate
incinerators	incinerator
incisions	incision
incisors	incisor
incited	incite
incites	incite
inciting	incite
inclinations	inclination
inclines	incline
includes	include
including	include
inclusions	inclusion
incomes	income
incomings	incoming
incompatibilities	incompatibility
incompetents	incompetent
inconsistencies	inconsistency
inconvenienced	inconvenience
inconveniences	inconvenience
inconveniencing	inconvenience
incorporates	incorporate
incorporating	incorporate
increases	increase
incremented	increment
incrementing	increment
increments	increment
incriminated	incriminate
incrustations	incrustation
incubated	incubate
incubating	incubate
incubators	incubator
inculcates	inculcate
incumbents	incumbent
incunabula	incunabulum
incurred	incur
incurs	incur
incursions	incursion
indecencies	indecency
indemnified	indemnify
indemnities	indemnity
indentations	indentation
indented	indent
indentors	indentor
indents	indent
indentures	indenture
independents	independent
indexers	indexer
indexes	index
india's	india
indians	indian
indicated	indicate
indicates	indicate
indicating	indicate
indications	indication
indicators	indicator
indices	index
indictments	indictment
indies	indie
indignities	indignity
indiscretions	indiscretion
individualists	individualist
individualizing	individualize
individuals	individual
indoctrinated	indoctrinate
indoctrinating	indoctrinate
indonesians	indonesian
inducements	inducement
induces	induce
inducted	induct
inductees	inductee
inducting	induct
inductions	induction
inductors	inductor
indulged	indulge
indulgences	indulgence
indulges	indulge
industrialisation	industrialization
industrialists	industrialist
industries	industry
indwells	indwell
ine	in
inefficiencies	inefficiency
inem	in
inequalities	inequality
inequities	inequity
ines	in
infantilized	infantilize
infantrymen	infantryman
infants	infant
infarctions	infarction
infarcts	infarct
infecting	infect
infections	infection
infectious diseases	infectious disease
infects	infect
inferences	inference
inferiors	inferior
infernale	infernal
infernos	inferno
inferred	infer
inferring	infer
infers	infer
infestations	infestation
infests	infest
infidels	infidel
infiltrated	infiltrate
infiltrates	infiltrate
infiltrating	infiltrate
infiltrators	infiltrator
infirmities	infirmity
inflating	inflate
inflexions	inflexion
inflicted	inflict
inflicting	inflict
inflicts	inflict
inflows	inflow
influenced	influence
influencers	influencer
influences	influence
influencing	influence
influxes	influx
infographics	infographic
informants	informant
information systems	information system
informers	informer
informs	inform
infos	info
infra-red	infrared
infractions	infraction
infrastructures	infrastructure
infringed	infringe
infringements	infringement
infringes	infringe
infringing	infringe
infuriates	infuriate
infused	infuse
infuses	infuse
infusing	infuse
infusions	infusion
ingathering	ingather
ingenues	ingenue
ingenuities	ingenuity
ingested	ingest
ingesting	ingest
ingests	ingest
ingots	ingot
ingredients	ingredient
inhabitants	inhabitant
inhabiting	inhabit
inhabits	inhabit
inhalants	inhalant
inhaled	inhale
inhalers	inhaler
inhaling	inhale
inheritances	inheritance
inheritors	inheritor
inherits	inherit
inhibiting	inhibit
inhibitions	inhibition
inhibitors	inhibitor
inhibits	inhibit
inhumanities	inhumanity
iniquities	iniquity
initialise	initialize
initialised	initialize
initialises	initialize
initialising	initialize
initializations	initialization
initialized	initialize
initials	initial
initiated	initiate
initiates	initiate
initiating	initiate
initiations	initiation
initiatives	initiative
initiators	initiator
injectables	injectable
injected	inject
injecting	inject
injections	injection
injectors	injector
injects	inject
injunctions	injunction
injures	injure
injuries	injury
injuring	injure
injustices	injustice
inked	ink
inking	ink
inklings	inkling
inks	ink
inlaying	inlay
inlays	inlay
inlets	inlet
inmates	inmate
innermost	inner
innings	inning
innocents	innocent
innovated	innovate
innovates	innovate
innovating	innovate
innovations	innovation
innovators	innovator
inns	inn
innuendos	innuendo
inoculated	inoculate
inoculations	inoculation
inpatients	inpatient
inputs	input
inputting	input
inquests	inquest
inquired	inquire
inquirers	inquirer
inquires	inquire
inquiries	inquiry
inquisitions	inquisition
inquisitors	inquisitor
inroads	inroad
ins	in
inscriptions	inscription
insecticides	insecticide
insects	insect
insecurities	insecurity
inseminated	inseminate
inseminations	insemination
inserted	insert
inserting	insert
insertions	insertion
inserts	insert
insets	inset
insiders	insider
insides	inside
insights	insight
insignias	insignia
insinuated	insinuate
insinuations	insinuation
insisted	insist
insists	insist
insoles	insole
insolvencies	insolvency
inspecting	inspect
inspections	inspection
inspectorates	inspectorate
inspectors	inspector
inspects	inspect
inspirations	inspiration
inspires	inspire
instabilities	instability
installations	installation
installed	install
installments	installment
installs	install
instalment	installment
instalments	installment
instances	instance
instantiated	instantiate
instantiations	instantiation
instants	instant
instigated	instigate
instigates	instigate
instigating	instigate
instigators	instigator
instilled	instill
instills	instill
instincts	instinct
instituted	institute
institutes	institute
instituting	institute
institutionalised	institutionalise
institutionalising	institutionalise
institutionalize	institutionalise
institutions	institution
instructed	instruct
instructing	instruct
instructions	instruction
instructors	instructor
instructs	instruct
instrumentalised	instrumentalize
instrumentalists	instrumentalist
instrumented	instrument
instruments	instrument
insulates	insulate
insulating	insulate
insulations	insulation
insulators	insulator
insulted	insult
insults	insult
insurances	insurance
insureds	insured
insurers	insurer
insures	insure
insurgencies	insurgency
insurgents	insurgent
insuring	insure
insurrectionists	insurrectionist
insurrections	insurrection
intakes	intake
intangibles	intangible
integers	integer
integrale	integral
integrals	integral
integrates	integrate
integrations	integration
integrators	integrator
intellectuals	intellectual
intelligences	intelligence
intends	intend
intensifies	intensify
intensities	intensity
intensives	intensive
intentionalities	intentionality
intentions	intention
intents	intent
interacted	interact
interacting	interact
interactions	interaction
interacts	interact
intercalated	intercalate
intercalating	intercalate
interceded	intercede
intercedes	intercede
interceding	intercede
intercepted	intercept
intercepting	intercept
interceptions	interception
interceptors	interceptor
intercepts	intercept
intercessions	intercession
intercessors	intercessor
interchanged	interchange
interchanges	interchange
interchanging	interchange
intercommunicating	intercommunicate
interconnecting	interconnect
interconnections	interconnection
interconnects	interconnect
interdependencies	interdependency
interdicted	interdict
interests	interest
interfaced	interface
interfaces	interface
interfacing	interface
interfered	interfere
interferes	interfere
interferons	interferon
interims	interim
interiors	interior
interjected	interject
interjects	interject
interleaved	interleave
interleaving	interleave
interlocks	interlock
interlopers	interloper
interludes	interlude
intermarrying	intermarry
intermediaries	intermediary
intermediates	intermediate
interments	interment
intermingling	intermingle
intermissions	intermission
intermixing	intermix
internalise	internalize
internalised	internalize
internalising	internalize
internalized	internalize
internalizes	internalize
internalizing	internalize
internationale	international
internationaler	international
internationales	international
internationalise	internationalize
internationalising	internationalize
internationalists	internationalist
internationalized	internationalize
interned	intern
internees	internee
interneurons	interneuron
interning	intern
interns	intern
internships	internship
interpenetrated	interpenetrate
interplays	interplay
interpolated	interpolate
interpolates	interpolate
interpolations	interpolation
interposed	interpose
interposes	interpose
interposing	interpose
interpretations	interpretation
interpreters	interpreter
interprets	interpret
interregnums	interregnum
interrelates	interrelate
interrelations	interrelation
interrelationships	interrelationship
interrogated	interrogate
interrogating	interrogate
interrogations	interrogation
interrogators	interrogator
interrupting	interrupt
interruptions	interruption
interrupts	interrupt
inters	inter
intersected	intersect
intersections	intersection
intersects	intersect
interstates	interstate
interstices	interstice
interstitials	interstitial
intertwines	intertwine
intertwining	intertwine
intervals	interval
intervened	intervene
intervenes	intervene
interventions	intervention
interviewed	interview
interviewees	interviewee
interviewers	interviewer
interviewing	interview
interviews	interview
interweaving	interweave
interwove	interweave
intestines	intestine
intimated	intimate
intimating	intimate
intimations	intimation
intimidates	intimidate
intolerances	intolerance
intonations	intonation
intones	intone
intranets	intranet
intricacies	intricacy
intrigues	intrigue
introduced	introduce
introducers	introducer
introduces	introduce
introducing	introduce
introductions	introduction
introverts	introvert
intruded	intrude
intruders	intruder
intrudes	intrude
intrusions	intrusion
intuitions	intuition
inundating	inundate
invaded	invade
invaders	invader
invades	invade
invalidates	invalidate
invalided	invalid
invalids	invalid
invariants	invariant
invasions	invasion
inveighed	inveigh
inveigled	inveigle
inventing	invent
inventions	invention
inventoried	inventory
inventories	inventory
inventors	inventor
invents	invent
inverses	inverse
inversions	inversion
invertebrates	invertebrate
inverters	inverter
inverting	invert
inverts	invert
invested	invest
investigated	investigate
investigates	investigate
investigations	investigation
investigators	investigator
investments	investment
investors	investor
invests	invest
invigilators	invigilator
invigorates	invigorate
invincibles	invincible
invitations	invitation
invitees	invitee
invites	invite
invocations	invocation
invoiced	invoice
invoices	invoice
invoicing	invoice
invoked	invoke
invokes	invoke
invoking	invoke
involvements	involvement
involves	involve
involving	involve
ionise	ionize
ionised	ionize
ionising	ionize
ionizations	ionization
ionizing	ionize
ions	ion
iowans	iowan
iowas	iowa
ip addresses	ip address
iphones	iphone
ips	ip
ipsen	ip
iranians	iranian
iraqis	iraqi
iras	ira
irelands	ireland
ires	ire
ireses	ire
irises	iris
irishmen	irishman
irked	irk
irks	irk
ironies	irony
ironmongers	ironmonger
irons	iron
ironworks	ironwork
irradiated	irradiate
irradiates	irradiate
irregularities	irregularity
irregulars	irregular
irrelevances	irrelevance
irrelevancies	irrelevancy
irrigated	irrigate
irrigating	irrigate
irrigations	irrigation
irritants	irritant
irritates	irritate
irritations	irritation
is	be	senior	island
isaacs	isaac
ise	be
islanders	islander
islands	island
isles	isle
islets	islet
isms	ism
isn’t	be
isoforms	isoform
isolates	isolate
isomers	isomer
isometrics	isometric
isopods	isopod
isotopes	isotope
israelis	israeli
israels	israel
iss	island
issuances	issuance
issued	issue
issuers	issuer
issues	issue
it was	'twas
italians	italian
italicized	italicize
italics	italic
itched	itch
ite	‎-ite
itemise	itemize
itemised	itemize
itemising	itemize
itemized	itemize
items	item
iterated	iterate
iterations	iteration
ites	‎-ite
itinerants	itinerant
itineraries	itinerary
ivies	ivy
ivorians	ivorian
i’s	senior
jabbed	jab
jabbers	jabber
jabs	jab
jackals	jackal
jackdaws	jackdaw
jacked	jack
jacketed	jacket
jackets	jacket
jacking	jack
jackknifed	jackknife
jackpots	jackpot
jackrabbits	jackrabbit
jacks	jack
jacksons	jackson
jacobs	jacob
jacobsen	jacob
jading	jade
jags	jag
jaguars	jaguar
jailbreaks	jailbreak
jailers	jailer
jailing	jail
jails	jail
jalapeno	jalapeño
jalapenos	jalapeño
jalapeños	jalapeño
jamaicans	jamaican
jamborees	jamboree
jambs	jamb
jams	jam
janes	jane
jangled	jangle
janitors	janitor
jans	jan
janse	jan
jansen	jan
japanned	japan
japanning	japan
japans	japan
japanse	japan
jargons	jargon
jarred	jar
jars	jar
jaspers	jasper
jats	jat
jaunts	jaunt
javascripts	javascript
jawbones	jawbone
jaws	jaw
jays	jay
jaysen	jay
jazzed	jazz
jct	junction
jealousies	jealousy
jeans	jean
jeeps	jeep
jeered	jeer
jeers	jeer
jeffreys	jeffrey
jeffs	jeff
jellies	jelly
jennies	jenny
jeopardise	jeopardize
jeopardised	jeopardize
jeopardises	jeopardize
jeopardising	jeopardize
jeopardized	jeopardize
jeopardizes	jeopardize
jeopardizing	jeopardize
jerked	jerk
jerkins	jerkin
jerks	jerk
jeroboams	jeroboam
jerry can	jerrycan
jerseys	jersey
jesses	jesse
jesters	jester
jesuits	jesuit
jeter	jet
jetes	jet
jetlag	jet lag
jets	jet
jetted	jet
jetties	jetty
jettisoned	jettison
jewelers	jeweler
jewelled	jewel
jeweller	jeweler
jewelleries	jewelry
jewellers	jeweler
jewellery	jewelry
jewels	jewel
jews	jew
jibed	jibe
jibes	jibe
jigging	jig
jiggling	jiggle
jigs	jig
jigsaws	jigsaw
jimmied	jimmy
jimmys	jimmy
jingles	jingle
jinks	jink
jitters	jitter
jiving	jive
jobbers	jobber
jobbing	job
jobs	job
jockeyed	jockey
jockeying	jockey
jockeys	jockey
jocks	jock
joes	joe	jo
joeys	joey
jogged	jog
joggers	jogger
jogs	jog
john's	john
johns	john
johnsons	johnson
joiners	joiner
joins	join
jointing	joint
joints	joint
joists	joist
joked	joke
jokers	joker
jokes	joke
jollier	jolly
jollyes	jolly
jolts	jolt
joneses	jones
jonesing	jones
jonquils	jonquil
jordanians	jordanian
jordans	jordan
josephs	joseph
jostled	jostle
jotted	jot
joules	joule
journaling	journal
journalists	journalist
journals	journal
journeyed	journey
journeymen	journeyman
journeys	journey
jousting	joust
jowls	jowl
joyed	joy
joys	joy
joysticks	joystick
jpegs	jpeg
jpg	jpeg
jr	junior
jr.	junior
jre	junior
js	j
jse	j
judases	judas
juddered	judder
judders	judder
judged	judge
judgements	judgement
judges	judge
judgeships	judgeship
judgments	judgment
jugged	jug
juggernauts	juggernaut
jugging	jug
juggled	juggle
jugglers	juggler
juggles	juggle
jugs	jug
juiced	juice
juices	juice
juicier	juicy
juicing	juice
jukeboxes	jukebox
jukes	juke
juliane	julian
julies	july	julie
jumbles	jumble
jump-started	jump-start
jumped	jump
jumpers	jumper
jumpier	jumpy
jumps	jump
jumpsuits	jumpsuit
jun	june
jun.	junior
junctions	junction
junctures	juncture
junes	june
jungles	jungle
juniors	junior
junked	junk
junkers	junker
junkets	junket
junkier	junk
junkies	junkie
junks	junk
junkyards	junkyard
juries	jury
jurisdictions	jurisdiction
jurists	jurist
jurors	juror
juste	just
justices	justice
justifications	justification
justifies	justify
justifying	justify
jutes	jute
juts	jut
juveniles	juvenile
juxtaposes	juxtapose
juxtaposing	juxtapose
juxtapositions	juxtaposition
k's	k
kabobs	kabob
kaftan	caftan
kaftans	caftan
kake	kak
kaleidoscopes	kaleidoscope
kanes	kane
kangaroos	kangaroo
kaolins	kaolin
karmas	karma
kat	khat
kayaked	kayak
kayaks	kayak
kebabs	kebab
keeling	keel
keels	keel
keene	keen
keenen	keen
keener	keen
keenest	keen
keening	keen
keepers	keeper
keeps	keep
keepsakes	keepsake
kegs	keg
kellys	kelly
kendricks	kendrick
kennedys	kennedy
kennels	kennel
kens	ken
kent	ken
kente	ken
kents	ken
kenyans	kenyan
keratinocytes	keratinocyte
kerbs	kerb
kernels	kernel
kerning	kern
kerns	kern
kestrels	kestrel
ketches	ketch
ketones	ketone
kettles	kettle
keyboardists	keyboardist
keyboards	keyboard
keyes	key
keyholes	keyhole
keying	key
keynotes	keynote
keypads	keypad
keys	key
keyser	key
keystones	keystone
keystrokes	keystroke
keywords	keyword
khakis	khaki
kibbles	kibble
kibitzing	kibitz
kick start	kickstart
kick-started	kick-start
kick-starting	kick-start
kickbacks	kickback
kicked	kick
kickers	kicker
kickoffs	kickoff
kicks	kick
kiddos	kiddo
kidnaping	kidnap
kidnapped	kidnap
kidnappers	kidnapper
kidnappings	kidnapping
kidnaps	kidnap
kidneys	kidney
kids	kid
killed	kill
killer whales	killer whale
killers	killer
killings	killing
kills	kill
kilns	kiln
kilobytes	kilobyte
kilogram	kilogramme
kilogrammes	kilogramme
kilograms	kilogramme
kilometer	kilometre
kilometers	kilometre
kilometres	kilometre
kilos	kilo
kilotons	kiloton
kilowatts	kilowatt
kilts	kilt
kimonos	kimono
kinases	kinase
kinda	kind of
kinder	kind
kindergartens	kindergarten
kindergartners	kindergartner
kindest	kind
kindles	kindle
kindlier	kindly
kindnesses	kindness
kindreds	kindred
kinds	kind
kinesthetic	kinaesthetic
king's	king
kingdoms	kingdom
kingfishers	kingfisher
kingmakers	kingmaker
kingpins	kingpin
kings	king
kinked	kink
kinkier	kinky
kinks	kink
kinsfolks	kinsfolk
kinsmen	kinsman
kiosks	kiosk
kipped	kip
kippers	kipper
kirks	kirk
kissed	kiss
kisses	kiss
kitchens	kitchen
kites	kite
kitesurfing	kitesurf
kiting	kite
kits	kit
kitted	kit
kittens	kitten
kitties	kitty
kitting	kit
kiwis	kiwi
klug	kluger
knackering	knacker
knacks	knack
knaves	knave
kneaded	knead
kneecapped	kneecap
kneecaps	kneecap
kneed	knee
kneeled	kneel
kneels	kneel
knees	knee
kneese	knee
knelt	kneel
knew	know
knickknacks	knickknack
knifed	knife
knighted	knight
knights	knight
knits	knit
knitters	knitter
knives	knife
knobs	knob
knockdowns	knockdown
knocked	knock
knocked out	knock out
knocked up	knock up
knockers	knocker
knockouts	knockout
knocks	knock
knolls	knoll
knots	knot
knottiest	knotty
knotting	knot
knowledges	knowledge
knows	know
knuckled	knuckle
knuckleheads	knucklehead
knuckles	knuckle
knuckling	knuckle
koalas	koala
koba	kob
kohls	kohl
kookaburras	kookaburra
koran	qur'an
koreans	korean
koreas	korea
kosovans	kosovan
kowtowing	kowtow
krishnas	krishna
ks	k
kvetching	kvetch
ky	key
kye	key
kyles	kyle
labeling	label	labelling
labelled	label
labels	label
labia	labium
labor	labour
laboratories	laboratory
laborers	laborer
labors	labour
laboured	labour
labourer	laborer
labourers	laborer
labouring	labour
labours	labour
labs	lab
labyrinths	labyrinth
lacerations	laceration
laces	lace
lacewings	lacewing
lacked	lack
lacks	lack
lacquered	lacquer
lacquers	lacquer
lacs	lac
lactating	lactate
lacunas	lacuna
laddered	ladder
ladders	ladder
ladies	lady
lads	lad
ladybirds	ladybird
lagers	lager
laggards	laggard
lagged	lag
lagoons	lagoon
lagosians	lagosian
lags	lag
laid off	lay off
lain	lie
laine	lie
lairds	laird
lairs	lair
lakelands	lakeland
lakes	lake
lakhs	lakh
lamas	lama
lambast	lambaste
lambasted	lambaste
lambasting	lambaste
lambing	lamb
lambs	lamb
lamentations	lamentation
laments	lament
laminated	laminate
laminates	laminate
laminations	lamination
lampooned	lampoon
lampposts	lamppost
lampreys	lamprey
lamps	lamp
lampshades	lampshade
lancashires	lancashire
lancasters	lancaster
lancers	lancer
lances	lance
lancets	lancet
lancing	lance
landers	lander
landfilled	landfill
landfilling	landfill
landfills	landfill
landforms	landform
landholders	landholder
landings	landing
landlines	landline
landlords	landlord
landmarks	landmark
landmass	land mass
landmasses	land mass
landmines	landmine
landowners	landowner
lands	land
landscapers	landscaper
landscapes	landscape
landslides	landslide
landslips	landslip
lanes	lane
languages	language
languished	languish
languishes	languish
languishing	languish
lanke	lank
lans	lan
lanterns	lantern
lanyards	lanyard
lapels	lapel
lapped	lap
laps	lap
lapses	lapse
laptops	laptop
lapwings	lapwing
larcenies	larceny
larches	larch
larders	larder
lards	lard
larger	large
largest	large
lariats	lariat
larks	lark
lars	lar
larsen	lar
larvae	larva
las	la
lasagne	lasagna
lasers	laser
lashed	lash
lashes	lash
lashings	lashing
lasses	lass
lassies	lassie
lassos	lasso
lasted	last
laster	last
lasts	last
latched	latch
latches	latch
latching	latch
latecomers	latecomer
lateen	late
latencies	latency
later	late
latest	late
lathered	lather
lathering	lather
lathes	lathe
laths	lath
latices	latex
latinos	latino
latitudes	latitude
latrines	latrine
latters	latter
lattes	latte
lattices	lattice
lauded	laud
lauding	laud
lauds	laud
laughed	laugh
laughs	laugh
launched	launch
launchers	launcher
launches	launch
laundered	launder
launderettes	launderette
laundries	laundry
laureates	laureate
laurels	laurel
lavatories	lavatory
lavished	lavish
lavishes	lavish
lavishing	lavish
lawbreakers	lawbreaker
lawgivers	lawgiver
lawmakers	lawmaker
lawmen	lawman
lawn mower	lawnmower
lawnmowers	lawnmower
lawns	lawn
lawrences	lawrence
laws	law
lawsuits	lawsuit
lawyers	lawyer
laxatives	laxative
lay	lie
layers	layer
laying on	lay on
laymen	layman
layoffs	layoff
layouts	layout
lays	lie
layups	layup
lazier	lazy
laziest	lazy
lazing	laze
lb.	lb
lbs	lb
lbs.	lb
ldg	lodge
leached	leach
lead up	lead-up
leaderboards	leaderboard
leaders	leader
leads	lead
leaflets	leaflet
leafs	leaf
league's	league
leagues	league
leakages	leakage
leaked	leak
leaks	leak
leane	lean
leaned	lean
leanings	leaning
leans	lean
leant	lean
leap years	leap year
leaped	leap
leapers	leaper
leapfrogged	leapfrog
leapfrogs	leapfrog
leaps	leap
leapt	leap
learners	learner
learnings	learning
learns	learn
learnt	learn
leas	lea
leaseholders	leaseholder
leases	lease
leashed	leash
leashes	leash
least	few	little
leathers	leather
leavers	leaver
leaves	leave	leaf
leaving out	leave out
lectins	lectin
lectured	lecture
lecturers	lecturer
lectures	lecture
ledgers	ledger
ledges	ledge
leds	led
leeches	leech
leeks	leek
leered	leer
lees	lee
leese	lee
left	leave
left behind	leave behind
left of center	left-of-center
left out	leave out
left-of-centre	left-of-center
left-over	left over
left-winger	left-wing
leftie	lefty
lefties	lefty
leftists	leftist
leftmost	leave
leftovers	leftover
legacies	legacy
legalisation	legalization
legalise	legalize
legalised	legalize
legalising	legalize	legalizing
legalized	legalize
legalizes	legalize
legends	legend
leggings	legging
legionaries	legionary
legionnaires	legionnaire
legions	legion
legislated	legislate
legislates	legislate
legislations	legislation
legislators	legislator
legislatures	legislature
legitimized	legitimize
legitimizes	legitimize
legitimizing	legitimize
legs	leg
legumes	legume
leicesters	leicester
leis	lei
leks	lek
lemmas	lemma
lemmings	lemming
lemonades	lemonade
lemons	lemon
lenders	lender
lendings	lending
lends	lend
lengthens	lengthen
lengthier	lengthy
lengths	length
lenses	lens
lent	lend
lenten	lend
lentils	lentil
leonards	leonard
leonids	leonid
leopards	leopard
leos	leo
lepers	leper
leprechauns	leprechaun
lesbians	lesbian
lesions	lesion
less	few	little
lessees	lessee
lessens	lessen
lesser	little
lessons	lesson
lessors	lessor
let's	let us
letdowns	letdown
lets	let
letterboxes	letterbox
letterheads	letterhead
letters	letter
letting go	let go
letting out	let out
lettings	letting
lettuces	lettuce
leukaemia	leukemia
levees	levee
leveled	level
levelled	level
levelling	level
levels	level
leveraged	leverage
leverages	leverage
levered	lever
levering	lever
levers	lever
leviathans	leviathan
levied	levy
levies	levy
levis	levi	levi’s
levitated	levitate
levitating	levitate
levying	levy
lewks	lewk
lexemes	lexeme
lexicons	lexicon
lf	loaf
lgt	light
liabilities	liability
liaised	liaise
liaises	liaise
liaising	liaise
liaisons	liaison
liars	liar
libations	libation
libeled	libel
libels	libel
liberalise	liberalize
liberalised	liberalize
liberalises	liberalize
liberals	liberal
liberates	liberate
liberating	liberate
libertarians	libertarian
liberties	liberty
librarians	librarian
libraries	library
libs	lib
libyans	libyan
lice	louse
licence	license
licencee	license
licencees	license
licences	license
licensees	licensee
licenses	license
licensors	licensor
lichens	lichen
licks	lick
lidos	lido
lids	lid
lieder	lied
liens	lien
lies	lie
lieser	lie
liest	‎-ly
lieutenants	lieutenant
life cycle	lifecycle
life-forms	life-form
lifeboats	lifeboat
lifeguards	lifeguard
lifelines	lifeline
lifers	lifer
lifesavers	lifesaver
lifespans	lifespan
lifestyles	lifestyle
lifetimes	lifetime
lifters	lifter
lifts	lift
ligaments	ligament
ligands	ligand
ligated	ligate
light-years	light-year
lightened	lighten
lightens	lighten
lighters	lighter
lightest	light
lighthouses	lighthouse
lighting up	light up
lightings	lighting
lightnings	lightning
lights	light
lightsabers	lightsaber
lightsabre	lightsaber
lightweights	lightweight
likelier	likely
likeliest	likely
likened	liken
likens	liken
likes	like
lilies	lily
limbering	limber
limbers	limber
limbs	limb
limed	lime
limekilns	limekiln
limericks	limerick
limes	lime
limestones	limestone
liming	lime
limitations	limitation
limiters	limiter
limits	limit
limos	limo
limousines	limousine
limped	limp
limpets	limpet
limps	limp
linchpins	linchpin
line-ups	line-up
lineages	lineage
linearised	linearize
linebackers	linebacker
lined up	line up
linemen	lineman
linens	linen
liners	liner
lines	line
linesmen	linesman
lineups	lineup
lingered	linger
lingers	linger
linguists	linguist
linings	lining
linkages	linkage
linking	link
links	link
linnets	linnet
linos	lino
lionesses	lioness
lionized	lionize
lions	lion
lip-syncs	lip-sync
lipases	lipase
lipids	lipid
lipopeptides	lipopeptide
lipoproteins	lipoprotein
liposomes	liposome
lips	lip
lipsticks	lipstick
liqueurs	liqueur
liquidated	liquidate
liquidating	liquidate
liquidations	liquidation
liquidators	liquidator
liquidise	liquidize
liquids	liquid
liquified	liquify
liquorice	licorice
liquors	liquor
lire	lira
listened	listen
listeners	listener
listens	listen
lister	litster
listers	litster
listings	listing
lists	list
lit up	light up
litem	lit
literacies	literacy
literals	literal
literatures	literature
liters	liter
lites	lit
lithographed	lithograph
lithographs	lithograph
lithologies	lithology
lithuanians	lithuanian
litigants	litigant
litigated	litigate
litigating	litigate
litigations	litigation
litres	litre
littering	litter
litters	litter
littler	little
littlest	little
liturgies	liturgy
live stream	livestream
lived	live
livelier	lively
liveliest	lively
livelihoods	livelihood
livened	liven
livening	liven
livens	liven
liveries	livery
livers	liver
liverworts	liverwort
liverymen	liveryman
lives	life	live
livestreamed	livestream
livestreaming	livestream
livings	living
lizards	lizard
lk	lake
lks	lake
llamas	llama
llcs	llc
llms	llm
lloyds	lloyd
ln	lane
lner	lane
loaches	loach
loaders	loader
loadings	loading
loads	load
loafed	loaf
loafers	loafer
loaned	loan
loans	loan
loathed	loathe
loathes	loathe
loaves	loaf
lobbed	lob
lobbied	lobby
lobbies	lobby
lobbing	lob
lobbyists	lobbyist
lobes	lobe
lobs	lob
lobsters	lobster
locales	locale
localisation	localization
localise	localize
localised	localize
localities	locality
localizing	localize
locals	local
locates	locate
locations	location
locators	locator
lochs	loch
loci	locus
lockdowns	lockdown
locked in	lock in
locked up	lock up
lockers	locker
lockets	locket
locking up	lock up
lockouts	lockout
locks	lock
locksmiths	locksmith
locomotives	locomotive
locums	locum
locusts	locust
locutions	locution
lodes	lode
lodgers	lodger
lodges	lodge
lodgings	lodging
lofted	loft
loftier	lofty
loftiest	lofty
lofting	loft
lofts	loft
logans	logan
logarithms	logarithm
logbooks	logbook
logged	log
loggerheads	loggerhead
loggers	logger
logicians	logician
logics	logic
logins	login
logos	logo
logs	log
lohr	lor
loincloths	loincloth
loins	loin
loitered	loiter
loitering	loiter
lollies	lolly
lollipops	lollipop
lolloped	lollop
lolloping	lollop
lollops	lollop
lols	lol
london's	london
londons	london
lonelier	lonely
loneliest	lonely
loners	loner
long-time	longtime
longe	long
longed	long
longer	long
longer-lasting	long-lasting
longer-term	long-term
longest	long
longest-lasting	long-lasting
longest-standing	long-standing
longhorns	longhorn
longings	longing
longitudes	longitude
longs	long
longshoremen	longshoreman
longueurs	longueur
look down on	look down
looked	look
lookers	looker
looking up	look up
lookouts	lookout
looks	look
lookups	lookup
loomed	loom
looming	loom
looms	loom
loonies	loony
loons	loon
looped	loop
loopholes	loophole
loops	loop
loos	loo
loosed	loose
loosens	loosen
looser	loose
looses	loose
loosest	loose
looters	looter
loots	loot
loped	lope
lopes	lope
loping	lope
lopping	lop
lops	lop
lording	lord
lords	lord
lordships	lordship
lorem	lor
loren	lor
lores	lore
loris	lori
lorries	lorry
losers	loser
loses	lose
losses	loss
lotions	lotion
lots	lot	a lot
lotted	lot
lotteries	lottery
louden	loud
louder	loud
loudest	loud
loudspeakers	loudspeaker
loughs	lough
loungers	lounger
lounges	lounge
lounging	lounge
loured	lour
louts	lout
lovebirds	lovebird
loved ones	loved one
loveden	loved
lovelier	lovely
lovelies	lovely
loveliest	lovely
lovers	lover
loves	love
low prices	low price
lowe	low
lower	low
lower-priced	low-priced	low-price
lowers	low
lowes	low
lowest	low
lowest-priced	low-priced	low-price
lowlands	lowland
lowliest	lowly
lows	low
loyalists	loyalist
loyalties	loyalty
lozenges	lozenge
ls	l
lse	l
ltd	limited
lubed	lube
lubricants	lubricant
lubricates	lubricate
lubricating	lubricate
lubrications	lubrication
luciferases	luciferase
luckier	lucky
luckiest	lucky
luffed	luff
luffing	luff
lugged	lug
luggers	lugger
lugging	lug
lugs	lug
lukes	luke
lullabies	lullaby
lulled	lull
lulling	lull
lulls	lull
lumbered	lumber
lumberjacks	lumberjack
lumens	lumen
luminaries	luminary
luminosities	luminosity
lumped	lump
lumpiest	lumpy
lumping	lump
lumps	lump
lunatics	lunatic
lunched	lunch
luncheons	luncheon
lunches	lunch
lunchrooms	lunchroom
lunged	lunge
lunges	lunge
lunging	lunge
lungs	lung
lupines	lupin
lurched	lurch
lurchers	lurcher
lurches	lurch
lurching	lurch
lured	lure
lures	lure
luring	lure
lurked	lurk
lurkers	lurker
lurks	lurk
lusher	lush
lushes	lush
lusted	lust
lusts	lust
lutes	lute
lutherans	lutheran
luthiers	luthier
luxuries	luxury
lychgates	lychgate
lyes	lye
lying down	lie down
lymphocytes	lymphocyte
lymphomas	lymphoma
lynched	lynch
lynchings	lynching
lyophilisation	lyophilization
lyricists	lyricist
lyrics	lyric
lysed	lyse
lysines	lysine
lysosomes	lysosome
m.d.	doctor of medicine
m.d.s	doctor of medicine
macadams	macadam
macarons	macaron
macaws	macaw
macdonalds	macdonald
macedonians	macedonian
macerated	macerate
machetes	machete
machinations	machination
machined	machine
machineries	machinery
machines	machine
machining	machine
machinists	machinist
machos	macho
macks	mack
macromolecules	macromolecule
macrophages	macrophage
macros	macro
macs	mac
maddest	mad
made it	make it
made sure	make sure
made up	make up
maden	mad
madisons	madison
madrigals	madrigal
maestros	maestro
mafias	mafia
magazine's	magazine
magazines	magazine
mages	mage
maggies	maggie
maggots	maggot
magi	magus
magicians	magician
magistrates	magistrate
magnates	magnate
magnetizing	magnetize
magnetos	magneto
magnetospheres	magnetosphere
magnets	magnet
magnifications	magnification
magnifiers	magnifier
magnifies	magnify
magnitudes	magnitude
magnolias	magnolia
magnums	magnum
magpies	magpie
mahatmas	mahatma
maidens	maiden
maids	maid
mailbags	mailbag
mailboxes	mailbox
mailers	mailer
mailings	mailing
mails	mail
maiming	maim
mainers	mainer
maines	maine
mainframes	mainframe
mainlines	mainline
mains	main
mainstays	mainstay
mainstreamed	mainstream
mainstreaming	mainstream
maintainers	maintainer
maintaining	maintain
maintains	maintain
maisonettes	maisonette
majesties	majesty
majore	major
majored	major
majorem	major
majorettes	majorette
majoring	major
majorities	majority
majors	major
makeovers	makeover
makers	maker
makes	make
makeup	make-up
making do	make do
making it	make it
making over	make over
making up	make up
makings	making
makkah	mecca
maladies	malady
malawians	malawian
malaysians	malaysian
malefactors	malefactor
males	male
malformations	malformation
malfunctioned	malfunction
malfunctions	malfunction
malignancies	malignancy
maligne	malign
maligned	malign
mallards	mallard
mallows	mallow
malls	mall
malpractices	malpractice
maltings	malting
malts	malt
mamas	mama
mambas	mamba
mammals	mammal
mammograms	mammogram
mammoths	mammoth
mamos	mamo
mams	mam
man's	man
manacles	manacle
managed	manage
managements	management
managers	manager
manages	manage
managing	manage
manatees	manatee
mandarins	mandarin
mandates	mandate
mandating	mandate
mandrels	mandrel
manes	mane
maneuver	manoeuvre
maneuverable	manoeuvrable
maneuvered	manoeuvre
maneuvering	manoeuvre	manoeuvring
maneuverings	manoeuvring
maneuvers	manoeuvre
mangling	mangle
mangoes	mango
mangos	mango
mangroves	mangrove
manhandled	manhandle
manhattanites	manhattanite
manhattans	manhattan
manholes	manhole
manhunts	manhunt
maniacs	maniac
manicured	manicure
manicures	manicure
manifestations	manifestation
manifested	manifest
manifesting	manifest
manifestos	manifesto
manifests	manifest
manifolds	manifold
manikins	manikin
manipulated	manipulate
manipulates	manipulate
manipulating	manipulate
manipulations	manipulation
manipulators	manipulator
manito	manitou
manitobans	manitoban
mannequins	mannequin
mannerisms	mannerism
manners	manner
mannings	manning
manns	mann
manoeuvred	manoeuvre
manoeuvres	manoeuvre
manoeuvrings	manoeuvring
manometers	manometer
manors	manor
manos	mano
mans	man
manser	man
mansions	mansion
manspreads	manspread
mantels	mantel
mantles	mantle
mantras	mantra
manuals	manual
manufacturers	manufacturer
manufactures	manufacture
manured	manure
manures	manure
manuscripts	manuscript
maoris	maori
maples	maple
mapped	map
mappings	mapping
maps	map
maracas	maraca
maras	mara
marathoners	marathoner
marathons	marathon
marauders	marauder
marbles	marble
marched	march
marchers	marcher
marches	march
marcos	marco
marcoses	marco
mares	mare
margarets	margaret
margaritas	margarita
marginalised	marginalize
marginalises	marginalize
marginalized	marginalize
marginalizes	marginalize
margins	margin
maria	mare
marianas	mariana
maries	mary	marie
marigolds	marigold
marinades	marinade
marinas	marina
marinated	marinate
marinating	marinate
mariners	mariner
marines	marine
marinos	marino
marionettes	marionette
marios	mario
mark up	markup
marked down	mark down
markers	marker
marketed	market
marketers	marketer
marketizing	marketize
marketplaces	marketplace
markets	market
markings	marking
marks	mark
marksmen	marksman
markups	markup
marlins	marlin
marls	marl
marmalades	marmalade
marmosets	marmoset
marmots	marmot
marooning	maroon
maroons	maroon
marquees	marquee
marques	marque
marriages	marriage
marries	marry
marring	mar
marrows	marrow
marrying	marry
mars	mar
marshall	marshal
marshalled	marshal
marshalling	marshal
marshalls	marshal
marshals	marshal
marshes	marsh
marshlands	marshland
marshmallows	marshmallow
marsupials	marsupial
martens	marten
martians	martian
martinets	martinet
martingales	martingale
martinis	martini
martins	martin
marts	mart
martyred	martyr
martyrs	martyr
marveled	marvel
marvelled	marvel
marvelling	marvel
marvellous	marvelous
marvels	marvel
marxists	marxist
mary's	mary
marylanders	marylander
marys	mary
mas	ma
mascaras	mascara
mascots	mascot
mase	ma
mashing	mash
masks	mask
masons	mason
masquerades	masquerade
masquerading	masquerade
masques	masque
mass-produced	mass-produce
massacred	massacre
massacres	massacre
massacring	massacre
massaged	massage
massages	massage
massaging	massage
masse	mass
massed	mass
masser	mass
masses	mass
masseurs	masseur
masseuses	masseuse
massing	mass
master's	master
masterminded	mastermind
masterminding	mastermind
masterminds	mastermind
masterpieces	masterpiece
masters	master
mastics	mastic
mastodons	mastodon
masts	mast
masturbates	masturbate
masturbating	masturbate
matadors	matador
matchboxes	matchbox
matches	match
matchmakers	matchmaker
matchsticks	matchstick
materialise	materialize
materialised	materialize
materialising	materialize
materialists	materialist
materialized	materialize
materializes	materialize
materializing	materialize
materials	material
mates	mate
mathematicians	mathematician
maths	math
matinees	matinee
matings	mating
matrices	matrix
matriculated	matriculate
matriculations	matriculation
matrons	matron
mats	mat
mattered	matter
mattering	matter
matters	matter
matthews	matthew
mattresses	mattress
matts	matt
matures	mature
maturing	mature
maturities	maturity
mauled	maul
mauling	maul
mauls	maul
maunders	maunder
mausoleums	mausoleum
mavericks	maverick
mavin	maven
maxes	max
maxima	maximum
maximized	maximize
maximizes	maximize
maxims	maxim
maximums	maximum
mayest	may
mayors	mayor
mays	may
mazes	maze
mccoys	mccoy
mcdonald's	mcdonald
mcdonalds	mcdonald
mcs	mc
mcse	mc
md	maryland	doctor of medicine	mendelevium	minidisc
mde	maryland
mdes	maryland
mds	doctor of medicine
me	senior
meadows	meadow
meads	mead
meagre	meager
meagrely	meagerly
meals	meal
mealtimes	mealtime
meandered	meander
meanders	meander
meane	mean
meaner	mean
meanes	mean
meanest	mean
meanings	meaning
means	mean
measurements	measurement
measures	measure
meatballs	meatball
meatier	meaty
meats	meat
mechanics	mechanic
mechanisation	mechanization
mechanised	mechanized	mechanize
mechanisms	mechanism
medaled	medal
medaling	medal
medalists	medalist
medallions	medallion
medals	medal
media	medium
medians	median
mediates	mediate
mediating	mediate
mediators	mediator
medicals	medical
medicaments	medicament
medicated	medicate
medicating	medicate
medications	medication
medicines	medicine
medicos	medico
medics	medic
meditated	meditate
meditates	meditate
meditating	meditate
meditations	meditation
mediums	medium
medleys	medley
mee	senior
meeds	meed
meeker	meek
meekest	meek
meer	senior
meerkats	meerkat
mees	senior
meeten	meet
meeters	meeter
meetings	meeting
meets	meet
megabits	megabit
megabytes	megabyte
megacities	megacity
megakaryocytes	megakaryocyte
megaliths	megalith
megalomaniacs	megalomaniac
megaphones	megaphone
megawatts	megawatt
megs	meg
meioses	meiosis
melanocytes	melanocyte
melanomas	melanoma
melded	meld
melding	meld
melds	meld
mellower	mellow
mellows	mellow
melodies	melody
melodramas	melodrama
meltdowns	meltdown
melters	melter
melts	melt
meltwaters	meltwater
members	member
memberships	membership
membranes	membrane
memeified	memeify
mementos	memento
memes	meme
memoirs	memoir
memoranda	memorandum
memorializing	memorialize
memorials	memorial
memories	memory
memorise	memorize
memorised	memorize
memorising	memorize
memorized	memorize
memorizing	memorize
memos	memo
men	man
men's	man
menaced	menace
menaces	menace
mended	mend
mends	mend
menem	man
meninges	meninx
menstruating	menstruate
mentalities	mentality
mentees	mentee
mentioned	mention
mentioning	mention
mentions	mention
mentored	mentor
mentoring	mentor
mentors	mentor
mentorships	mentorship
menus	menu
meowed	meow
meows	meow
mercenaries	mercenary
mercers	mercer
merchandised	merchandise
merchandisers	merchandiser
merchantmen	merchantman
merchants	merchant
mercies	mercy
meres	mere
merest	mere
mergansers	merganser
mergers	merger
merges	merge
meridians	meridian
meridionale	meridional
meringues	meringue
meristems	meristem
merits	merit
merlins	merlin
mermaids	mermaid
merrier	merry
mesas	mesa
meshes	mesh
messaged	message
messages	message
messed	mess
messed up	mess up
messengers	messenger
messes	mess
messiahs	messiah
messier	messy
messing	mess
messrs	mr
messrs.	mr
met	meet
meta-analyses	meta-analysis
metabolisms	metabolism
metabolites	metabolite
metabolized	metabolize
metabolizes	metabolize
metadata	metadatum
metalled	metal
metallics	metallic
metalling	metal
metallised	metallize
metallized	metallize
metalloproteinases	metalloproteinase
metals	metal
metalsmiths	metalsmith
metalworkers	metalworker
metalworks	metalwork
metamorphosed	metamorphose
metamorphoses	metamorphosis	metamorphose
metaphors	metaphor
metastases	metastasis
metastasized	metastasize
meted	mete
meteorites	meteorite
meteoroids	meteoroid
meteorologists	meteorologist
meteors	meteor
meter	metre
metered	metre
meteren	metre
meters	metre
metes	mete
methodists	methodist
methodologies	methodology
methods	method
methought	methinks
meths	meth
meting	mete
metres	metre
metrics	metric
metropolitans	metropolitan
metros	metro
mewling	mewl
mews	mew
mewse	mew
mexicans	mexican
meyers	meyer
mhz	megahertz
miaows	miaow
micas	mica
mice	mouse
micelles	micelle
michaels	michael
micro-organisms	micro-organism
microalgae	microalga
microarrays	microarray
microbes	microbe
microbiologists	microbiologist
microbreweries	microbrewery
microchips	microchip
microclimates	microclimate
microcomputers	microcomputer
microdots	microdot
microdroplets	microdroplet
microelectrodes	microelectrode
microenvironments	microenvironment
microfiber	microfibre
microfibers	microfibre
microfiches	microfiche
microfilming	microfilm
microfilms	microfilm
microinjected	microinject
micromachines	micromachine
micromanaging	micromanage
micrometers	micrometer
microns	micron
microorganisms	microorganism
micropalaeontology	micropaleontology
microparticles	microparticle
microphones	microphone
microplastics	microplastic
micropores	micropore
microprocessors	microprocessor
microscopes	microscope
microscopists	microscopist
microseconds	microsecond
microsofts	microsoft
microstructures	microstructure
microsystems	microsystem
microtubules	microtubule
microwaved	microwave
microwaves	microwave
mics	microphone	mic
middays	midday
middens	midden
middle-classes	middle-class
middlemen	middleman
middles	middle
middlings	middling
midfielders	midfielder
midges	midge
midgets	midget
midlands	midland
midnights	midnight
midpoints	midpoint
midribs	midrib
midshipmen	midshipman
midterms	midterm
midways	midway
midwives	midwife
miffs	miff
mightiest	mighty
mightn’t	may
might’ve	may have
migraines	migraine
migrants	migrant
migrated	migrate
migrating	migrate
migrations	migration
mike	microphone
mikes	microphone
milder	mild
mildest	mild
mildews	mildew
mileages	mileage
miles	mile
milestones	milestone
militants	militant
militaries	military
militated	militate
militates	militate
militating	militate
militiamen	militiaman
militias	militia
milked	milk
milking	milk
milkmen	milkman
milks	milk
milkshakes	milkshake
millennia	millennium
millennials	millennial
millenniums	millennium
millers	miller
millets	millet
millibars	millibar
milligrams	milligram
millimeters	millimeter
millimetre	millimeter
millimetres	millimeter
millionaires	millionaire
millions	million
millionths	millionth
millipedes	millipede
milliseconds	millisecond
mills	mill
millstones	millstone
mimed	mime
mimeographs	mimeograph
mimes	mime
mimicked	mimic
mimicking	mimic
mimics	mimic
miming	mime
mimosas	mimosa
minarets	minaret
minders	minder
minds	mind
mindsets	mindset
mine	my	senior
minefields	minefield
mineralisation	mineralization
mineralised	mineralize
mineralized	mineralize
minerals	mineral
miners	miner
mines	my
minesweepers	minesweeper
mingled	mingle
mingles	mingle
mings	ming
mini-series	miniseries
miniatures	miniature
miniaturisation	miniaturization
miniaturised	miniaturize
miniaturists	miniaturist
minibikes	minibike
minibuses	minibus
minicomputers	minicomputer
minidiscs	minidisc
minigames	minigame
minima	minimum
minimalists	minimalist
minimisation	minimization
minimizes	minimize
minimizing	minimize
minimums	minimum
minions	minion
minis	mini
miniskirts	miniskirt
ministered	minister
ministering	minister
ministers	minister
ministrations	ministration
ministries	ministry
minivans	minivan
minks	mink
minnesotans	minnesotan
minnows	minnow
minorities	minority
minors	minor
minsters	minster
minstrels	minstrel
minted	mint
minter	mint
minting	mint
mints	mint
minutes	minute
minutiae	minutia
miracles	miracle
mirages	mirage
mirrors	mirror
mis	mi
misadventures	misadventure
misalignments	misalignment
misapplying	misapply
misappropriated	misappropriate
misappropriating	misappropriate
misbehaved	misbehave
misbehaves	misbehave
misbehaving	misbehave
miscalculating	miscalculate
miscalculations	miscalculation
miscarriages	miscarriage
miscarried	miscarry
mischaracterized	mischaracterize
misclassified	misclassify
miscommunications	miscommunication
misconceived	misconceive
misconceptions	misconception
misconducts	misconduct
misconstrued	misconstrue
miscreants	miscreant
miscues	miscue
misdeeds	misdeed
misdemeanors	misdemeanor
misdiagnosed	misdiagnose
misdiagnoses	misdiagnose
misdirected	misdirect
misdirections	misdirection
mise	mi
miserables	miserable
miseries	misery
mises	mi
misfired	misfire
misfires	misfire
misfiring	misfire
misfits	misfit
misfortunes	misfortune
misgendering	misgender
misgivings	misgiving
misgoverning	misgovern
mishandled	mishandle
mishandling	mishandle
mishaps	mishap
misheard	mishear
misidentified	misidentify
misidentifying	misidentify
misinterpretations	misinterpretation
misinterpreted	misinterpret
misjudged	misjudge
misjudgement	misjudgment
misjudgements	misjudgment
misjudging	misjudge
misleads	mislead
misled	mislead
mismanaged	mismanage
mismanaging	mismanage
mismatches	mismatch
misperceived	misperceive
misplacing	misplace
misprints	misprint
mispronounced	mispronounce
mispronouncing	mispronounce
mispronunciations	mispronunciation
misquoted	misquote
misquoting	misquote
misremembering	misremember
misrepresentations	misrepresentation
misrepresenting	misrepresent
misses	miss
missiles	missile
missionaries	missionary
missioners	missioner
missions	mission
missives	missive
misspelled	misspell
misspellings	misspelling
misspending	misspend
misspent	misspend
misspoke	misspeak
misstated	misstate
misstatements	misstatement
missteps	misstep
mistakes	mistake
mistimed	mistime
mistimes	mistime
misting	mist
mistook	mistake
mistranslations	mistranslation
mistresses	mistress
mists	mist
mistyped	mistype
misunderstandings	misunderstanding
misunderstands	misunderstand
misuses	misuse
misusing	misuse
mitchells	mitchell
mites	mite
mithering	mither
mitigating	mitigate
mitigations	mitigation
mitochondria	mitochondrion
mitoses	mitosis
mitres	mitre
mittens	mitten
mitts	mitt
mix-ins	mix-in
mix-ups	mix-up
mixed up	mix up
mixers	mixer
mixes	mix
mixologists	mixologist
mixtures	mixture
ml	mill
mle	mill
mles	mill
mls	mill
mnemonics	mnemonic
mnr	manor
moaned	moan
moans	moan
mobbed	mob
mobiles	mobile
mobilisation	mobilization
mobilisations	mobilization
mobilise	mobilize
mobilised	mobilize	mobilized
mobilising	mobilize	mobilizing
mobilities	mobility
mobilizations	mobilization
mobs	mob
mobsters	mobster
mocked	mock
mockingbirds	mockingbird
mocks	mock
mockups	mockup
modalities	modality
modded	mod
modding	mod
modele	model
modelers	modeler
modelled	model
modelling	model
models	model
modems	modem
moder	mod
moderated	moderate
moderates	moderate
moderators	moderator
moderne	modern
moderner	modern
modernisation	modernization
modernise	modernize
modernised	modernize
modernises	modernize
modernising	modernize
modernists	modernist
modernizing	modernize
modes	mode
modifications	modification
modifiers	modifier
modifies	modify
modifying	modify
mods	mod
modulating	modulate
modulations	modulation
modulators	modulator
modules	module
moduli	modulus
moguls	mogul
mohamad	muhammad
mohamed	muhammad
mohameds	muhammad
mohammad	muhammad
mohammed	muhammad
moistened	moisten
moisturiser	moisturizer
moisturisers	moisturizer
moisturized	moisturize
moisturizers	moisturizer
moisturizes	moisturize
moisturizing	moisturize
moldings	molding
molds	mould	mold
molecules	molecule
moles	mole
molested	molest
molesting	molest
mollie	molly
mollies	molly
mollusc	mollusk
molluscs	mollusk
momenta	momentum
moments	moment
mommas	momma
moms	mom
momsen	mom
monads	monad
monarchies	monarchy
monarchs	monarch
monasteries	monastery
mondays	monday
monetise	monetize
monetised	monetize
monetising	monetize
monetizing	monetize
moneylenders	moneylender
moneys	money
mongolians	mongolian
monies	money
monikers	moniker
monitored	monitor
monitors	monitor
monkeying	monkey
monkeys	monkey
monks	monk
monocytes	monocyte
monogrammed	monogram
monographs	monograph
monolayers	monolayer
monoliths	monolith
monologues	monologue
monologuing	monologue
monomers	monomer
monopoles	monopole
monopolies	monopoly
monopolizing	monopolize
monorails	monorail
monos	mono
monsoons	monsoon
monster trucks	monster truck
monsters	monster
monstrosities	monstrosity
montages	montage
montanans	montanan
montes	monte
months	month
montrealers	montrealer
monuments	monument
mooches	mooch
moods	mood
mooing	moo
moonlets	moonlet
moonlighted	moonlight
moonlights	moonlight
moons	moon
moonshiners	moonshiner
moonshining	moonshine
moonstones	moonstone
moored	moor
moores	moore
moorhens	moorhen
moorings	mooring
moorlands	moorland
moors	moor
moos	moo
mooted	moot
mooting	moot
moots	moot
moped	mope
mopeds	mope
moping	mope
mopped	mop
mopped up	mop up
mopping up	mop up
mops	mop
morales	morale
morals	moral
moratoriums	moratorium
mordants	mordant
more	many	much
moree	many
morels	morel
morgans	morgan
morgues	morgue
mormons	mormon
mornings	morning
moroccans	moroccan
morons	moron
morphed	morph
morphing	morph
morphologies	morphology
morphs	morph
morrisons	morrison
morsels	morsel
mortalities	mortality
mortals	mortal
mortars	mortar
mortgages	mortgage
morticians	mortician
mortising	mortise
mortons	morton
mortuaries	mortuary
mosaics	mosaic
moshed	mosh
moshing	mosh
mosques	mosque
mosquitoes	mosquito
mosquitos	mosquito
mosses	moss
most	many	much
motels	motel
motets	motet
mothballed	mothball
mothballing	mothball
mothballs	mothball
motherboards	motherboard
mothering	mother
mothers	mother
moths	moth
motifs	motif
motion pictures	motion picture
motioned	motion
motions	motion
motivates	motivate
motivations	motivation
motivators	motivator
motives	motive
motor car	motorcar
motorbikes	motorbike
motorbiking	motorbike
motorboating	motorboat
motorboats	motorboat
motorcades	motorcade
motorcars	motorcar
motorcycles	motorcycle
motorcyclists	motorcyclist
motorised	motorize
motorists	motorist
motors	motor
motorsports	motorsport
motorways	motorway
mots	mot
moulded	mould
mouldering	moulder
moulders	moulder
moulding	mould
moulds	mould
mouldy	moldy
moulted	moult
moults	moult
mounded	mound
mounding	mound
mounds	mound
mountaineers	mountaineer
mountains	mountain
mountings	mounting
mounts	mount
mourned	mourn
mourners	mourner
mourns	mourn
moustache	mustache
moustaches	mustache
mouthed	mouth
mouthfuls	mouthful
mouthing	mouth
mouthpieces	mouthpiece
mouths	mouth
movements	movement
movers	mover
moves	move
moviegoers	moviegoer
movies	movie
mowed	mow
mowers	mower
mown	mow
mows	mow
mr.	mr
mris	mri
mrnas	mrna
mrs.	mrs
ms.	ms
msn	mission
mt	mount
mte	mount
mter	mount
mtn	mountain
mucked	muck
muckier	mucky
mucking	muck
muckrakers	muckraker
mucks	muck
muddiest	muddy
muddles	muddle
muddling	muddle
mudflats	mudflat
mudguards	mudguard
muds	mud
mudslides	mudslide
muffed	muff
muffins	muffin
mufflers	muffler
mugged	mug
muggers	mugger
muggings	mugging
mugs	mug
mugshots	mugshot
muhammed	muhammad
mulberries	mulberry
mulched	mulch
mulches	mulch
mulching	mulch
mules	mule
mulled	mull
mullets	mullet
mulligans	mulligan
mulling	mull
mullions	mullion
mulls	mull
multi-mode	multimode
multi-task	multitask
multi-tasking	multitask
multinationals	multinational
multiples	multiple
multiplexers	multiplexer
multiplexes	multiplex
multipliers	multiplier
multiplies	multiply
multiplying	multiply
multiprocessors	multiprocessor
multitudes	multitude
multivitamins	multivitamin
mumbaikars	mumbaikar
mumbled	mumble
mumbles	mumble
mummies	mummy
mummified	mummify
mums	mum
munched	munch
munches	munch
munching	munch
munchkins	munchkin
municipalities	municipality
munitions	munition
muons	muon
murals	mural
murderers	murderer
murdering	murder
murders	murder
murmured	murmur
murmurings	murmuring
murmurs	murmur
murrays	murray
mus	mu
muscled	muscle
musclemen	muscleman
muscles	muscle
mused	muse
musen	mu
muses	muse
museums	museum
mushers	musher
mushing	mush
mushrooming	mushroom
mushrooms	mushroom
musicales	musical
musicals	musical
musicians	musician
musicologists	musicologist
musings	musing
musketeers	musketeer
muskets	musket
muskrats	muskrat
musks	musk
muslims	muslim
mussels	mussel
musses	muss
mustangs	mustang
mustards	mustard
mustelids	mustelid
mustered	muster
mustering	muster
musters	muster
mustn’t	must
mutants	mutant
mutated	mutate
mutating	mutate
mutations	mutation
mutes	mute
mutilating	mutilate
mutilations	mutilation
mutineers	mutineer
muting	mute
mutinies	mutiny
muttered	mutter
mutterings	muttering
mutters	mutter
mutts	mutt
mutuals	mutual
muzzled	muzzle
muzzles	muzzle
muzzling	muzzle
mvps	mvp
mycologists	mycologist
mynah	myna
myrmidons	myrmidon
mysteries	mystery
mystics	mystic
mystifies	mystify
mythologies	mythology
mythologists	mythologist
mythologized	mythologize
myths	myth
māori	maori
nabbed	nab
nabbing	nab
nacelles	nacelle
nachos	nacho
nagged	nag
nags	nag
nailed	nail
nailed down	nail down
nailing	nail
nails	nail
nakhon	nachon
named	name
named after	name after
nameplates	nameplate
names	name
namesakes	namesake
namespaces	namespace
namibians	namibian
nannies	nanny
nanobots	nanobot
nanoclusters	nanocluster
nanocrystals	nanocrystal
nanofibres	nanofiber
nanomaterials	nanomaterial
nanometer	nanometre
nanometers	nanometre
nanoparticles	nanoparticle
nanoseconds	nanosecond
nanospheres	nanosphere
nanostructures	nanostructure
nanotubes	nanotube
nans	nan
nansen	nan
napkins	napkin
nappies	nappy
naps	nap
narcissi	narcissus
narcissists	narcissist
narcotics	narcotic
narrated	narrate
narrates	narrate
narrating	narrate
narrations	narration
narratives	narrative
narrators	narrator
narrower	narrow
narrowest	narrow
narrows	narrow
nasa's	nasa
nastier	nasty
nastiest	nasty
nasturtiums	nasturtium
natales	natal
nation's	nation
nationale	national
nationalisation	nationalization
nationalise	nationalize
nationalised	nationalize
nationalising	nationalize
nationalists	nationalist
nationalities	nationality
nationalized	nationalize
nationally determined contributions	nationally determined contribution
nationals	national
nations	nation
natives	native
nativities	nativity
naturalists	naturalist
naturals	natural
natures	nature
naturists	naturist
naught	nought
naughts	nought
navies	navy
navigated	navigate
navigates	navigate
navigating	navigate
navigators	navigator
navvies	navvy
nays	nay
naysayers	naysayer
naysaying	naysay
nazis	nazi
ndas	nda
ndcs	ndc
ne	northeast
neale	neal
neapolitans	neapolitan
neared	near
nearer	near
nearest	near
nears	near
neater	neat
neatest	neat
nebulae	nebula
necessaries	necessary
necessitated	necessitate
necessitates	necessitate
necessitating	necessitate
necessities	necessity
neckerchiefs	neckerchief
necklaces	necklace
necklines	neckline
necks	neck
nectars	nectar
nee	northeast
needing	need
needles	needle
needn’t	need
needs	need
neem	northeast
neer	northeast
nees	northeast
negated	negate
negates	negate
negating	negate
negatives	negative
negativities	negativity
neglecting	neglect
neglects	neglect
negotiated	negotiate
negotiates	negotiate
negotiations	negotiation
negotiators	negotiator
negs	neg
neighborhood	neighbourhood
neighborhoods	neighbourhood
neighbors	neighbor
neighbour	neighbor
neighbourhoods	neighbourhood
neighbourliness	neighborliness
neighbourly	neighborly
neighbours	neighbor
neighs	neigh
nelsons	nelson
nem	northeast
nematodes	nematode
nemes	northeast
nemeses	nemesis
neocons	neocon
neoconservatives	neoconservative
neologisms	neologism
neonates	neonate
neons	neon
neoplasms	neoplasm
nepalis	nepali
nephews	nephew
neptunes	neptune
nerds	nerd
nerfed	nerf
nerved	nerve
nerves	nerve	nerf
nested	nest
nesters	nester
nesting	nest
nestles	nestle
nestlings	nestling
nests	nest
neten	net
nets	net
nettles	nettle
networked	network
networks	network
neurologists	neurologist
neuromas	neuroma
neurons	neuron
neurosciences	neuroscience
neuroscientists	neuroscientist
neurosurgeons	neurosurgeon
neurotransmitters	neurotransmitter
neuters	neuter
neutralise	neutralize
neutralised	neutralize
neutralises	neutralize
neutralising	neutralize
neutralizes	neutralize
neutralizing	neutralize
neutrals	neutral
neutrinos	neutrino
neutrons	neutron
neutrophils	neutrophil
nevadans	nevadan
nevi	nevus
new mexicans	new mexican
new years	new year
new yorkers	new yorker
new zealanders	new zealander
newbies	newbie
newborns	newborn
newcomers	newcomer
newe	new
newer	new
newes	new
newest	new
newlyweds	newlywed
newmans	newman
newports	newport
newsagents	newsagent
newsboys	newsboy
newscasts	newscast
newsgroups	newsgroup
newsletters	newsletter
newsmen	newsman
newspapers	newspaper
newsreaders	newsreader
newsreels	newsreel
newsrooms	newsroom
newtons	newton
newts	newt
nexts	next
ngos	ngo
nibbled	nibble
nibbles	nibble
nibbling	nibble
nibs	nib
nicaraguans	nicaraguan
nicer	nice
nicest	nice
niceties	nicety
niches	niche
nicked	nick
nickeled	nickel
nickels	nickel
nicking	nick
nicknamed	nickname
nicknames	nickname
nicks	nick
nieces	niece
nigerians	nigerian
niggas	nigga
niggers	nigger
niggles	niggle
nightclubs	nightclub
nightdresses	nightdress
nighter	night
nighthawks	nighthawk
nightingales	nightingale
nightmares	nightmare
nights	night
nihilists	nihilist
niles	nil
nils	nil
nilsen	nil
nines	nine
nineties	ninety
ninjas	ninja
ninths	ninth
nipped	nip
nippers	nipper
nipples	nipple
nips	nip
niqabs	niqab
nir	northeast
niters	niter
nitrates	nitrate
nitrogens	nitrogen
nits	nit
nixed	nix
nixing	nix
no-shows	no-show
noahs	noah
nobels	nobel
noblemen	nobleman
nobler	noble
nobles	noble
noblest	noble
nobodies	nobody
nodded	nod
nodes	node
nods	nod
nodules	nodule
noe	no
noem	no
noes	no
noggins	noggin
noises	noise
noisier	noisy
noisiest	noisy
nomads	nomad
nominates	nominate
nominating	nominate
nominations	nomination
nominees	nominee
nomograms	nomogram
non-english	english
non-profits	non-profit
non-proliferation	nonproliferation
non-structural	nonstructural
nonbelievers	nonbeliever
noncombatants	noncombatant
nonentities	nonentity
nones	none
nonmembers	nonmember
nonprofits	nonprofit
nonrenewable	non-renewable
nons	non
nontoxic	non-toxic
nonwovens	nonwoven
noodles	noodle
nooks	nook
noosed	noose
nooses	noose
normale	normal
normalise	normalize
normalised	normalize
normalises	normalize
normalising	normalize
normalizing	normalize
normals	normal
normans	norman
normies	normie
norming	normalize
norms	norm	normalize
north-east	northeast
northeastwards	northeastward
northen	north
northerner	northern
northernmost	northern
northlands	northland
northwards	northward
northwestwards	northwestward
norwegians	norwegian
nosebleeds	nosebleed
nosedived	nosedive
nosediving	nosedive
noses	nose
noshes	nosh
noshing	nosh
nosing	nose
nostrils	nostril
not being	not be
not do	do not
not done	do not
notabilities	notability
notables	notable
notarized	notarize
notated	notate
notations	notation
notches	notch
notching	notch
notebooks	notebook
notes	note
nothings	nothing
noticeboards	noticeboard
notices	notice
notifications	notification
notified	notify
notifies	notify
noting	note
notions	notion
noughts	nought
nouns	noun
nourishes	nourish
nova scotians	nova scotian
novae	nova
novelettes	novelette
novelists	novelist
novelizations	novelization
novellas	novella
novels	novel
novelties	novelty
novenas	novena
novices	novice
nozzles	nozzle
npcs	npc
ns	n
nse	n
nsem	n
nuanced	nuance
nuances	nuance
nubbins	nubbin
nubs	nub
nuclear families	nuclear family
nucleating	nucleate
nuclei	nucleus
nucleoli	nucleolus
nucleons	nucleon
nucleosides	nucleoside
nucleotides	nucleotide
nudes	nude
nudge	noodge
nudged	noodge
nudges	noodge
nudibranchs	nudibranch
nudists	nudist
nudities	nudity
nuggets	nugget
nuisances	nuisance
nuked	nuke
nukes	nuke
nuking	nuke
nullifies	nullify
nullifying	nullify
numbed	numb
numbered	number
numbers	number
numerals	numeral
numerologists	numerologist
numismatists	numismatist
nunneries	nunnery
nuns	nun
nurse practitioners	nurse practitioner
nurseries	nursery
nursers	nurser
nurses	nurse
nursing homes	nursing home
nurtured	nurture
nurtures	nurture
nus	nu
nuthatches	nuthatch
nutrients	nutrient
nutritionists	nutritionist
nutters	nutter
nuttiest	nutty
nutting	nut
nw	northwest
nwe	northwest
nylons	nylon
nymphos	nympho
nymphs	nymph
o's	o
oaks	oak
oars	oar
oarsmen	oarsman
oatcakes	oatcake
oaths	oath
oats	oat
obamas	obama
obeyed	obey
obeying	obey
obeys	obey
obfuscating	obfuscate
obfuscations	obfuscation
obituaries	obituary
objected	object
objectified	objectify
objectifying	objectify
objecting	object
objections	objection
objectives	objective
objectors	objector
objects	object
oblates	oblate
obligates	obligate
obligations	obligation
obliges	oblige
obliques	oblique
obliterating	obliterate
obscenities	obscenity
obscures	obscure
obscuring	obscure
obscurities	obscurity
observances	observance
observations	observation
observatories	observatory
observers	observer
observes	observe
obsessing	obsess
obsessions	obsession
obstacles	obstacle
obstetricians	obstetrician
obstructions	obstruction
obstructs	obstruct
obtained	obtain
obtaining	obtain
obtains	obtain
obv	obviously
obviated	obviate
obviates	obviate
occasioned	occasion
occasioning	occasion
occasions	occasion
occluding	occlude
occultations	occultation
occulting	occult
occultists	occultist
occults	occult
occupants	occupant
occupations	occupation
occupiers	occupier
occupies	occupy
occupying	occupy
occurred	occur
occurrences	occurrence
occurring	occur
occurs	occur
oceans	ocean
ocelots	ocelot
ochres	ochre
oct	october
octaves	octave
octets	octet
octopuses	octopus
odder	odd
oddest	odd
oddities	oddity
oded	od
odes	ode
odometers	odometer
odors	odor
odour	odor
odours	odor
ods	od
oesophageal	esophageal
oesophagus	esophagus
oestrogens	oestrogen
offence	offense
offences	offense
offenders	offender
offends	offend
offenses	offense
offensives	offensive
offered	offer
offerings	offering
offers	offer
officeholders	officeholder
officers	officer
offices	office
officials	official
officiated	officiate
offloaded	offload
offloading	offload
offloads	offload
offprints	offprint
offs	off
offsets	offset
offshoots	offshoot
offshored	offshore
offsides	offside
og	oganesson
oge	oganesson
oger	oganesson
ogles	ogle
ogres	ogre
ogs	oganesson
ohioans	ohioan
ohms	ohm
oilers	oiler
oilfields	oilfield
oiliest	oily
oils	oil
oilseeds	oilseed
oilskins	oilskin
ok	okay
okayed	okay
oke	okay
okes	okay
okras	okra
olde	old
older	old
oldest	old
oldies	oldie
oleanders	oleander
oligarchs	oligarch
oligochaetes	oligochaete
oligomers	oligomer
oligonucleotides	oligonucleotide
oligopolies	oligopoly
oligosaccharides	oligosaccharide
olivers	oliver
olives	olive
olivines	olivine
olympians	olympian
ombudsmen	ombudsman
omegas	omega
omelettes	omelette
omens	omen
omissions	omission
omits	omit
omitted	omit
omitting	omit
omnivores	omnivore
on-going	ongoing
onboarding	onboard
oncologists	oncologist
one-and-a-half	one and a half
one-offs	one-off
onen	on
ones	one
onions	onion
onlookers	onlooker
onsets	onset
ontarians	ontarian
ontologies	ontology
oocytes	oocyte
oohing	ooh
oozed	ooze
oozes	ooze
opals	opal
opas	overpass
openers	opener
openings	opening
opens	open
opera	opus
operands	operand
operas	opus
operated	operate
operates	operate
operations	operation
operatives	operative
operators	operator
operons	operon
ophthalmologists	ophthalmologist
opiates	opiate
opined	opine
opines	opine
opining	opine
opinions	opinion
opioids	opioid
opossums	opossum
opp	opposition
opponents	opponent
opportunists	opportunist
opportunities	opportunity
opposes	oppose
opposites	opposite
oppositions	opposition
oppressing	oppress
oppressions	oppression
oppressors	oppressor
opt-outs	opt-out
opted	opt
opticians	optician
optics	optic
optima	optimum
optimisation	optimization
optimise	optimize
optimises	optimize
optimising	optimize
optimists	optimist
optimizations	optimization
optimized	optimised	optimize
optimizers	optimizer
optimizes	optimize
optimizing	optimize
opting	opt
opting out	opt out
optioned	option
options	option
optometrists	optometrist
opts	opt
oracles	oracle
orals	oral
oranges	orange
orangutans	orangutan
orans	oran
orations	oration
oratories	oratory
oratorios	oratorio
orators	orator
orbitals	orbital
orbiting	orbit
orbits	orbit
orbs	orb
orch	orchard
orchards	orchard
orchestras	orchestra
orchestrating	orchestrate
orchestrations	orchestration
orchestrators	orchestrator
orchids	orchid
orcs	orc
ordaining	ordain
ordeals	ordeal
orderlies	orderly
orders	order
ordinals	ordinal
ordinances	ordinance
ordinaries	ordinary
ordinating	ordinate
oregonians	oregonian
ores	ore
organic compounds	organic compound
organics	organic
organisation	organization
organisational	organizational
organisations	organization
organise	organize
organised	organized	organize
organiser	organizer
organisers	organizer
organises	organize
organising	organize	organizing
organisms	organism
organists	organist
organizations	organization
organizers	organizer
organizes	organize
organoids	organoid
organs	organ
orgasms	orgasm
orgies	orgy
orientale	oriental
orientates	orientate
orientations	orientation
orients	orient
orifices	orifice
originals	original
originated	originate
originates	originate
originating	originate
originators	originator
origins	origin
orioles	oriole
orions	orion
ornamented	ornament
ornamenting	ornament
ornaments	ornament
ornithologists	ornithologist
orphanages	orphanage
orphans	orphan
orthodoxies	orthodoxy
orthopaedic	orthopedic
orthopaedics	orthopedics
orthopedists	orthopedist
orthotics	orthotic
os	o
oscars	oscar
oscillates	oscillate
oscillations	oscillation
oscillators	oscillator
ose	o
osiers	osier
ospreys	osprey
ossuaries	ossuary
osteoclasts	osteoclast
osteopaths	osteopath
ostracised	ostracise
ostracized	ostracise
ostriches	ostrich
othering	other
others	other	another
others’	another
otters	otter
ottomans	ottoman
ouch	ouche
ounces	ounce
ours	our
ousted	oust
out-of-pocket	out of pocket
outages	outage
outbreaks	outbreak
outbuildings	outbuilding
outbursts	outburst
outcasts	outcast
outclassed	outclass
outclasses	outclass
outcomes	outcome
outcroppings	outcropping
outcrops	outcrop
outdid	outdo
outdistancing	outdistance
outdoes	outdo
outdoing	outdo
outdone	outdo
outed	out
outen	out
outermost	outer
outfielders	outfielder
outfits	outfit
outfitters	outfitter
outflanked	outflank
outflows	outflow
outgoings	outgoing
outgrew	outgrow
outgrowing	outgrow
outgrown	outgrow
outhouses	outhouse
outings	outing
outlasted	outlast
outlawing	outlaw
outlaws	outlaw
outlays	outlay
outlets	outlet
outliers	outlier
outlines	outline
outlived	outlive
outlooks	outlook
outmaneuvered	outmaneuver
outmatched	outmatch
outnumbered	outnumber
outnumbering	outnumber
outnumbers	outnumber
outpaced	outpace
outpaces	outpace
outpacing	outpace
outpatients	outpatient
outperformed	outperform
outperforming	outperform
outperforms	outperform
outplayed	outplay
outplaying	outplay
outposts	outpost
outpourings	outpouring
outputs	output
outputted	output
outputting	output
outrages	outrage
outraging	outrage
outranks	outrank
outreached	outreach
outreaches	outreach
outriders	outrider
outriggers	outrigger
outrunning	outrun
outs	out
outscored	outscore
outscoring	outscore
outshined	outshine
outshines	outshine
outsiders	outsider
outsides	outside
outskirts	outskirt
outsmarted	outsmart
outsold	outsell
outsourced	outsource
outstations	outstation
outstays	outstay
outstripped	outstrip
outstripping	outstrip
outstrips	outstrip
outta	out of
outtakes	outtake
outvoted	outvote
outvoting	outvote
outweighed	outweigh
outweighing	outweigh
outweighs	outweigh
outwitted	outwit
outworks	outwork
outworn	outwear
ova	ovum
ovals	oval
ovaries	ovary
ovations	ovation
ovens	oven
overachieved	overachieve
overachieving	overachieve
overalls	overall
overbought	overbuy
overburdening	overburden
overbuying	overbuy
overcame	overcome
overcharged	overcharge
overcharging	overcharge
overcoats	overcoat
overcomes	overcome
overcoming	overcome
overcommitting	overcommit
overcompensating	overcompensate
overcooking	overcook
overcooks	overcook
overdid	overdo
overdoing	overdo
overdosed	overdose
overdoses	overdose
overdrafts	overdraft
overdrawn	overdraw
overdriving	overdrive
overestimated	overestimate
overfilled	overfill
overfilling	overfill
overfills	overfill
overflowed	overflow
overflows	overflow
overgrowths	overgrowth
overhangs	overhang
overhauled	overhaul
overhauling	overhaul
overhauls	overhaul
overheads	overhead
overheard	overhear
overhearing	overhear
overhears	overhear
overheats	overheat
overindulged	overindulge
overindulging	overindulge
overlaid	overlie
overlain	overlie
overlander	overland
overlapped	overlap
overlaps	overlap
overlay	overlie
overlaying	overlie
overlays	overlie
overlies	overlie
overloading	overload
overloads	overload
overlooks	overlook
overlords	overlord
overnighted	overnight
overnighter	overnight
overpaid	overpay
overpasses	overpass
overpayments	overpayment
overplayed	overplay
overplaying	overplay
overpopulated	overpopulate
overpowered	overpower
overpowers	overpower
overpressures	overpressure
overpricing	overprice
overprinted	overprint
overproduced	overproduce
overran	overrun
overreacted	overreact
overreacting	overreact
overreactions	overreaction
overreacts	overreact
overridden	override
overrides	override
overrode	override
overruled	overrule
overrules	overrule
overruling	overrule
overruns	overrun
overs	over
oversaw	oversee
overseeing	oversee
overseen	oversee
overseers	overseer
oversees	oversee
oversewn	oversew
overshadowed	overshadow
overshadowing	overshadow
overshadows	overshadow
overshoots	overshoot
oversimplified	oversimplify
oversimplifying	oversimplify
oversold	oversell
overspending	overspend
overspent	overspend
overspreads	overspread
overstated	overstate
overstates	overstate
overstating	overstate
overstayed	overstay
overstaying	overstay
overstepped	overstep
overstepping	overstep
oversteps	overstep
overstocked	overstock
overstretched	overstretch
overtaken	overtake
overtakes	overtake
overthinking	overthink
overthought	overthink
overthrew	overthrow
overthrowing	overthrow
overthrown	overthrow
overthrows	overthrow
overtones	overtone
overtook	overtake
overtopped	overtop
overtopping	overtop
overtures	overture
overturning	overturn
overturns	overturn
overused	overuse
overusing	overuse
overvalued	overvalue
overvaluing	overvalue
overviews	overview
overwhelmed	overwhelm
overwhelms	overwhelm
overwintered	overwinter
overworked	overwork
overwrites	overwrite
overwriting	overwrite
overwritten	overwrite
owed	owe
owens	owen
owes	owe
owls	owl
owners	owner
owning	own
owning up	own up
owns	own
oxen	ox
oxeyes	oxeye
oxfords	oxford
oxides	oxide
oxidised	oxidize
oxidises	oxidize
oxidising	oxidize
oximeters	oximeter
oxygenases	oxygenase
oxygenates	oxygenate
oxygenating	oxygenate
oysters	oyster
paced	pace
pacemakers	pacemaker
pacers	pacer
paces	pace
pacesetters	pacesetter
pacified	pacify
pacifiers	pacifier
pacifists	pacifist
pacings	pacing
packages	package
packagings	packaging
packers	packer
packets	packet
packings	packing
packs	pack
pacts	pact
paddies	paddy
paddled	paddle
paddlers	paddler
paddles	paddle
paddling	paddle
paddocks	paddock
padlocked	padlock
padlocks	padlock
padres	padre
pads	pad
paeans	paean
paediatric	pediatric
paediatrician	pediatrician
paediatricians	pediatrician
paediatrics	pediatrics
paedophile	pedophile
paedophiles	pedophile
paellas	paella
pagans	pagan
pageants	pageant
paged	page
pagers	pager
pages	page
pageviews	pageview
pagodas	pagoda
paide	paid
paining	pain
painkillers	painkiller
pains	pain
paintballs	paintball
painters	painter
paintings	painting
paints	paint
pairings	pairing
pairs	pair
paise	paisa
pajama	pyjama
pajamas	pyjama
pakistanis	pakistani
palaces	palace
paladins	paladin
palaeoanthropology	paleoanthropology
palaeobiology	paleobiology
palaeoclimatic	paleoclimatic
palaeoecology	paleoecology
palaeontological	paleontological
palaeontologist	paleontologist
palaeontology	paleontology
palaeozoic	paleozoic
palates	palate
paled	pale
paleocene	palaeocene
paler	pale
pales	pale
palestinians	palestinian
palettes	palette
palisades	palisade
pallbearers	pallbearer
pallets	pallet
palliatives	palliative
palling	pal	pall
palls	pall
palmed	palm
palmers	palmer
palming	palm
palms	palm
palpitations	palpitation
pals	pal
pampered	pamper
pampers	pamper
pamphlets	pamphlet
panamanians	panamanian
pancakes	pancake
pandas	panda
pandemics	pandemic
pandered	pander
panders	pander
pandits	pandit
panelists	panelist
panelled	panel
panelling	panel
panellists	panellist
panels	panel
panes	pane
pangs	pang
panhandlers	panhandler
panhandling	panhandle
panicking	panic
panics	panic
panjabi	punjabi
panned	pan
panniers	pannier
panning	pan
panoramas	panorama
pans	pan
pansies	pansy
pantaloons	pantaloon
panted	pant
panthers	panther
panties	panty
pantomimes	pantomime
pantries	pantry
pants	pant
panzers	panzer
paparazzi	paparazzo
papas	papa
paperbacks	paperback
papered	paper
papers	paper
paperweights	paperweight
paps	pap
papyri	papyrus
parables	parable
parabolas	parabola
parachuted	parachute
parachutes	parachute
parachutists	parachutist
paraded	parade
parades	parade
paradigms	paradigm
parading	parade
paradises	paradise
paradoxes	paradox
paragliders	paraglider
paragraphs	paragraph
paralegals	paralegal
parallaxes	parallax
paralleled	parallel
parallels	parallel
paralympians	paralympian
paralyse	paralyze
paralysed	paralyzed	paralyze
paralyses	paralysis	paralyze
paralysing	paralyze
paralyzes	paralyze
paralyzing	paralyze
paramedics	paramedic
parameterise	parameterize
parameterised	parameterize
parameterized	parameterize
parameters	parameter
paramilitaries	paramilitary
parapets	parapet
paraphrased	paraphrase
paraphrasing	paraphrase
paraplegics	paraplegic
paras	para
parasites	parasite
parasitoids	parasitoid
parasols	parasol
parathyroids	parathyroid
paratroopers	paratrooper
parboiled	parboil
parboiling	parboil
parcelled	parcel
parcels	parcel
parchments	parchment
pardoned	pardon
pardoning	pardon
pardons	pardon
pared	pare
paredes	pare
parentheses	parenthesis
parenthesized	parenthesise
parents	parent
parents-in-law	parent-in-law
parishes	parish
parishioners	parishioner
parisians	parisian
parkers	parker
parkinsons	parkinson
parklands	parkland
parklets	parklet
parks	park
parkways	parkway
parlayed	parlay
parleys	parley
parliamentarians	parliamentarian
parliaments	parliament
parlors	parlor
parodied	parody
parodies	parody
paroled	parole
parolees	parolee
paroles	parole
parred	par
parried	parry
parries	parry
parroted	parrot
parroting	parrot
parrots	parrot
parrying	parry
pars	par
parsed	parse
parsing	parse
parsleys	parsley
parsnips	parsnip
parsons	parson
partaken	partake
partakes	partake
partaking	partake
parterres	parterre
partials	partial
participants	participant
participated	participate
participates	participate
participations	participation
participles	participle
particles	particle
particularities	particularity
particulars	particular
particulates	particulate
partied	party
parties	party
partings	parting
partisans	partisan
partitioned	partition
partitions	partition
partnered	partner
partnering	partner
partners	partner
partnerships	partnership
partook	partake
parts	part
party's	party
partying	party
pas	pa
pase	pa
passages	passage
passageways	passageway
passcodes	passcode
passe	pass
passed away	pass away
passed by	pass by
passed on	pass on
passed out	pass out
passed over	pass over
passed up	pass up
passengers	passenger
passers	passer
passersby	passerby
passes	pass
passing away	pass away
passing by	pass by
passing over	pass over
passing up	pass up
passionfruit	passion fruit
passions	passion
passivated	passivate
passkeys	passkey
passports	passport
passwords	password
pastas	pasta
pastels	pastel
paster	past
pasterns	pastern
pastes	paste
pastiches	pastiche
pasties	pasty
pastimes	pastime
pasting	paste
pastoralists	pastoralist
pastors	pastor
pastries	pastry
pasts	past
pastured	pasture
pastures	pasture
patches	patch
patchworks	patchwork
pate	pat
patenting	patent
patents	patent
pates	pat
pathfinders	pathfinder
pathogens	pathogen
pathologists	pathologist
paths	path
pathways	pathway
patiences	patience
patients	patient
patios	patio
patriarchs	patriarch
patricks	patrick
patrimonies	patrimony
patriots	patriot
patrolled	patrol
patrolling	patrol
patrols	patrol
patronages	patronage
patronise	patronize
patronised	patronize
patronises	patronize
patronising	patronize
patrons	patron
pats	pat
patted	pat
pattens	patten
patterning	pattern
patterns	pattern
patties	patty
patting	pat
paul's	paul
pauls	paul
paulsen	paul
paupers	pauper
paused	pause
pauses	pause
pausing	pause
pavements	pavement
pavers	paver
paves	pave
pavese	pave
pavilions	pavilion
pawed	paw
pawned	pawn
pawns	pawn
pawpaws	pawpaw
paws	paw
payables	payable
paybacks	payback
paychecks	paycheck
payers	payer
paying off	pay off
paying out	pay out
payloads	payload
paymasters	paymaster
payments	payment
payoffs	payoff
payouts	payout
payrolls	payroll
pays	pay
paywalls	paywall
pce	pc
pcs	pc
peacekeepers	peacekeeper
peaches	peach
peacocks	peacock
peaking	peak
peaks	peak
peals	peal
peanuts	peanut
pearls	pearl
pears	pear
pearse	pear
peas	pea
peasantries	peasantry
peasants	peasant
pease	pea
peases	pea
peatlands	peatland
pebbles	pebble
pecans	pecan
pecked	peck
pecking	peck
pecks	peck
pecs	pec
peculiarities	peculiarity
pedagogues	pedagogue
pedaled	pedal
pedaling	pedal
pedals	pedal
peddled	peddle
peddlers	peddler
peddles	peddle
pederasts	pederast
pedestals	pedestal
pedestrians	pedestrian
pediatricians	pediatrician
pedicures	pedicure
pedigrees	pedigree
pediments	pediment
pedlars	peddler
pedophiles	pedophile
peed	pee
peeked	peek
peeking	peek
peeks	peek
peelers	peeler
peelings	peeling
peels	peel
peeped	peep
peepers	peeper
peepholes	peephole
peeping	peep
peeps	peep
peerages	peerage
peered	peer
peering	peer
peers	peer
peeves	peeve
pegged	peg
pegging	peg
pegs	peg
pejoratives	pejorative
pelicans	pelican
pellets	pellet
pelted	pelt
pelts	pelt
pelvises	pelvis
penalise	penalize
penalised	penalize
penalises	penalize
penalising	penalize
penalized	penalize
penalizing	penalize
penalties	penalty
penances	penance
pence	penny
pencilled	pencil
pencilling	pencil
pencils	pencil
pendants	pendant
penetrated	penetrate
penetrates	penetrate
penetrations	penetration
penguins	penguin
penicillins	penicillin
peninsulas	peninsula
penises	penis
penitents	penitent
penmen	penman
pennants	pennant
penned	pen
pennies	penny
pennsylvanians	pennsylvanian
pens	pen
pense	pen
pensioned	pension
pensioners	pensioner
pensions	pension
pentagrams	pentagram
pentes	pent
penthouses	penthouse
peonies	peony
people	person
people's	person
peoples	person
peopling	person
peppercorns	peppercorn
peppered	pepper
peppering	pepper
peppers	pepper
peps	pep
peptides	peptide
per cent	percent
perceives	perceive
perceiving	perceive
percentages	percentage
percentiles	percentile
perceptions	perception
perched	perch
perches	perch
perching	perch
perchlorates	perchlorate
percolates	percolate
percolating	percolate
percolators	percolator
percussionists	percussionist
peregrinations	peregrination
perennials	perennial
perfecting	perfect
perfectionists	perfectionist
perfections	perfection
perforations	perforation
performances	performance
performed	perform
performers	performer
performs	perform
perfumeries	perfumery
perfumes	perfume
pergolas	pergola
perils	peril
perimeters	perimeter
periodicals	periodical
periods	period
peripatetics	peripatetic
peripherals	peripheral
peripheries	periphery
periscopes	periscope
perishes	perish
perishing	perish
peritoneums	peritoneum
periwinkles	periwinkle
perjured	perjure
perked	perk
perks	perk
permeabilities	permeability
permeated	permeate
permeates	permeate
permissions	permission
permits	permit
permitting	permit
perms	perm
permutations	permutation
permuted	permute
perpetrated	perpetrate
perpetrating	perpetrate
perpetrators	perpetrator
perpetuated	perpetuate
perpetuates	perpetuate
perpetuating	perpetuate
perps	perp
pers	per
persecuted	persecute
persecutes	persecute
persecuting	persecute
persecutions	persecution
persevered	persevere
perseveres	persevere
persisted	persist
persists	persist
person's	person
personae	persona
personages	personage
personalise	personalize
personalised	personalized	personalize
personalises	personalize
personalising	personalize
personalities	personality
personals	personal
personas	persona
personified	personify
personifies	personify
persons	person
perspectives	perspective
perspiring	perspire
persuaded	persuade
persuaders	persuader
persuades	persuade
persuading	persuade
persuasions	persuasion
pertaining	pertain
pertains	pertain
perturbations	perturbation
perused	peruse
peruvians	peruvian
pervaded	pervade
pervades	pervade
pervading	pervade
perversions	perversion
perverting	pervert
perverts	pervert
pesetas	peseta
pesos	peso
pessaries	pessary
pessimists	pessimist
pesticides	pesticide
pests	pest
pet scans	pet scan
petabytes	petabyte
petals	petal
petechiae	petechia
peter's	peter
petered	peter
peters	peter
petersen	peter
petes	pete
petitioned	petition
petitioners	petitioner
petitioning	petition
petitions	petition
petrochemicals	petrochemical
pets	pet
petse	pet
petted	pet
petticoats	petticoat
pews	pew
pfennigs	pfennig
pge	pg
phages	phage
phalanxes	phalanx
phantoms	phantom
pharaohs	pharaoh
pharisees	pharisee
pharmaceuticals	pharmaceutical
pharmaceutics	pharmaceutic
pharmacies	pharmacy
pharmacists	pharmacist
phased	phase
phases	phase
phasing	phase
phds	phd
pheasants	pheasant
phenols	phenol
phenomena	phenomenon
phenotypes	phenotype
pheromones	pheromone
philadelphians	philadelphian
philanthropies	philanthropy
philanthropists	philanthropist
philippines	philippine
philips	philip
philistines	philistine
phillips	phillip
philosophers	philosopher
philosophies	philosophy
phils	phil
phobias	phobia
phoned	phone
phonemes	phoneme
phones	phone
phosphatases	phosphatase
phosphates	phosphate
phospholipids	phospholipid
phosphoproteins	phosphoprotein
photobooks	photobook
photocathodes	photocathode
photocells	photocell
photocopied	photocopy
photocopiers	photocopier
photocopies	photocopy
photodiodes	photodiode
photographed	photograph
photographers	photographer
photographing	photograph
photographs	photograph
photons	photon
photoreceptors	photoreceptor
photos	photo
phrased	phrase
phrases	phrase
phyla	phylum
phylogenies	phylogeny
physicians	physician
physicists	physicist
physiognomies	physiognomy
physiotherapists	physiotherapist
physiques	physique
pianists	pianist
pianos	piano
piazzas	piazza
piccolos	piccolo
pickaxes	pickaxe
picked on	pick on
picked up	pick up
pickers	picker
picketed	picket
pickets	picket
picking out	pick out
picking up	pick up
pickings	picking
pickles	pickle
pickling	pickle
pickpockets	pickpocket
picks	pick
pickups	pickup
picnickers	picnicker
picnics	picnic
picots	picot
pics	pic
pictograms	pictogram
pictures	picture
pieced	piece
pieces	piece
piecing	piece
pierces	pierce
piercings	piercing
piers	pier
pierse	pier
pies	pie
pigeonholed	pigeonhole
pigeonholes	pigeonhole
pigeons	pigeon
piggeries	piggery
piggies	piggy
pigging	pig
piggybacked	piggyback
piglets	piglet
pigmented	pigment
pigments	pigment
pigs	pig
pigtails	pigtail
pikes	pike
piled	pile
piles	pile
pilfered	pilfer
pilfering	pilfer
pilgrimages	pilgrimage
pilgrims	pilgrim
pilings	piling
pillagers	pillager
pillars	pillar
pilloried	pillory
pillowcases	pillowcase
pillows	pillow
pills	pill
pilots	pilot
pimples	pimple
pimps	pimp
pin-pointing	pinpointing
pinballs	pinball
pincers	pincer
pinches	pinch
pineapples	pineapple
pined	pine
pines	pine
pinewoods	pinewood
pinged	ping
pinging	ping
pings	ping
pinholes	pinhole
pinker	pink
pinkie	pinky
pinkies	pinky
pinking	pink
pinks	pink
pinnacles	pinnacle
pinned	pin
pinned down	pin down
pinnipeds	pinniped
pinpointed	pinpoint
pinpoints	pinpoint
pinpricks	pinprick
pins	pin
pinstripes	pinstripe
pintos	pinto
pints	pint
pioneered	pioneer
pioneers	pioneer
piped	pipe
pipelines	pipeline
pipers	piper
pipes	pipe
pipits	pipit
pipped	pip
pipping	pip
pips	pip
piqued	pique
piquing	pique
pirated	pirate
pirates	pirate
pirouetted	pirouette
pirouetting	pirouette
pis	pi
pissed off	piss off
pissing	piss
pistachios	pistachio
pistes	piste
pistol-whipped	pistol-whip
pistols	pistol
pistons	piston
pitchers	pitcher
pitches	pitch
pitchforks	pitchfork
pitfalls	pitfall
pitied	pity
pities	pity
pits	pit
pivoted	pivot
pivots	pivot
pixels	pixel
pixes	pix
pixies	pixie
pizzas	pizza
pizzerias	pizzeria
pl	place
placarding	placard
placards	placard
placated	placate
placates	placate
placebos	placebo
placekickers	placekicker
placements	placement
placentas	placenta
placers	placer
places	place
placings	placing
plagiarizing	plagiarize
plagued	plague
plagues	plague
plaguing	plague
plaids	plaid
plainer	plain
plainest	plain
plains	plain
plainsmen	plainsman
plaintiffs	plaintiff
plaited	plait
plaiting	plait
plaits	plait
planes	plane
planetoids	planetoid
planets	planet
planing	plane
planked	plank
planks	plank
planners	planner
plans	plan
plantains	plantain
plantations	plantation
planters	planter
plantings	planting
plants	plant
plaques	plaque
plasmas	plasma
plasmids	plasmid
plasmodesmata	plasmodesma
plasterers	plasterer
plasters	plaster
plasticised	plasticize
plasticiser	plasticizer
plasticisers	plasticizer
plasticized	plasticize
plastics	plastic
plateaued	plateau
plateaus	plateau
plated	plate
platelets	platelet
plates	plate
platforming	platform
platforms	platform
platitudes	platitude
platoons	platoon
platters	platter
plaudits	plaudit
play-by-play	playbyplay
playbills	playbill
played out	play out
player's	player
players	player
playfighting	playfight
playgoers	playgoer
playgrounds	playground
playing cards	playing card
playing with fire	play with fire
playings	playing
playmates	playmate
playoffs	playoff
playrooms	playroom
plays	play
playstations	playstation
playtimes	playtime
playwrights	playwright
plazas	plaza
ple	place
pleaded	plead
pleadings	pleading
pleads	plead
pleas	plea
pleasanter	pleasant
pleasantries	pleasantry
pleaser	plea
pleases	please
pleasures	pleasure
pleasuring	pleasure
pleated	pleat
pleats	pleat
plebeians	plebeian
plebiscites	plebiscite
pled	plea	plead
pledges	pledge
pledging	pledge
plenipotentiaries	plenipotentiary
plenums	plenum
plied	ply
pliers	plier
plies	ply
plights	plight
plinking	plink
plinths	plinth
pln	plain
plodded	plod
plonked	plonk
plopped	plop
plosives	plosive
plots	plot
plotters	plotter
plotting	plot
ploughed	plough
ploughing	plough
ploughs	plough
plovers	plover
plow	plough
plows	plough
plowshares	plowshare
ploys	ploy
plucking	pluck
plucks	pluck
plug-ins	plug-in
plugs	plug
plumbed	plumb
plumbers	plumber
plumes	plume
plummeted	plummet
plummeting	plummet
plummets	plummet
plumped	plump
plumper	plump
plumps	plump
plums	plum
plunged	plunge
plungers	plunger
plunges	plunge
plunging	plunge
plunking	plunk
pluralise	pluralize
plurals	plural
pluses	plus
plusher	plush
plushest	plush
plying	ply
plywoods	plywood
pms	pm
pne	pine
poachers	poacher
pocketbooks	pocketbook
pocketed	pocket
pockets	pocket
pocs	poc
podcasts	podcast
podded	pod
podiatrists	podiatrist
podiums	podium
pods	pod
poems	poem
poetries	poetry
poets	poet
pogroms	pogrom
poinsettias	poinsettia
pointers	pointer
pointing	point
pointing out	point out
points	point
poisoned	poison
poisonings	poisoning
poisons	poison
poked	poke
pokers	poker
pokes	poke
pokies	poky
polarised	polarize
polarising	polarize
polarities	polarity
polarization	polarisation
polarized	polarize
polarizing	polarize
pole vault	pole-vault
pole-vaulter	pole vaulter
polecats	polecat
poled	pole
polemics	polemic
poles	pole
police departments	police department
policed	police
policemen	policeman
polices	police
policewomen	policewoman
policies	policy
policyholders	policyholder
policymakers	policymaker
poling	pole
polishes	polish
politest	polite
political parties	political party
politicians	politician
politicise	politicize
politicised	politicize
politicizing	politicize
polities	polity
pollarded	pollard
pollards	pollard
polled	poll
pollens	pollen
pollinated	pollinate
pollinating	pollinate
pollinators	pollinator
polls	poll
pollsters	pollster
pollutants	pollutant
polluters	polluter
pollutes	pollute
polluting	pollute
polos	polo
poltergeists	poltergeist
polygons	polygon
polymerise	polymerize
polymerised	polymerize
polymers	polymer
polymorphisms	polymorphism
polynesians	polynesian
polynomials	polynomial
polyps	polyp
polysaccharides	polysaccharide
polytechnics	polytechnic
polyurethanes	polyurethane
pom-poms	pom-pom
pomegranates	pomegranate
pondered	ponder
ponders	ponder
ponds	pond
ponies	pony
pontificated	pontificate
pontificates	pontificate
pontoons	pontoon
poo-pooed	poo-poo
pooches	pooch
poodles	poodle
pooing	poo
pooled	pool
pools	pool
pooping	poop
poops	poop
poore	poor
poorer	poor
poorest	poor
pop up	pop-up
pop-ups	pop-up
popes	pope
poplars	poplar
popped	pop
poppers	popper
poppies	poppy
poppiest	poppy
pops	pop
popsicles	popsicle
popularised	popularize
popularized	popularize
populates	populate
populating	populate
population's	population
populations	population
popup	pop-up
popups	pop-up
porches	porch
porcupines	porcupine
pored	pore
pores	pore
poring	pore
porosities	porosity
porpoises	porpoise
portables	portable
portals	portal
portcullises	portcullis
porte	port
ported	port
portends	portend
portents	portent
portering	porter
porters	porter
portes	port
portfolios	portfolio
portholes	porthole
porting	port
portioned	portion
portions	portion
portlanders	portlander
portlands	portland
portraits	portrait
portrayals	portrayal
portrays	portray
ports	port
posers	poser
poses	pose
poshest	posh
posies	posy
posited	posit
positing	posit
positioned	position
positions	position
positives	positive
posits	posit
posses	posse
possesses	possess
possessing	possess
possessions	possession
possessives	possessive
possessors	possessor
possibilities	possibility
possums	possum
post-modern	postmodern
postal workers	postal worker
postcards	postcard
postcoded	postcode
postcodes	postcode
postcoding	postcode
postdocs	postdoc
posters	poster
postgraduates	postgraduate
postings	posting
postmarked	postmark
postmarks	postmark
postmasters	postmaster
postmen	postman
postmortems	postmortem
postponements	postponement
postponing	postpone
posts	post
postulated	postulate
postulates	postulate
postulations	postulation
postures	posture
potatoes	potato
potencies	potency
potentialities	potentiality
potentials	potential
potentiometers	potentiometer
potholes	pothole
potions	potion
pots	pot
potshots	potshot
pottered	potter
potteries	pottery
pottering	potter
potters	potter
potties	potty
potting	pot
pottinger	pot
pouches	pouch
pouching	pouch
pounced	pounce
pounces	pounce
pouncing	pounce
pounded	pound
pounds	pound
poured	pour
pours	pour
pouting	pout
powdering	powder
powders	powder
powerboats	powerboat
powerhouses	powerhouse
powering	power
powerlines	powerline
powers	power
pows	pow
ppl	person
pple	person
pr	prairie
practicalities	practicality
practices	practice
practise	practice
practised	practice
practises	practice
practising	practice	practicing
practitioners	practitioner
praetors	praetor
pragmatics	pragmatic
pragmatists	pragmatist
prairies	prairie
praised	praise
praises	praise
pralines	praline
prams	pram
prances	prance
prancing	prance
pranged	prang
pranked	prank
pranking	prank
pranks	prank
pranksters	prankster
prattled	prattle
prattles	prattle
prawning	prawn
prawns	prawn
praxes	praxis
prayas	praia
prayed	pray
prayers	prayer
praying	pray
prays	pray
pre-empt	preempt
pre-empted	preempt
pre-emptive	preemptive
pre-ordered	pre-order
pre-orders	pre-order
preached	preach
preachers	preacher
preaches	preach
preapproved	preapprove
prearranged	prearrange
prebendaries	prebendary
precautions	precaution
preceded	precede
precedents	precedent
precedes	precede
precepts	precept
precincts	precinct
precipices	precipice
precipitated	precipitate
precisions	precision
precluded	preclude
precludes	preclude
precluding	preclude
preconceptions	preconception
preconditioning	precondition
preconditions	precondition
precursors	precursor
predated	predate
predates	predate
predating	predate
predators	predator
predeceased	predecease
predeceasing	predecease
predecessors	predecessor
predicated	predicate
predicates	predicate
predicted	predict
predicting	predict
predictions	prediction
predictors	predictor
predicts	predict
predilections	predilection
predisposing	predispose
predominated	predominate
predominates	predominate
predominating	predominate
preempted	preempt
preening	preen
prefabs	prefab
prefaced	preface
prefaces	preface
prefects	prefect
prefectures	prefecture
preferences	preference
preferring	prefer
prefers	prefer
prefilled	prefill
prefixed	prefix
prefixes	prefix
preformed	preform
preforming	preform
preforms	preform
pregnancies	pregnancy
preheated	preheat
preheating	preheat
preheats	preheat
prejudging	prejudge
prejudices	prejudice
prelates	prelate
preliminaries	preliminary
preludes	prelude
preluding	prelude
prem	prairie
premiered	premier	premiere
premieres	premiere
premiering	premier	premiere
premiers	premier
premierships	premiership
premised	premise
premises	premise
premiums	premium
pren	prairie
preoccupations	preoccupation
preorder	pre-order
preowned	preown
preparations	preparation
prepares	prepare
prepended	prepend
prepped	prep
prepping	prep
preprints	preprint
preps	prep
prequalified	prequalify
prequels	prequel
prerequisites	prerequisite
prerogatives	prerogative
pres	prairie
presaged	presage
presages	presage
presbyters	presbyter
preschoolers	preschooler
preschools	preschool
prescribes	prescribe
prescribing	prescribe
prescriptions	prescription
preselected	preselect
presences	presence
presentations	presentation
presented	present
presenters	presenter
presentments	presentment
presents	present
preservationists	preservationist
preservatives	preservative
preserves	preserve
preserving	preserve
presets	pre-set
presided	preside
presidencies	presidency
president's	president
presidents	president
presides	preside
presiding	preside
prespecified	prespecify
presses	press
pressinger	pressing
pressings	pressing
pressmen	pressman
pressured	pressure
pressures	pressure
pressuring	pressure
pressurise	pressurize
pressurised	pressurize
pressurising	pressurize
pressurized	pressurize
pressurizes	pressurize
prestidigitators	prestidigitator
prestressed	prestress
presumed	presume
presumes	presume
presuming	presume
presumptions	presumption
presupposed	presuppose
presupposes	presuppose
preteens	preteen
pretenders	pretender
pretends	pretend
pretenses	pretense
pretensions	pretension
pretexts	pretext
pretreated	pretreat
pretreatments	pretreatment
prettier	pretty
prettiest	pretty
pretzels	pretzel
prevailed	prevail
prevails	prevail
prevented	prevent
preventing	prevent
prevents	prevent
previewed	preview
previewing	preview
previews	preview
preyed	prey
preying	prey
preys	prey
priced	price
priced out	price out
prices	price
pricier	pricey
priciest	pricey
pricked	prick
prickles	prickle
pricks	prick
prided	pride
prides	pride
priding	pride
pried	pry
priede	pry
priestesses	priestess
priesthoods	priesthood
priests	priest
primaries	primary
primary schools	primary school
primates	primate
prime ministers	prime minister
primers	primer
primes	prime
primitives	primitive
primroses	primrose
prims	prim
primulas	primula
princes	prince
princesses	princess
principales	principal
principalities	principality
principles	principle
printed	print
printers	printer
printings	printing
printmakers	printmaker
printouts	printout
prints	print
prions	prion
priories	priory
priorities	priority
prioritise	prioritize
prioritised	prioritize
prioritises	prioritize
prioritising	prioritize
prioritized	prioritize
prioritizes	prioritize
prioritizing	prioritize
priors	prior
prised	prise
prises	prise
prising	prise
prisms	prism
prisoners	prisoner
prisons	prison
privacies	privacy
privates	private
privations	privation
privatise	privatize
privatised	privatize
privatising	privatize
privatizations	privatization
privatized	privatize
privies	privy
privileges	privilege
privileging	privilege
prized	prize
prizes	prize
pro tem	pro tempore
pro-forma	pro forma
pro-lifers	pro-lifer
probabilities	probability
probables	probable
probates	probate
probationers	probationer
probed	probe
probes	probe
probiotics	probiotic
problems	problem
procedures	procedure
proceeded	proceed
proceedings	proceeding
processes	process
processions	procession
processors	processor
proclaiming	proclaim
proclaims	proclaim
proclamations	proclamation
procrastinating	procrastinate
proctored	proctor
proctoring	proctor
procurators	procurator
procured	procure
procurements	procurement
procures	procure
procuring	procure
prodded	prod
prodigals	prodigal
prodigies	prodigy
prods	prod
produced	produce
producers	producer
produces	produce
producing	produce
productions	production
products	product
prof	professor
profanities	profanity
professes	profess
professionals	professional
professions	profession
professors	professor
professorships	professorship
proffered	proffer
proffering	proffer
profiled	profile
profiles	profile
profited	profit
profiteers	profiteer
profiting	profit
profits	profit
profounder	profound
progenitors	progenitor
prognoses	prognosis
prognosticating	prognosticate
prognostications	prognostication
prognosticators	prognosticator
prognostics	prognostic
program	programme
programe	programme
programmed	programme
programmers	programmer
programmes	programme
programs	programme
progressed	progress
progresses	progress
progressing	progress
progressions	progression
progressives	progressive
prohibiting	prohibit
prohibitions	prohibition
prohibits	prohibit
projectiles	projectile
projections	projection
projectors	projector
projects	project
proletarians	proletarian
proliferated	proliferate
proliferating	proliferate
prolonging	prolong
prolongs	prolong
promenaded	promenade
promenades	promenade
prominences	prominence
promised	promise
promises	promise
promos	promo
promoted	promote
promoters	promoter
promotes	promote
promoting	promote
promotions	promotion
prompted	prompt
promptings	prompting
prompts	prompt
proms	prom
promulgating	promulgate
pronghorns	pronghorn
prongs	prong
pronouncements	pronouncement
pronouncing	pronounce
pronouns	pronoun
pronunciations	pronunciation
proofer	proof
proofreaders	proofreader
proofs	proof
propagandists	propagandist
propagandized	propagandize
propagated	propagate
propagates	propagate
propagating	propagate
propagators	propagator
propellants	propellant
propelled	propel
propellers	propeller
propels	propel
propensities	propensity
properties	property
prophecies	prophecy
prophesied	prophesy
prophesies	prophesy
prophesying	prophesy
prophetesses	prophetess
prophets	prophet
proponents	proponent
proportioned	proportion
proportions	proportion
proposals	proposal
proposers	proposer
proposes	propose
proposing	propose
propositioned	proposition
propositioning	proposition
propositions	proposition
propounded	propound
propped	prop
propping	prop
proprieties	propriety
proprietors	proprietor
props	prop
prorated	prorate
prorogued	prorogue
pros	pro
prosecuted	prosecute
prosecuting	prosecute
prosecutions	prosecution
prosecutors	prosecutor
proselytise	proselytize
proselytising	proselytize
proselytizers	proselytizer
prosen	pro
prospected	prospect
prospecting	prospect
prospectors	prospector
prospects	prospect
prospectuses	prospectus
prospered	prosper
prostaglandins	prostaglandin
prostheses	prosthesis
prosthetics	prosthetic
prostitutes	prostitute
prostrated	prostrate
protagonists	protagonist
proteases	protease
protectionists	protectionist
protections	protection
protectors	protector
protects	protect
proteins	protein
protestants	protestant
protestations	protestation
protested	protest
protesters	protester
protestors	protestor
protests	protest
protists	protist
protocols	protocol
protons	proton
prototyped	prototype
prototypes	prototype
prototyping	prototype
protractors	protractor
protruded	protrude
protrudes	protrude
prouder	proud
proudest	proud
proverbs	proverb
proves	prove
provided	provide
providers	provider
provides	provide
providing	provide
provinces	province
provincials	provincial
proving	prove
provisioned	provision
provisions	provision
provisos	proviso
provocations	provocation
provokes	provoke
prowled	prowl
prowling	prowl
prowls	prowl
proxies	proxy
prt	port
pruned	prune
pruners	pruner
prunes	prune
ps	p
psalms	psalm
pse	p
pseudogenes	pseudogene
pseudonyms	pseudonym
psyches	psyche
psychiatrists	psychiatrist
psychics	psychic
psychoanalysts	psychoanalyst
psychologies	psychology
psychologists	psychologist
psychopaths	psychopath
psychos	psycho
psychotherapies	psychotherapy
psychotherapists	psychotherapist
psyops	psyop
pt	point
pte	point
pterodactyls	pterodactyl
pterosaurs	pterosaur
ptes	point
pts	point
ptses	point
public services	public service
publicans	publican
publications	publication
publicise	publicize
publicised	publicize
publicises	publicize
publicising	publicize
publics	public
publishers	publisher
publishes	publish
pubs	pub
pucks	puck
puddings	pudding
puddles	puddle
puds	pud
puerto ricans	puerto rican
puertos	puerto
puffers	puffer
puffins	puffin
puffs	puff
pugs	pug
puked	puke
pulled	pull
pullers	puller
pullets	pullet
pulleys	pulley
pulling out	pull out
pullouts	pullout
pullovers	pullover
pulls	pull
pulping	pulp
pulpits	pulpit
pulps	pulp
puls	pul
pulsars	pulsar
pulsating	pulsate
pulsations	pulsation
pulsed	pulse
pulses	pulse
pulverise	pulverize
pulverised	pulverize
pulverising	pulverize
pulverizing	pulverize
pumas	puma
pummeled	pummel
pummeling	pummel
pumpkins	pumpkin
pumps	pump
punched	punch
punches	punch
punctuated	punctuate
punctuates	punctuate
punctures	puncture
puncturing	puncture
pundits	pundit
punishes	punish
punishments	punishment
punjabis	punjabi
punjabs	punjab
punks	punk
puns	pun
punted	punt
punters	punter
punts	punt
pupating	pupate
pupils	pupil
pupped	pup
puppeteers	puppeteer
puppets	puppet
puppies	puppy
pupping	pup
pups	pup
purchased	purchase
purchasers	purchaser
purchases	purchase
purebreds	purebred
pureed	puree
purees	puree
purer	pure
purest	pure
purged	purge
purges	purge
purified	purify
purifiers	purifier
purifies	purify
purists	purist
puritans	puritan
purling	purl
purloined	purloin
purples	purple
purported	purport
purporting	purport
purports	purport
purposed	purpose
purposes	purpose
purring	purr
purrs	purr
pursed	purse
pursers	purser
purses	purse
pursuers	pursuer
pursues	pursue
pursuits	pursuit
purveyors	purveyor
push-ups	push-up
pushchairs	pushchair
pushed	push
pushers	pusher
pushes	push
puts	put
putted	putt
puttees	puttee
puttering	putter
putters	putter
putting down	put down
putting in	put in
putting on	put on
putting out	put out
putts	putt
puzzlers	puzzler
puzzles	puzzle
pygmies	pygmy
pyjamas	pyjama
pylons	pylon
pylori	pylorus
pyramids	pyramid
pyres	pyre
pyrimidines	pyrimidine
pyrites	pyrite
pyrolysing	pyrolyse
pyromaniacs	pyromaniac
pyrotechnics	pyrotechnic
pythons	python
q&a	questions and answers
quacking	quack
quacks	quack
quadcopters	quadcopter
quadrants	quadrant
quadrats	quadrat
quadrilaterals	quadrilateral
quadrupled	quadruple
quadruples	quadruple
quads	quad
quaffed	quaff
quaffing	quaff
quaffs	quaff
quails	quail
quaked	quake
quakes	quake
qualia	quale
qualifications	qualification
qualifiers	qualifier
qualifies	qualify
qualities	quality
qualms	qualm
quangos	quango
quanta	quantum
quantified	quantify
quantifies	quantify
quantifying	quantify
quantised	quantize
quantities	quantity
quarantines	quarantine
quarks	quark
quarreled	quarrel
quarrels	quarrel
quarried	quarry
quarries	quarry
quarterbacking	quarterback
quarterbacks	quarterback
quartered	quarter
quarterfinals	quarterfinal
quarterlies	quarterly
quarters	quarter
quartets	quartet
quartiles	quartile
quarts	quart
quasars	quasar
quashed	quash
quashes	quash
quashing	quash
quatrains	quatrain
quavered	quaver
quavers	quaver
quays	quay
qubits	qubit
queen's	queen
queens	queen
queerest	queer
queers	queer
queried	query
queries	query
quested	quest
questing	quest
questioned	question
questioners	questioner
questionnaires	questionnaire
questions	question
quests	quest
queued	queue
queueing	queue
queues	queue
queuing	queue
quibbled	quibble
quibbles	quibble
quiches	quiche
quickened	quicken
quickens	quicken
quicker	quick
quickest	quick
quickies	quickie
quicks	quick
quicksands	quicksand
quicksteps	quickstep
quids	quid
quietened	quieten
quietening	quieten
quieter	quiet
quietest	quiet
quieting	quiet
quiets	quiet
quills	quill
quilts	quilt
quinces	quince
quinones	quinone
quins	quin
quints	quint
quintupled	quintuple
quipped	quip
quips	quip
quirked	quirk
quirkier	quirky
quirkiest	quirky
quirks	quirk
quislings	quisling
quitters	quitter
quitting	quit
quivers	quiver
quizzed	quiz
quizzes	quiz
quizzing	quiz
quod	queath
quoins	quoin
quoits	quoit
quorums	quorum
quotas	quota
quotations	quotation
quotes	quote
quoth	queath
quoting	quote
québécois	quebecois
r&d	research and development
r's	r
rabbets	rabbet
rabbis	rabbi
rabbiting	rabbit
rabbits	rabbit
rabbles	rabble
raccoons	raccoon
racecourses	racecourse
raced	race
racehorses	racehorse
racemes	raceme
racers	racer
races	race
racetracks	racetrack
rachels	rachel
racialised	racialize
racialized	racialize
racier	racy
racings	racing
racists	racist
racked	rack
rackets	racket
racks	rack
radars	radar
radials	radial
radians	radian
radiated	radiate
radiates	radiate
radiations	radiation
radiators	radiator
radicalise	radicalize
radicalised	radicalize
radicalising	radicalize
radicalized	radicalize
radicals	radical
radii	radius
radiocommunications	radiocommunication
radioed	radio
radiographers	radiographer
radiographs	radiograph
radiologists	radiologist
radionuclides	radionuclide
radios	radio
radishes	radish
raffled	raffle
raffles	raffle
raffling	raffle
rafted	raft
rafters	rafter
rafting	raft
rafts	raft
raged	rage
rages	rage
ragging	rag
rags	rag
raided	raid
raiders	raider
raids	raid
railed	rail
railings	railing
railroads	railroad
rails	rail
railwaymen	railwayman
railways	railway
rainbows	rainbow
raindrops	raindrop
rained	rain
rainfalls	rainfall
rainforests	rainforest
rainier	rainy
rainiest	rainy
rains	rain
rainstorms	rainstorm
raisers	raiser
raises	raise
raisings	raising
raisins	raisin
rajas	raja
rajputs	rajput
raked	rake
rakes	rake
raking	rake
rales	rale
rallied	rally
rallies	rally
ralphs	ralph
rambled	ramble
ramblers	rambler
rambles	ramble
ramblings	rambling
ramekins	ramekin
ramifications	ramification
rammed	ram
ramming	ram
rampaged	rampage
rampages	rampage
rampaging	rampage
ramparts	rampart
ramped	ramp
ramping	ramp
ramps	ramp
ramrods	ramrod
rams	ram
ramses	ram
ran	run
ranchers	rancher
ranches	ranch
randomised	randomize
rands	rand
rane	run
rang	ring
ranged	range
rangers	ranger
ranges	range
ranke	rank
rankings	ranking
rankled	rankle
ranks	rank
ransacks	ransack
ransoms	ransom
ranted	rant
rantings	ranting
rants	rant
raos	rao
raped	rape
rapes	rape
rapide	rapid
rapides	rapid
rapids	rapid
rapiers	rapier
raping	rape
rapists	rapist
rapped	rap
rappelled	rappel
rappers	rapper
rapping	rap
rapporteurs	rapporteur
raps	rap
raptors	raptor
raptures	rapture
rarer	rare
rarest	rare
rarities	rarity
rascals	rascal
rashers	rasher
rashes	rash
raspberries	raspberry
rasped	rasp
rasps	rasp
rastas	rasta
ratcheted	ratchet
ratcheting	ratchet
ratchets	ratchet
ratepayers	ratepayer
rates	rate
ratifications	ratification
ratifies	ratify
ratings	rating
rationalisation	rationalization
rationalise	rationalize
rationalising	rationalize
rationalized	rationalize
rationalizing	rationalize
rationals	rational
rations	ration
ratios	ratio
ratlines	ratline
rats	rat
rattlers	rattler
rattles	rattle
rattlesnakes	rattlesnake
ravages	ravage
raved	rave
ravelled	ravel
ravens	raven
ravenser	raven
ravers	raver
raves	rave
ravines	ravine
ravings	raving
ravished	ravish
ravishes	ravish
rawest	raw
rayed	ray
rays	ray
razorbacks	razorback
razors	razor
rd	road
rdg	ridge
rds	road
re-created	re-create
re-creates	re-create
re-creations	re-creation
re-educated	re-educate
re-educating	re-educate
re-elected	re-elect
re-electing	re-elect
re-employed	re-employ
re-established	re-establish
re-establishes	re-establish
re-establishing	re-establish
re-evaluated	re-evaluate
re-evaluates	re-evaluate
re-issue	reissue
re-issued	reissue
re-issues	reissue
re-issuing	reissue
re-released	re-release
re-releases	re-release
re-signed	re-sign
re-signing	re-sign
reabsorbed	reabsorb
reached	reach
reaches	reach
reacquainted	reacquaint
reactants	reactant
reacted	react
reacting	react
reactionaries	reactionary
reactions	reaction
reactivated	reactivate
reactivating	reactivate
reactors	reactor
reacts	react
readers	reader
readies	ready
readings	reading
readjusting	readjust
readouts	readout
reads	read
reaffirmed	reaffirm
reaffirming	reaffirm
reaffirms	reaffirm
reagans	reagan
reagents	reagent
reale	real
realer	real
realest	real
realigned	realign
realisation	realization
realisations	realization
realise	realize
realised	realize
realises	realize
realising	realize
realities	reality
realizations	realization
realizes	realize
realizing	realize
reallocated	reallocate
reallocating	reallocate
reallocations	reallocation
realms	realm
reals	real
realtors	realtor
reamed	ream
reamers	reamer
reaming	ream
reams	ream
reanimating	reanimate
reaped	reap
reaping	reap
reappeared	reappear
reappearing	reappear
reappears	reappear
reapplied	reapply
reapplying	reapply
reappointed	reappoint
reappointing	reappoint
reaps	reap
reared	rear
rearmed	rearm
rearming	rearm
rearranged	rearrange
rearranges	rearrange
rearranging	rearrange
rears	rear
rearwards	rearward
reasons	reason
reassembled	reassemble
reassembles	reassemble
reassembling	reassemble
reassessed	reassess
reassessing	reassess
reassigned	reassign
reassigns	reassign
reassurances	reassurance
reassures	reassure
reattaching	reattach
reawakened	reawaken
reawakening	reawaken
reawoke	reawake
rebars	rebar
rebated	rebate
rebates	rebate
rebelled	rebel
rebelling	rebel
rebellions	rebellion
rebels	rebel
rebirths	rebirth
rebooted	reboot
rebooting	reboot
reboots	reboot
rebound	rebind
rebounded	rebind
rebounder	rebind
rebounding	rebind
rebounds	rebind
rebranded	rebrand
rebranding	rebrand
rebrands	rebrand
rebroadcasting	rebroadcast
rebroadcasts	rebroadcast
rebuffed	rebuff
rebuffing	rebuff
rebuffs	rebuff
rebuildings	rebuilding
rebuilds	rebuild
rebuilt	rebuild
rebuked	rebuke
rebukes	rebuke
reburied	rebury
rebuttals	rebuttal
recalculated	recalculate
recalculating	recalculate
recalibrated	recalibrate
recalled	recall
recalling	recall
recalls	recall
recanted	recant
recaps	recap
recaptured	recapture
recaptures	recapture
recces	recce
receded	recede
recedes	recede
receipting	receipt
receipts	receipt
receivables	receivable
receivers	receiver
receives	receive
receiving	receive
receptacles	receptacle
receptionists	receptionist
receptions	reception
receptors	receptor
recertified	recertify
recesses	recess
recessions	recession
rechallenges	rechallenge
recharged	recharge
recharges	recharge
recharging	recharge
rechecked	recheck
recipes	recipe
recipients	recipient
reciprocated	reciprocate
reciprocating	reciprocate
recirculated	recirculate
recirculating	recirculate
recitalists	recitalist
recitals	recital
recitations	recitation
recitatives	recitative
recited	recite
recites	recite
reciting	recite
reckoned	reckon
reckonings	reckoning
reckons	reckon
reclaiming	reclaim
reclaims	reclaim
reclassified	reclassify
reclassifying	reclassify
reclined	recline
recliners	recliner
reclines	recline
recoded	recode
recognise	recognize
recognises	recognize
recognising	recognize
recognitions	recognition
recognizances	recognizance
recognized	recognised	recognize
recognizes	recognize
recognizing	recognize
recoiling	recoil
recollected	recollect
recollecting	recollect
recollections	recollection
recombined	recombine
recombines	recombine
recombining	recombine
recommences	recommence
recommencing	recommence
recommendations	recommendation
recommended	recommend
recommending	recommend
recommends	recommend
recommitted	recommit
recompensing	recompense
reconciles	reconcile
reconciliations	reconciliation
reconditioned	recondition
reconditioning	recondition
reconfirmed	reconfirm
reconfirms	reconfirm
reconnected	reconnect
reconnecting	reconnect
reconnects	reconnect
reconnoitre	reconnoiter
reconsidered	reconsider
reconsidering	reconsider
reconstituting	reconstitute
reconstructing	reconstruct
reconstructions	reconstruction
reconstructs	reconstruct
reconvened	reconvene
reconvenes	reconvene
reconvening	reconvene
reconverted	reconvert
recopied	recopy
recorders	recorder
recordings	recording
records	record
recounted	recount
recounts	recount
recouped	recoup
recouping	recoup
recoups	recoup
recourses	recourse
recoveries	recovery
recovers	recover
recrafted	recraft
recreated	recreate
recreates	recreate
recreating	recreate
recreations	recreation
recriminations	recrimination
recruited	recruit
recruiters	recruiter
recruitments	recruitment
recruits	recruit
rectangles	rectangle
rectifiers	rectifier
rectifies	rectify
rectifying	rectify
rectors	rector
rectos	recto
recuperated	recuperate
recuperates	recuperate
recuperating	recuperate
recurred	recur
recurs	recur
recurse	recur
recurses	recur
recursions	recursion
recutting	recut
recycled	recycle
recyclers	recycler
recycles	recycle
redactions	redaction
redbirds	redbird
redcaps	redcap
redcoats	redcoat
redder	red
reddest	red
redditors	redditor
rede	red
redecorated	redecorate
redecorating	redecorate
rededicated	rededicate
redeemers	redeemer
redeems	redeem
redefined	redefine
redefines	redefine
redefining	redefine
redem	red
redeployed	redeploy
redeploying	redeploy
reder	red
redesignating	redesignate
redesigned	redesign
redesigning	redesign
redesigns	redesign
redeveloped	redevelop
redeveloping	redevelop
redid	redo
redirected	redirect
redirecting	redirect
redirects	redirect
rediscovered	rediscover
rediscoveries	rediscovery
rediscovering	rediscover
rediscovers	rediscover
redisplayed	redisplay
redisplays	redisplay
redistributed	redistribute
redistributes	redistribute
redistributing	redistribute
rednecks	redneck
redone	redo
redoubles	redouble
redoubling	redouble
redounds	redound
redrafted	redraft
redrafting	redraft
redrawing	redraw
redrawn	redraw
redraws	redraw
redressed	redress
redressing	redress
redrew	redraw
reds	red
redshifts	redshift
redubbed	redub
reduces	reduce
reductases	reductase
reductions	reduction
redundancies	redundancy
redwoods	redwood
reechoed	reecho
reeds	reed
reefing	reef
reefs	reef
reeked	reek
reeks	reek
reelect	re-elect
reelected	re-elect
reelection	re-election
reeled	reel
reeling	reel
reels	reel
reemerged	reemerge
reemphasized	reemphasize
reenacted	reenact
reenactments	reenactment
reenacts	reenact
reenlisted	reenlist
reentered	reenter
reentering	reenter
reestablished	reestablish
reevaluate	re-evaluate
reevaluating	re-evaluate
reeves	reeve
reexamined	reexamine
reexamines	reexamine
refaced	reface
refashioned	refashion
refectories	refectory
refereed	referee
referees	referee
references	reference
referencing	reference
referendums	referendum
referents	referent
referrals	referral
referred	refer
refers	refer
refiled	refile
refilled	refill
refills	refill
refinanced	refinance
refinancing	refinance
refinements	refinement
refineries	refinery
refiners	refiner
refines	refine
refinished	refinish
refinishing	refinish
refits	refit
refitted	refit
refitting	refit
refixed	refix
refixing	refix
reflections	reflection
reflectors	reflector
reflects	reflect
reflexes	reflex
refocused	refocus
refocuses	refocus
reforged	reforge
reforging	reforge
reformations	reformation
reformatted	reformat
reformers	reformer
reforming	reform
reformists	reformist
reforms	reform
reformulated	reformulate
refracted	refract
refracting	refract
refractories	refractory
refrained	refrain
refraining	refrain
refrains	refrain
refreshers	refresher
refreshes	refresh
refreshments	refreshment
refrigerants	refrigerant
refrigerators	refrigerator
refs	ref
refuelled	refuel
refuelling	refuel
refugees	refugee
refuges	refuge
refunded	refund
refunding	refund
refunds	refund
refurbished	refurbish
refurbishments	refurbishment
refurnished	refurnish
refusals	refusal
refused	refuse
refuses	refuse
refusing	refuse
refutations	refutation
refuted	refute
refutes	refute
refuting	refute
regained	regain
regains	regain
regaled	regale
regaling	regale
regarded	regard
regarding	regard
regards	regard
regattas	regatta
regenerated	regenerate
regenerates	regenerate
regents	regent
regimens	regimen
regiments	regiment
regimes	regime
regions	region
registering	register
registers	register
registrants	registrant
registrars	registrar
registrations	registration
registries	registry
regressed	regress
regressing	regress
regressions	regression
regrets	regret
regretted	regret
regretting	regret
regrouped	regroup
regrouping	regroup
regularise	regularize
regularized	regularize
regulars	regular
regulates	regulate
regulations	regulation
regulators	regulator
regurgitated	regurgitate
regurgitating	regurgitate
regurgitations	regurgitation
rehabilitated	rehabilitate
rehabilitating	rehabilitate
rehashed	rehash
rehashes	rehash
rehashing	rehash
rehears	rehear
rehearsals	rehearsal
rehearsed	rehearse
rehearses	rehearse
rehearsing	rehearse
reheated	reheat
reheating	reheat
rehoused	rehouse
rehousing	rehouse
reified	reify
reifies	reify
reifying	reify
reigned	reign
reignited	reignite
reigniting	reignite
reigns	reign
reimagined	reimagine
reimagining	reimagine
reimbursed	reimburse
reimbursements	reimbursement
reimburses	reimburse
reimbursing	reimburse
reimposing	reimpose
reincarnated	reincarnate
reincarnations	reincarnation
reined	rein
reinforcements	reinforcement
reinforces	reinforce
reinforcing	reinforce
reining	rein
reins	rein
reinstated	reinstate
reinstates	reinstate
reinstating	reinstate
reinstituted	reinstitute
reintegrated	reintegrate
reintegrating	reintegrate
reinterpretations	reinterpretation
reinterpreted	reinterpret
reinterpreting	reinterpret
reinterprets	reinterpret
reintroduced	reintroduce
reintroducing	reintroduce
reinvented	reinvent
reinventing	reinvent
reinvested	reinvest
reinvesting	reinvest
reinvests	reinvest
reinvigorating	reinvigorate
reissued	reissue
reiterated	reiterate
reiterates	reiterate
reiterating	reiterate
rejecting	reject
rejections	rejection
rejects	reject
rejoiced	rejoice
rejoices	rejoice
rejoicings	rejoicing
rejoined	rejoin
rejoining	rejoin
rejoins	rejoin
rejuvenated	rejuvenate
rejuvenates	rejuvenate
rekindled	rekindle
rekindling	rekindle
relabelled	relabel
relapsed	relapse
relates	relate
relations	relation
relationships	relationship
relatives	relative
relaunched	relaunch
relaunching	relaunch
relaxants	relaxant
relaxes	relax
relayed	relay
relaying	relay
relays	relay
relearning	relearn
released	release
releases	release
relegated	relegate
relegations	relegation
relented	relent
relenting	relent
relents	relent
relics	relic
relied	rely
reliefs	relief
relies	rely
relievers	reliever
relieves	relieve
religions	religion
relined	reline
relinquishes	relinquish
relished	relish
relishes	relish
relived	relive
relives	relive
reloaded	reload
reloading	reload
reloads	reload
relocates	relocate
relocating	relocate
relocations	relocation
relocking	relock
relying	rely
remade	remake
remained	remain
remakes	remake
remanded	remand
remanding	remand
remarked	remark
remarketing	remarket
remarking	remark
remarks	remark
remastered	remaster
remasters	remaster
rematches	rematch
remediated	remediate
remedied	remedy
remedies	remedy
remedying	remedy
remembered	remember
remembers	remember
remembrances	remembrance
reminded	remind
reminders	reminder
reminding	remind
reminds	remind
reminisced	reminisce
reminiscences	reminiscence
reminisces	reminisce
reminiscing	reminisce
remissions	remission
remits	remit
remittances	remittance
remitted	remit
remitting	remit
remixed	remix
remixes	remix
remixing	remix
remnants	remnant
remodeled	remodel
remodelled	remodel
remodelling	remodel
remolded	remold
remortgaged	remortgage
remortgages	remortgage
remortgaging	remortgage
remoter	remote
remotes	remote
remotest	remote
remounted	remount
remounting	remount
remounts	remount
removals	removal
removers	remover
removes	remove
removing	remove
remunerating	remunerate
renamed	rename
renames	rename
renaming	rename
renationalising	renationalize
rendered	render
renderings	rendering
renders	render
renditions	rendition
rends	rend
renegades	renegade
reneged	renege
reneging	renege
renegotiated	renegotiate
renegotiating	renegotiate
renewables	renewable
renewals	renewal
renews	renew
renounced	renounce
renounces	renounce
renouncing	renounce
renovated	renovate
renovating	renovate
renovations	renovation
rentals	rental
rented	rent
renters	renter
rents	rent
renunciations	renunciation
reopened	reopen
reopens	reopen
reordered	reorder
reorganise	reorganize
reorganised	reorganize
reorganising	reorganize
reorganizing	reorganize
reorienting	reorient
repackaged	repackage
repackaging	repackage
repacked	repack
repaid	repay
repainted	repaint
repainting	repaint
repaired	repair
repairers	repairer
repairing	repair
repairmen	repairman
repairs	repair
reparations	reparation
repatriated	repatriate
repatriates	repatriate
repatriations	repatriation
repaying	repay
repayments	repayment
repays	repay
repealed	repeal
repealing	repeal
repeals	repeal
repeaters	repeater
repeats	repeat
repelled	repel
repellents	repellent
repels	repel
repented	repent
repenting	repent
repents	repent
repercussions	repercussion
repertoires	repertoire
repetitions	repetition
replacements	replacement
replaces	replace
replanted	replant
replanting	replant
replayed	replay
replaying	replay
replays	replay
replenished	replenish
replenishing	replenish
replicas	replica
replicase	replica
replicated	replicate
replicates	replicate
replicating	replicate
replications	replication
replied	reply
replies	reply
repointed	repoint
repointing	repoint
reporters	reporter
reports	report
reposed	repose
reposing	repose
repositioned	reposition
repositories	repository
repossessed	repossess
repossessions	repossession
reposted	repost
reposting	repost
reposts	repost
repotted	repot
repotting	repot
representations	representation
representatives	representative
representing	represent
represents	represent
represses	repress
repressions	repression
repricing	reprice
reprieved	reprieve
reprimanded	reprimand
reprimanding	reprimand
reprimands	reprimand
reprinted	reprint
reprints	reprint
reprisals	reprisal
reprised	reprise
reprises	reprise
reprising	reprise
reproaches	reproach
reprobates	reprobate
reprocessed	reprocess
reproduced	reproduce
reproduces	reproduce
reproducing	reproduce
reproductions	reproduction
reprogrammed	reprogram
reprogramming	reprogram
reproved	reprove
reps	rep
reptiles	reptile
republicans	republican
republics	republic
republished	republish
repudiated	repudiate
repulsed	repulse
repulsing	repulse
repurchased	repurchase
repurchases	repurchase
repurposed	repurpose
repurposes	repurpose
repurposing	repurpose
reputations	reputation
reputed	repute
requesters	requester
requesting	request
requests	request
requiems	requiem
requirements	requirement
requires	require
requiring	require
requisites	requisite
requisitioned	requisition
requisitions	requisition
rereading	reread
rerelease	re-release
rereleases	re-release
rereleasing	re-release
rerouted	reroute
res	re
resales	resale
resampled	resample
resat	resit
rescanning	rescan
rescheduled	reschedule
rescheduling	reschedule
rescinded	rescind
rescinding	rescind
rescinds	rescind
rescuers	rescuer
rescues	rescue
rescuing	rescue
resealed	reseal
resealing	reseal
researched	research
researchers	researcher
researches	research
researching	research
resections	resection
reseeded	reseed
reseeding	reseed
reselling	resell
resells	resell
resemblances	resemblance
resembled	resemble
resembles	resemble
resembling	resemble
resending	resend
resent	resend
resented	resend
resentments	resentment
resents	resend
reser	re
reservations	reservation
reserves	reserve
reserving	reserve
reservists	reservist
reservoirs	reservoir
resets	reset
resetting	reset
resettling	resettle
reshaped	reshape
reshapes	reshape
reshaping	reshape
reshooting	reshoot
reshoots	reshoot
reshuffled	reshuffle
resided	reside
residences	residence
residencies	residency
residents	resident
resides	reside
residuals	residual
residues	residue
resignations	resignation
resigned	resign
resigning	resign
resigns	resign
resins	resin
resistances	resistance
resisted	resist
resisters	resister
resisting	resist
resistors	resistor
resists	resist
resits	resit
resized	resize
resizes	resize
resizing	resize
resold	resell
resolder	resell
resolutions	resolution
resolves	resolve
resonances	resonance
resonated	resonate
resonates	resonate
resonators	resonator
resorbed	resorb
resorted	resort
resorting	resort
resorts	resort
resounded	resound
resources	resource
respecting	respect
respects	respect
respirators	respirator
responded	respond
respondents	respondent
responders	responder
responds	respond
responses	response
responsibilities	responsibility
restarted	restart
restarting	restart
restarts	restart
restated	restate
restaurants	restaurant
restaurateurs	restaurateur
restocked	restock
restocking	restock
restocks	restock
restorations	restoration
restoratives	restorative
restored	restore
restorers	restorer
restores	restore
restoring	restore
restraining	restrain
restraints	restraint
restrictions	restriction
restricts	restrict
restrooms	restroom
restructured	restructure
restructures	restructure
rests	rest
resubmitting	resubmit
resulted	result
results	result
resumed	resume
resumes	resume
resuming	resume
resupplying	resupply
resurfaced	resurface
resurfaces	resurface
resurfacing	resurface
resurgences	resurgence
resurging	resurge
resurrected	resurrect
resurrecting	resurrect
resurrections	resurrection
resuscitating	resuscitate
retailed	retail
retailers	retailer
retails	retail
retainers	retainer
retaining	retain
retains	retain
retakes	retake
retaliated	retaliate
retaliating	retaliate
retards	retard
retched	retch
retconned	retcon
retelling	retell
retells	retell
retentions	retention
rethought	rethink
reticules	reticule
retinas	retina
retinoids	retinoid
retirees	retiree
retirements	retirement
retires	retire
retold	retell
retook	retake
retooled	retool
retooling	retool
retorted	retort
retorts	retort
retouching	retouch
retraced	retrace
retraces	retrace
retracing	retrace
retractions	retraction
retracts	retract
retrained	retrain
retransmitted	retransmit
retrapped	retrap
retreaded	retread
retreads	retread
retreating	retreat
retreats	retreat
retried	retry
retrieved	retrieve
retrievers	retriever
retrieves	retrieve
retrieving	retrieve
retrofits	retrofit
retrofitting	retrofit
retrograding	retrograde
retrospections	retrospection
retrospectives	retrospective
retroviruses	retrovirus
returned	return
returner	return
returns	return
retweeted	retweet
retweets	retweet
reunions	reunion
reunited	reunite
reunites	reunite
reuniting	reunite
reused	reuse
reusing	reuse
revaluations	revaluation
revalued	revalue
revamped	revamp
revamping	revamp
revamps	revamp
revealed	reveal
reveals	reveal
revel	reval
revelations	revelation
reveled	reval
revelers	reveler
reveles	reval
reveling	reval
revelled	reval
revelling	reval
revels	reval
revenues	revenue
reverberated	reverberate
reverberates	reverberate
reverberations	reverberation
reverends	reverend
reveries	reverie
revering	revere
reversals	reversal
reverse engineering	reverse engineer
reverses	reverse
reversing	reverse
reverted	revert
reverts	revert
revetments	revetment
reviewed	review
reviewers	reviewer
reviewing	review
reviews	review
reviled	revile
revises	revise
revisionists	revisionist
revisions	revision
revisited	revisit
revisiting	revisit
revisits	revisit
revitalise	revitalize
revitalised	revitalize
revitalises	revitalize
revitalising	revitalize
revivalists	revivalist
revivals	revival
revives	revive
revivifying	revivify
revoked	revoke
revoking	revoke
revolted	revolt
revolts	revolt
revolutionaries	revolutionary
revolutionise	revolutionize
revolutionised	revolutionize
revolutionises	revolutionize
revolutionising	revolutionize
revolutionized	revolutionize
revolutionizing	revolutionize
revolutions	revolution
revolvers	revolver
revolves	revolve
revs	rev
revues	revue
revved	rev
revving	rev
rewarded	reward
rewards	reward
rewatches	rewatch
rewatching	rewatch
rewinding	rewind
rewinds	rewind
rewiring	rewire
reworded	reword
rewording	reword
reworked	rework
reworking	rework
reworks	rework
rewrites	rewrite
rewritten	rewrite
rewrote	rewrite
reyes	rey
reykjavik	reykjavík
reynoldses	reynolds
rezoning	rezone
rhapsodies	rhapsody
rhetoricians	rhetorician
rhinestones	rhinestone
rhinos	rhino
rhinoviruses	rhinovirus
rhizomes	rhizome
rhodes	rhode
rhododendrons	rhododendron
rhonchi	rhonchus
rhos	rho
rhymes	rhyme
rhythms	rhythm
rib	ribose
ribbons	ribbon
riber	ribose
ribes	ribose
ribs	ribose
richards	richard
richardsons	richardson
riche	rich
richer	rich
riches	rich
richese	rich
richest	rich
ricks	rick
rickshaws	rickshaw
ricocheted	ricochet
ricocheting	ricochet
ridding	rid
riddles	riddle
riddling	riddle
riders	rider
rides	ride
ridges	ridge
ridiculed	ridicule
ridicules	ridicule
ridiculing	ridicule
ridings	riding
riffed	riff
riffing	riff
riffles	riffle
riffs	riff
riflemen	rifleman
rifles	rifle
rifts	rift
riggers	rigger
riggings	rigging
right-hand	right hand
right-hander	right hand
right-winger	right-wing
righte	right
righted	right
righting	right
rights	right
rigidities	rigidity
rigors	rigor
rigour	rigor
rigours	rigor
rigs	rig
rileys	riley
rills	rill
rimes	rime
rims	rim
rinds	rind
ringers	ringer
ringleaders	ringleader
ringlets	ringlet
rings	ring
rinks	rink
rinsed	rinse
rioted	riot
rioters	rioter
riots	riot
rip-offs	rip-off
ripens	ripen
riper	ripe
ripped	rip
ripping out	rip out
rippinger	ripping
ripples	ripple
rips	rip
risers	riser
rises	rise
risings	rising
risked	risk
riskier	risky
riskiest	risky
risking	risk
risks	risk
rites	rite
ritualized	ritualize
rituals	ritual
rivaled	rival
rivaling	rival
rivalries	rivalry
rivals	rival
riven	rive
riverbanks	riverbank
riverbeds	riverbed
rivers	river
riveted	rivet
rivets	rivet
riyals	riyal
rnas	rna
roaches	roach
roadblocks	roadblock
roadmaps	roadmap
roadrunners	roadrunner
roads	road
roadsides	roadside
roadsters	roadster
roadways	roadway
roadworks	roadwork
roamed	roam
roaming	roam
roams	roam
roane	roan
roared	roar
roars	roar
roasters	roaster
roasts	roast
robbed	rob
robberies	robbery
robbers	robber
robbing	rob
roberts	robert
robertsons	robertson
robes	robe
robing	robe
robins	robin
robinsons	robinson
robocalls	robocall
robots	robot
robs	rob
rocked	rock
rockeries	rockery
rockers	rocker
rocketed	rocket
rocketing	rocket
rockets	rocket
rockier	rocky
rocking	rock
rocks	rock
rode	ride
rodee	ride
rodents	rodent
rodeos	rodeo
rodgers	rodger
rods	rod
rogers	roger
rogues	rogue
role-playing	role-play
role-plays	role-play
roleplaying	roleplay
roles	role
roller-skating	roller-skate
rollercoasters	rollercoaster
rollers	roller
rollerskating	roller skating
rolling stones	rolling stone
rollings	rolling
rollouts	rollout
rollovers	rollover
rolls	roll
romanced	romance
romances	romance
romancing	romance
romanians	romanian
romans	roman
romanticized	romanticize
romanticizing	romanticize
romantics	romantic
romped	romp
romping	romp
romulans	romulan
ronalds	ronald
ronnies	ronnie
roofers	roofer
roofs	roof
rooftops	rooftop
rookies	rookie
rooks	rook
roomed	room
roomier	roomy
rooming	room
roommates	roommate
rooms	room
roosted	roost
roosters	rooster
roosting	roost
roosts	roost
rooting out	root out
roots	root
roped	rope
ropes	rope
rosaries	rosary
rosas	rosa
roses	rose
rosettes	rosette
rosier	rosy
rosses	ross
rosters	roster
rostra	rostrum
rotaries	rotary
rotas	rota
rotates	rotate
rotating	rotate
rotations	rotation
rotaviruses	rotavirus
rotors	rotor
rots	rot
rotters	rotter
roughed	rough
roughening	roughen
roughens	roughen
rougher	rough
roughest	rough
roughing	rough
roughs	rough
roundabouts	roundabout
rounded out	round out
roundels	roundel
rounders	rounder
roundhouses	roundhouse
rounding out	round out
roundings	rounding
rounds	round
roundtables	roundtable
roundups	roundup
roundworms	roundworm
roused	rouse
rouses	rouse
routed	route	rout
routers	router
routes	route
routines	routine
routs	rout
rove	rive
rovers	rover
roves	rive
rowans	rowan
rowdier	rowdy
rowdies	rowdy
rowdiest	rowdy
rowed	row
rowers	rower
rows	row
rowse	row
royale	royal
royalists	royalist
royals	royal
royalties	royalty
roys	roy
rpd	rapid
rpgs	rpg
rst	rest
rtcs	rtc
rte	route
rts	rt
rubbed	rub
rubberized	rubberize
rubbings	rubbing
rubbished	rubbish
rubbishing	rubbish
rubies	ruby
rubik's	rubik
rubles	ruble
rubrics	rubric
rubs	rub
rucking	ruck
rucks	ruck
rucksacks	rucksack
rudders	rudder
ruder	rude
rudiments	rudiment
rueing	rue
ruffed	ruff
ruffles	ruffle
ruffling	ruffle
ruffs	ruff
rugs	rug
ruing	rue
ruins	ruin
ruled out	rule out
rulers	ruler
rules	rule
ruling out	rule out
rulings	ruling
rumbled	rumble
rumbles	rumble
rumblings	rumbling
rumer	rum
ruminants	ruminant
ruminates	ruminate
ruminating	ruminate
ruminations	rumination
rummaged	rummage
rummaging	rummage
rummers	rummer
rumor	rumour
rumored	rumour
rumors	rumour
rumoured	rumour
rumours	rumour
rumples	rumple
rumps	rump
runaways	runaway
runes	rune
rungs	rung
runners	runner
runners-up	runner-up
running down	run down
running over	run over
runnings	running
runoffs	runoff
runs	run
runways	runway
rupees	rupee
ruptured	rupture
ruptures	rupture
rupturing	rupture
rushers	rusher
rushes	rush
russells	russell
russians	russian
rustem	rust
rustled	rustle
rustlers	rustler
rustles	rustle
rusts	rust
rutilated	rutilate
ruts	rut
rutting	rut
rwandans	rwandan
rxs	rx
ryans	ryan
sabbaticals	sabbatical
sabers	sabre	saber
sabotaged	sabotage
sabotaging	sabotage
saboteurs	saboteur
sabres	sabre
saccules	saccule
sachets	sachet
sackings	sacking
sacks	sack
sacra	sacrum
sacraments	sacrament
sacrificed	sacrifice
sacrifices	sacrifice
sacrificing	sacrifice
sacs	sac
saddened	sadden
saddening	sadden
saddens	sadden
sadder	sad
saddest	sad
saddlebags	saddlebag
saddlers	saddler
saddles	saddle
saddling	saddle
sade	sad
sadhus	sadhu
sadists	sadist
sadnesses	sadness
safaris	safari
safed	safe
safeguarded	safeguard
safeguarding	safeguard
safeguards	safeguard
safer	safe
safes	safe
safest	safe
safeties	safety
safflowers	safflower
sagas	saga
sager	sage
sages	sage
sags	sag
sailed	sail
sailings	sailing
sailors	sailor
sailplanes	sailplane
sails	sail
saint pauls	saint paul
saints	saint
sakes	sake
salads	salad
salamanders	salamander
salamis	salami
salaries	salary
salerooms	saleroom
sales	sale
salesmen	salesman
salespersons	salesperson
salivating	salivate
salons	salon
saloons	saloon
salsas	salsa
salters	salter
saltier	salty
saltings	salting
saltmarshes	saltmarsh
salts	salt
saluted	salute
salutes	salute
saluting	salute
salvadorans	salvadoran
salvaged	salvage
salvages	salvage
salvaging	salvage
salvations	salvation
salvers	salver
salvos	salvo
sameer	same
sammies	sammy
samosas	samosa
sampans	sampan
samplers	sampler
samples	sample
samplings	sampling
sams	sam
samuels	samuel
san franciscans	san franciscan
sanctifies	sanctify
sanctifying	sanctify
sanctions	sanction
sanctities	sanctity
sanctuaries	sanctuary
sandals	sandal
sandbags	sandbag
sandbanks	sandbank
sandblasted	sandblast
sanded	sand
sanders	sander
sandier	sandy
sanding	sand
sandpipers	sandpiper
sandpits	sandpit
sands	sand
sandstones	sandstone
sandwiched	sandwich
sandwiches	sandwich
sangrias	sangria
sanitise	sanitize
sanitised	sanitize
sanitisers	sanitiser
sanitising	sanitize
sanitizing	sanitize
sank	sink
sans	san
sanse	san
santos	santo
sapped	sap
sappers	sapper
sapphires	sapphire
sappier	sappy
sapping	sap
saprophytes	saprophyte
saps	sap
saras	sara
sarawakians	sarawakian
sardines	sardine
saris	sari
sashayed	sashay
sashes	sash
sat	sit
satchels	satchel
sated	sate
satellites	satellite
satem	sit
sates	sate
satiating	satiate
satires	satire
satirised	satirize
satirists	satirist
satirized	satirize
satisfactions	satisfaction
satisfies	satisfy
saturates	saturate
saturating	saturate
saturdays	saturday
satyrs	satyr
saucepans	saucepan
sauces	sauce
sauciest	saucy
saudis	saudi
sauerkrauts	sauerkraut
saunas	sauna
sauntered	saunter
sauntering	saunter
sausages	sausage
savaged	savage
savageries	savagery
savages	savage
savants	savant
savers	saver
saves	save
savings	saving
savor	savour
savored	savour
savors	savour
savoured	savour
savouring	savour	savoring
savours	savour
savoury	savory
savoys	savoy
saw	see
sawe	see
sawflies	sawfly
sawhorses	sawhorse
sawing	see
sawmills	sawmill
sawn	see
saws	see
sawyers	sawyer
saxons	saxon
saxophones	saxophone
saxophonists	saxophonist
saye	say
sayers	sayer
sayings	saying
says	say
scabbards	scabbard
scabs	scab
scaffolded	scaffold
scaffolds	scaffold
scalars	scalar
scalded	scald
scalding	scald
scalds	scald
scales	scale
scallions	scallion
scalloping	scallop
scallops	scallop
scalpers	scalper
scalping	scalp
scalps	scalp
scammed	scam
scamming	scam
scampered	scamper
scampering	scamper
scampers	scamper
scams	scam
scandalised	scandalise
scandalising	scandalise
scandals	scandal
scanned	scan
scanners	scanner
scannings	scanning
scans	scan
scanter	scant
scants	scant
scapegoated	scapegoat
scapegoating	scapegoat
scapegoats	scapegoat
scarabs	scarab
scarcer	scarce
scarecrows	scarecrow
scares	scare
scarfing	scarf
scarfs	scarf
scarier	scary
scariest	scary
scarlets	scarlet
scarpered	scarper
scarpering	scarper
scars	scar
scarves	scarf
scats	scat
scatters	scatter
scavenged	scavenge
scavengers	scavenger
scenarios	scenario
scenes	scene
scenting	scent
scents	scent
scepter	sceptre
sceptics	sceptic
sceptres	sceptre
schedulers	scheduler
schedules	schedule
schemas	schema
schematics	schematic
schemes	scheme
schisms	schism
schists	schist
schizophrenics	schizophrenic
schlongs	schlong
scholars	scholar
scholarships	scholarship
scholastics	scholastic
scholes	schole
school shooters	school shooter
school's	school
schoolboys	schoolboy
schoolchildren	schoolchild
schooled	school
schoolgirls	schoolgirl
schoolmasters	schoolmaster
schoolmistresses	schoolmistress
schools	school
schoolteachers	schoolteacher
schooners	schooner
schtick	shtick
sciences	science
scientists	scientist
scimitars	scimitar
scintillations	scintillation
scions	scion
scissors	scissor
scoffed	scoff
scoffs	scoff
scolded	scold
scolds	scold
sconces	sconce
scones	scone
scooped	scoop
scoops	scoop
scooted	scoot
scooters	scooter
scooting	scoot
scoots	scoot
scoped	scope
scopes	scope
scoping	scope
scoreboards	scoreboard
scorecards	scorecard
scored	score
scorers	scorer
scores	score
scorns	scorn
scorpions	scorpion
scotche	scotch
scots	scot
scotts	scott
scoundrels	scoundrel
scourges	scourge
scours	scour
scouted	scout
scoutmasters	scoutmaster
scouts	scout
scowls	scowl
scrabbling	scrabble
scramblers	scrambler
scrambles	scramble
scrambling	scramble
scrapbooks	scrapbook
scraped	scrape
scrapers	scraper
scrapes	scrape
scrapings	scraping
scrapped	scrap
scrappers	scrapper
scraps	scrap
scratched	scratch
scratches	scratch
scrawled	scrawl
scrawling	scrawl
scrawls	scrawl
screamed	scream
screams	scream
screeched	screech
screeds	screed
screened	screen
screenings	screening
screenplays	screenplay
screens	screen
screenshots	screenshot
screenshotted	screenshot
screenwriters	screenwriter
screwdrivers	screwdriver
screwed up	screw up
screws	screw
scribbled	scribble
scribblers	scribbler
scribbles	scribble
scribbling	scribble
scribed	scribe
scribes	scribe
scribing	scribe
scrimmages	scrimmage
scrimped	scrimp
scripting	script
scripts	script
scriptures	scripture
scriptwriters	scriptwriter
scriveners	scrivener
scrolled	scroll
scrollers	scroller
scrolling	scroll
scrolls	scroll
scrounged	scrounge
scrubbers	scrubber
scrubbier	scrubby
scrubbings	scrubbing
scrubs	scrub
scruffiest	scruffy
scrums	scrum
scrunched	scrunch
scrunches	scrunch
scrunching	scrunch
scruples	scruple
scrutineers	scrutineer
scrutinise	scrutinize
scrutinised	scrutinize
scrutinises	scrutinize
scrutinising	scrutinize
scrutinized	scrutinize
scrutinizing	scrutinize
scuds	scud
scuffed	scuff
scuffles	scuffle
scuffling	scuffle
scuffs	scuff
sculls	scull
sculptors	sculptor
sculptures	sculpture
sculpturing	sculpture
scumbags	scumbag
scuppered	scupper
scuppers	scupper
scurried	scurry
scuttled	scuttle
scuttles	scuttle
scuttling	scuttle
scythed	scythe
scything	scythe
se	southeast
seabirds	seabird
seafarers	seafarer
seafoods	seafood
seagulls	seagull
sealants	sealant
sealers	sealer
seals	seal
seamen	seaman
seams	seam
seances	seance
seans	sean
seaports	seaport
searched	search
searchers	searcher
searches	search
sears	sear
seas	sea
seascapes	seascape
seashells	seashell
seashores	seashore
seasonings	seasoning
seasons	season
seatbelt	seat belt
seatbelts	seat belt
seats	seat
seawards	seaward
seaways	seaway
seaweeds	seaweed
sebastians	sebastian
seceded	secede
second-guessing	second-guess
secondaries	secondary
seconders	seconder
secondhand	second-hand
seconding	second
secondments	secondment
seconds	second
secretariats	secretariat
secretaries	secretary
secreted	secrete
secretes	secrete
secreting	secrete
secretions	secretion
secrets	secret
sectarians	sectarian
sectionals	sectional
sections	section
sectors	sector
sects	sect
secularists	secularist
secularized	secularize
secured	secure
secures	secure
securing	secure
securities	security
sedans	sedan
sedatives	sedative
sedges	sedge
sediments	sediment
seduced	seduce
seduces	seduce
seducing	seduce
seedier	seedy
seedlings	seedling
seeds	seed
seekers	seeker
seeks	seek
seemed	seem
seemeth	seem
seems	seem
seen	see
seeped	seep
seeps	seep
seers	seer
sees	see
segmenting	segment
segments	segment
segregating	segregate
segregationists	segregationist
segued	segue
seismographs	seismograph
seismologists	seismologist
seismometers	seismometer
seized	seize
seizes	seize
seizures	seizure
selecting	select
selections	selection
selectivities	selectivity
selectors	selector
selects	select
self-defence	self-defense
self-destructed	self-destruct
self-destructing	self-destruct
self-isolating	self-isolate
self-portraits	self-portrait
self-reports	self-report
self-starters	self-starter
selfe	self
selfies	selfie
sellers	seller
sells	sell
seltzers	seltzer
selves	self
semantics	semantic
semesters	semester
semi-finalists	semi-finalist
semi-finals	semi-final
semicolons	semicolon
semiconductors	semiconductor
semifinals	semifinal
seminaries	seminary
seminars	seminar
semis	semi
senates	senate
senators	senator
senders	sender
sendings	sending
sends	send
seniors	senior
sensationalised	sensationalize
sensationalized	sensationalize
sensationalizing	sensationalize
sensations	sensation
senses	sense
sensibilities	sensibility
sensitise	sensitize
sensitised	sensitize
sensitising	sensitize
sensitivities	sensitivity
sensors	sensor
sentenced	sentence
sentences	sentence
senter	sent
senti	sent
sentiments	sentiment
sentinels	sentinel
sentries	sentry
sep	september
separates	separate
separating	separate
separations	separation
separatists	separatist
separators	separator
sept	september
septa	septum
septem	september
septuagenarians	septuagenarian
sequelae	sequela
sequels	sequel
sequenced	sequence
sequencers	sequencer
sequences	sequence
sequined	sequin
sequins	sequin
sequoias	sequoia
serbians	serbian
serbs	serb
serees	sere
serenaded	serenade
serenades	serenade
serenading	serenade
serfs	serf
sergeants	sergeant
serialized	serialize
serials	serial
series	serie
serifs	serif
sermons	sermon
seroconverted	seroconvert
serpents	serpent
serrations	serration
serums	serum
servants	servant
served	serve
servers	server
serves	serve
serviced	service
servicemen	serviceman
services	service
serviettes	serviette
servings	serving
servos	servo
sessions	session
setbacks	setback
sete	set
sets	set
settees	settee
setters	setter
setting off	set off
settings	setting
settlements	settlement
settlers	settler
settles	settle
setups	setup
sevens	seven
seventies	seventy
severest	severe
severs	sever
sewed up	sew up
sewers	sewer
sexed	sex
sexes	sex
sexier	sexy
sexiest	sexy
sexing	sex
sexualise	sexualize
sexualised	sexualize
sexualising	sexualize
sexualities	sexuality
sexualized	sexualize
shackles	shackle
shacks	shack
shades	shade
shadier	shady
shadiest	shady
shadings	shading
shadows	shadow
shafted	shaft
shafts	shaft
shagged	shag
shagging	shag
shags	shag
shakedowns	shakedown
shaken up	shake up
shakers	shaker
shakes	shake
shakeups	shakeup
shakier	shaky
shales	shale
shallots	shallot
shallower	shallow
shallowest	shallow
shallows	shallow
shamans	shaman
shambled	shamble
shambles	shamble
shamen	sham
shames	shame
shampooed	shampoo
shampoos	shampoo
shams	sham
shanes	shane
shanked	shank
shanks	shank
shanties	shanty
shantytowns	shantytown
shapes	shape
shards	shard
shareholders	shareholder
shareholdings	shareholding
shares	share
sharking	shark
sharks	shark
sharpe	sharp
sharpeners	sharpener
sharpening	sharpen
sharpens	sharpen
sharpes	sharp
sharpest	sharp
sharps	sharp
sharpshooters	sharpshooter
shat	shit
shatters	shatter
shaves	shave
shavings	shaving
shawls	shawl
shaws	shaw
she'd	she is
she'll	she is
she's	she is
shears	shear
sheaths	sheath
sheaves	sheaf
sheds	shed
sheens	sheen
sheepdogs	sheepdog
sheepfolds	sheepfold
sheered	sheer
sheeren	sheer
sheers	sheer
sheeted	sheet
sheets	sheet
shekels	shekel
shellacking	shellac
shells	shell
sheltering	shelter
shelters	shelter
shelved	shelve
shelves	shelf	shelve
shelving	shelve
shepherded	shepherd
shepherding	shepherd
shepherds	shepherd
sheriffs	sheriff
shibboleths	shibboleth
shied	shy
shields	shield
shies	shy
shifted	shift
shifters	shifter
shifts	shift
shillings	shilling
shills	shill
shimmering	shimmer
shimming	shim
shimmying	shimmy
shims	shim
shindigs	shindig
shined	shine
shines	shine
shingled	shingle
shingles	shingle
shinier	shiny
shiniest	shiny
shinings	shining
shinning	shin
shins	shin
shinyer	shiny
ship's	ship
shipbuilders	shipbuilder
shipmates	shipmate
shipments	shipment
shipowners	shipowner
shipped	ship
shippers	shipper
shippings	shipping
ships	ship
shipwrecked	shipwreck
shipwrecks	shipwreck
shipwrights	shipwright
shipyards	shipyard
shires	shire
shirted	shirt
shirts	shirt
shits	shit
shivered	shiver
shivers	shiver
shl	shoal
shoals	shoal
shoats	shoat
shockers	shocker
shocks	shock
shoeboxes	shoebox
shoeing	shoe
shoelaces	shoelace
shoemakers	shoemaker
shoes	shoe
shoguns	shogun
shone	shine
shooed	shoo
shook up	shake up
shooters	shooter
shooting up	shoot up
shootings	shooting
shootouts	shootout
shoots	shoot
shopfronts	shopfront
shopkeepers	shopkeeper
shoplifters	shoplifter
shopliftings	shoplifting
shopped	shop
shoppers	shopper
shops	shop
shorebirds	shorebird
shorelines	shoreline
shores	shore
short stories	short story
short-circuited	short-circuit
shortages	shortage
shortcakes	shortcake
shortcomings	shortcoming
shortcuts	shortcut
shorted	short
shortens	shorten
shorter	short
shorter-term	short-term
shortest	short
shortfalls	shortfall
shorting	short
shortlisted	shortlist
shortlisting	shortlist
shortlists	shortlist
shorts	short
shotguns	shotgun
shots	shot
should	shall
shouldering	shoulder
shoulders	shoulder
shouldn't	should not
shouldn’t	shall
should’ve	shall have
shoutouts	shoutout
shouts	shout
shoved	shove
shoveled	shovel
shoveler	shoveller
shovelers	shoveller
shoveling	shovel
shovellers	shoveller
shovels	shovel
shoves	shove
shoving	shove
show's	show
showboated	showboat
showboats	showboat
showcased	showcase
showcases	showcase
showcasing	showcase
showdowns	showdown
showed	show
showered	shower
showering	shower
showers	shower
showgirls	showgirl
showing up	show up
showings	showing
showmen	showman
shown	show
shown up	show up
showrooms	showroom
shows	show
showstoppers	showstopper
shrank	shrink
shredders	shredder
shredding	shred
shreds	shred
shrews	shrew
shrieks	shriek
shrikes	shrike
shrimpers	shrimper
shrimps	shrimp
shrines	shrine
shrink-wrapped	shrink-wrap
shrinks	shrink
shriveled	shrivel	shrivelled
shriveling	shrivel
shrives	shrive
shriving	shrive
shrouded	shroud
shrouding	shroud
shrouds	shroud
shrove	shrive
shrs	shore
shrubberies	shrubbery
shrublands	shrubland
shrubs	shrub
shrugged	shrug
shrugging	shrug
shrunk	shrink
shucked	shuck
shucking	shuck
shudders	shudder
shuffled	shuffle
shuffles	shuffle
shunned	shun
shuns	shun
shunted	shunt
shutdowns	shutdown
shute	shut
shuter	shut
shutouts	shutout
shuts	shut
shuttering	shutter	shudder
shutters	shutter
shutting up	shut up
shuttled	shuttle
shuttles	shuttle
shuttling	shuttle
shyer	shy
shyest	shy
shying	shy
siberians	siberian
siblings	sibling
sicced	sic
sickened	sicken
sicker	sick
sickest	sick
sickles	sickle
sicknesses	sickness
sickos	sicko
sicks	sick
sics	sic
side effects	side effect
sidebars	sidebar
sidecars	sidecar
sided	side
sidekicks	sidekick
sidelights	sidelight
sidelined	sideline
sidelines	sideline
sidelining	sideline
sidequests	sidequest
sides	side
sideshows	sideshow
sidestepped	sidestep
sidestepping	sidestep
sidesteps	sidestep
sideswiped	sideswipe
sidetracked	sidetrack
sidewalks	sidewalk
sidewinders	sidewinder
sidings	siding
sidled	sidle
sidles	sidle
sieges	siege
sierras	sierra
sieved	sieve
sieves	sieve
sieving	sieve
sifted	sift
sifters	sifter
sifts	sift
sighed	sigh
sighing	sigh
sighs	sigh
sightings	sighting
sights	sight
sightseers	sightseer
sigils	sigil
sigmas	sigma
sign-ups	sign-up
signaled	signal
signalised	signalize
signalled	signal
signallers	signaller
signalling	signal
signals	signal
signatories	signatory
signatures	signature
signboards	signboard
signers	signer
signifiers	signifier
signifies	signify
signifying	signify
signing on	sign on
signings	signing
signposted	signpost
signposting	signpost
signposts	signpost
signs	sign
sikhs	sikh
silencers	silencer
silences	silence
silhouetted	silhouette
silhouettes	silhouette
silicas	silica
silicates	silicate
silicified	silicify
silkier	silky
silkiest	silky
silks	silk
silkworms	silkworm
sillier	silly
sillies	silly
silliest	silly
sills	sill
silos	silo
silted	silt
silting	silt
silts	silt
silvered	silver
silvers	silver
silversmiths	silversmith
sim cards	sim card
similarities	similarity
similes	simile
simmered	simmer
simmers	simmer
simons	simon
simonsen	simon
simpering	simper
simplee	simple
simpler	simple
simplest	simple
simplifications	simplification
simplifies	simplify
simplifying	simplify
simpsons	simpson
sims	sim
simulates	simulate
simulating	simulate
simulations	simulation
simulators	simulator
sincerer	sincere
sincerest	sincere
sinews	sinew
singalongs	singalong
singaporeans	singaporean
singed	singe
singers	singer
singes	singe
singhs	singh
singled	single
singled out	single out
singler	single
singles	single
singletons	singleton
singling	single
sings	sing
singularities	singularity
sinkers	sinker
sinkholes	sinkhole
sinkings	sinking
sinks	sink
sinned	sin
sinners	sinner
sins	sin
sinuses	sinus
sinusoids	sinusoid
siphoned	siphon
siphoning	siphon
siphons	siphon
sipped	sip
sipping	sip
sips	sip
sired	sire
sirens	siren
sires	sire
siring	sire
sirs	sir
sissies	sissy
sisterhoods	sisterhood
sisters	sister
sisters-in-law	sister-in-law
sitcoms	sitcom
sited	site
sites	site
siting	site
sits	sit
sitters	sitter
sittings	sitting
situations	situation
six-packs	six-pack
sixe	six
sixer	six
sixes	six
sixths	sixth
sixties	sixty
sizes	size
sizing up	size up
sizzled	sizzle
sizzles	sizzle
skateboarders	skateboarder
skateboards	skateboard
skated	skate
skaters	skater
skates	skate
skeets	skeet
skeins	skein
skeletons	skeleton
skeptic	sceptic
skeptics	sceptic
sketchbooks	sketchbook
sketched	sketch
sketches	sketch
sketching	sketch
skewered	skewer
skewers	skewer
skewes	skew
skews	skew
skidded	skid
skidding	skid
skids	skid
skied	sky	ski
skiers	skier
skies	sky
skiffs	skiff
skilful	skillful
skilfully	skillfully
skills	skill
skimmers	skimmer
skimmings	skimming
skimped	skimp
skimping	skimp
skims	skim
skinks	skink
skinners	skinner
skinnier	skinny
skinnies	skinny
skinning	skin
skins	skin
skipped	skip
skippered	skipper
skippering	skipper
skippers	skipper
skips	skip
skirmishes	skirmish
skirmishing	skirmish
skirted	skirt
skirts	skirt
skis	ski
skits	skit
skittered	skitter
skittles	skittle
skittling	skittle
skulks	skulk
skulls	skull
skunks	skunk
skydivers	skydiver
skying	sky
skylarks	skylark
skylights	skylight
skylines	skyline
skyrocketed	skyrocket
skyrocketing	skyrocket
skyrockets	skyrocket
skyscrapers	skyscraper
slabs	slab
slacked	slack
slackened	slacken
slackens	slacken
slackers	slacker
slacks	slack
slagged	slag
slagging	slag
slaloms	slalom
slammed	slam
slammers	slammer
slamming	slam
slams	slam
slandered	slander
slanderers	slanderer
slandering	slander
slang	sling
slanging	sling
slants	slant
slapped	slap
slapping	slap
slaps	slap
slashers	slasher
slashes	slash
slated	slate
slates	slate
slathered	slather
slats	slat
slatted	slat
slaughtered	slaughter
slaughterhouses	slaughterhouse
slaughtering	slaughter
slaved	slave
slavering	slaver
slavers	slaver
slaves	slave
slaving	slave
slayed	slay
slayers	slayer
slayings	slaying
sledgehammered	sledgehammer
sledgehammers	sledgehammer
sledges	sledge
sleds	sled
sleeker	sleek
sleekest	sleek
sleepers	sleeper
sleepier	sleepy
sleepovers	sleepover
sleeps	sleep
sleepwalkers	sleepwalker
sleeves	sleeve
slept	sleep
sleuths	sleuth
slew	slay
slewed	slay
slicers	slicer
slices	slice
slickers	slicker
slicks	slick
slid	slide
sliders	slider
slides	slide
slighted	slight
slighter	slight
slightest	slight
slights	slight
slimer	slim
slimes	slime
sliming	slime
slimmed	slim
slimmer	slim
slimmest	slim
slimming	slim
slims	slim
slings	sling
slingshots	slingshot
slinked	slink
slipped	slip
slippers	slipper
slips	slip
slipstreams	slipstream
slipways	slipway
slithered	slither
slithers	slither
slits	slit
slitting	slit
slivers	sliver
slobbering	slobber
slogans	slogan
slogging	slog
slogs	slog
sloops	sloop
slopes	slope
sloppier	sloppy
sloppiest	sloppy
slops	slop
sloths	sloth
slots	slot
slotted	slot
slotting	slot
slouched	slouch
sloughs	slough
slovenes	slovene
slovenians	slovenian
slowed	slow
slowed down	slow down
slower	slow
slowest	slow
slowing down	slow down
slows	slow
sludges	sludge
slugged	slug
slugging	slug
slugs	slug
slumbering	slumber
slumbers	slumber
slumped	slump
slumping	slump
slumps	slump
slums	slum
slung	sling
slurped	slurp
slurping	slurp
slurries	slurry
slurring	slur
slurs	slur
sluts	slut
smacked	smack
smacks	smack
small caps	small cap
smalle	small
smaller	small
smaller-scale	small-scale
smallest	small
smallholders	smallholder
smallholdings	smallholding
smalls	small
smarten	smart
smarter	smart
smartest	smart
smartphones	smartphone
smarts	smart
smartwatches	smartwatch
smashers	smasher
smashes	smash
smeared	smear
smearing	smear
smears	smear
smelled	smell
smelliest	smelly
smells	smell
smelt	smell
smelters	smelter
smelting	smell
smiled	smile
smiles	smile
smileys	smiley
smirked	smirk
smirking	smirk
smirks	smirk
smites	smite
smiths	smith
smocked	smock
smocks	smock
smokers	smoker
smokes	smoke
smolders	smolder
smooshed	smoosh
smoothed out	smooth out
smoothening	smoothen
smoothes	smooth
smoothest	smooth
smoothies	smoothie
smoothing	smooth
smooths	smooth
smothers	smother
smses	sms
smt	summit
smudged	smudge
smudges	smudge
smudging	smudge
smugger	smug
smugglers	smuggler
smuts	smut
snacked	snack
snacks	snack
snaffled	snaffle
snagged	snag
snagging	snag
snags	snag
snails	snail
snaked	snake
snakes	snake
snaking	snake
snapdragons	snapdragon
snapped	snap
snappier	snappy
snapping	snap
snaps	snap
snapshots	snapshot
snared	snare
snares	snare
snaring	snare
snarling	snarl
snarls	snarl
snatched	snatch
snatchers	snatcher
snatches	snatch
snatching	snatch
sneaked	sneak
sneakers	sneaker
sneaks	sneak
sneers	sneer
sneezed	sneeze
sneezes	sneeze
snickering	snicker
snickers	snicker
snicks	snick
snider	snide
sniffed	sniff
sniffers	sniffer
sniffing	sniff
sniffling	sniffle
sniffs	sniff
sniped	snipe
snipers	sniper
snipes	snipe
sniping	snipe
snipped	snip
snippets	snippet
snips	snip
snitching	snitch
snoball	snowball
snoballs	snowball
snobs	snob
snookered	snooker
snookers	snooker
snoopers	snooper
snooping	snoop
snoops	snoop
snoozes	snooze
snoozing	snooze
snored	snore
snores	snore
snorkeling	snorkel
snorted	snort
snorts	snort
snouts	snout
snowballed	snowball
snowballing	snowball
snowballs	snowball
snowbirds	snowbird
snowboarders	snowboarder
snowboards	snowboard
snowdrops	snowdrop
snowed	snow
snowflakes	snowflake
snowier	snowy
snowiest	snowy
snowing	snow
snowmen	snowman
snowmobiles	snowmobile
snowplows	snowplow
snows	snow
snowshoeing	snowshoe
snowshoes	snowshoe
snowstorms	snowstorm
snubbed	snub
snubbing	snub
snubs	snub
snuck	sneak
snuffed	snuff
snuffles	snuffle
snuffs	snuff
snuggest	snug
snuggled	snuggle
snuggles	snuggle
snuggling	snuggle
soaks	soak
soaped	soap
soaps	soap
soared	soar
soars	soar
sobbed	sob
sobe	sob
sobered	sober
sobers	sober
sobriquets	sobriquet
sobs	sob
soccers	soccer
social networks	social network
socialisation	socialization
socialise	socialize
socialised	socialize
socialises	socialize
socialising	socializing	socialize
socialists	socialist
socialites	socialite
socializes	socialize
socials	social
societies	society
sociologists	sociologist
sociopaths	sociopath
socked	sock
sockets	socket
socks	sock
sodas	soda
sodding	sod
sods	sod
soe	so
soes	so
sofas	sofa
softballs	softball
softeners	softener
softens	soften
softer	soft
softest	soft
softies	softie	softy
softwoods	softwood
soils	soil
sojourners	sojourner
solaced	solace
solar eclipses	solar eclipse
solariums	solarium
sold out	sell out
soldered	solder
solders	solder
soldiered	soldier
soldiers	soldier
solemne	solemn
solemnise	solemnize
solemnised	solemnize
solenoids	solenoid
soler	sol
soles	sole
solicited	solicit
soliciting	solicit
solicitors	solicitor
solider	solid
solideres	solid
solidifies	solidify
solids	solid
soling	sole
solitons	soliton
solitudes	solitude
soloer	solo
soloing	solo
soloists	soloist
solomons	solomon
solos	solo
sols	sol
solstices	solstice
solutes	solute
solutions	solution
solvents	solvent
solvers	solver
solves	solve
somalis	somali
sombre	somber
someone's	someone
someones	someone
somersaulting	somersault
somersaults	somersault
sonars	sonar
sonatas	sonata
song's	song
songbirds	songbird
songbooks	songbook
songs	song
songsters	songster
songwriters	songwriter
sonnets	sonnet
sonorities	sonority
sons	son
sons-in-law	son-in-law
sooner	soon
soothes	soothe
soots	soot
sophisticates	sophisticate
sophomores	sophomore
sopranos	soprano
sops	sop
sorbets	sorbet
sorcerers	sorcerer
sorer	sore
sores	sore
sororities	sorority
sorrows	sorrow
sorta	sort of
sorties	sortie
sorting out	sort out
sorts	sort
sos	so
soulmates	soulmate
souls	soul
soundbars	soundbar
soundbox	sound box
sounded	sound
sounders	sounder
soundest	sound
soundings	sounding
soundproofed	soundproof
soundproofing	soundproof
sounds	sound
soundtracks	soundtrack
souped	soup
soups	soup
sourced	source
sources	source
sours	sour
sous	sou
south africans	south african
south asians	south asian
south dakotans	south dakotan
southeastwards	southeastward
souther	south
southerners	southerner
southernmost	southern
southpaws	southpaw
southwards	southward
souvenirs	souvenir
sovereigns	sovereign
soviets	soviet
sowed	sow
sowings	sowing
sows	sow
soybeans	soybean
spacemen	spaceman
spaces	space
spaceships	spaceship
spacesuits	spacesuit
spacings	spacing
spades	spade
spammers	spammer
spangles	spangle
spaniards	spaniard
spaniels	spaniel
spanked	spank
spankings	spanking
spanned	span
spanners	spanner
spans	span
spared	spare
spares	spare
sparest	spare
sparked	spark
sparkled	sparkle
sparklers	sparkler
sparkles	sparkle
sparklings	sparkling
sparks	spark
sparred	spar
sparrows	sparrow
spars	spar
sparser	sparse
spas	spa
spasms	spasm
spastics	spastic
spat	spit
spatializes	spatialize
spats	spit
spawned	spawn
spawning	spawn
spawns	spawn
speakeasies	speakeasy
speakers	speaker
speaks	speak
speared	spear
spearheaded	spearhead
spearheading	spearhead
spearheads	spearhead
spearing	spear
spears	spear
specialise	specialize
specialised	specialized	specialize
specialises	specialize
specialising	specialize
specialisms	specialism
specialists	specialist
specialities	specialty
speciality	specialty
specializations	specialization
specializes	specialize
specializing	specialize
specials	special
specialties	specialty
specifications	specification
specificities	specificity
specifics	specific
specifiers	specifier
specifies	specify
specifying	specify
specimens	specimen
speckling	speckle
specks	speck
specs	spec
spectacles	spectacle
spectaculars	spectacular
spectating	spectate
spectators	spectator
specter	spectre
spectra	spectrum
spectres	spectre
spectrometers	spectrometer
speculated	speculate
speculates	speculate
speculations	speculation
speculators	speculator
speeches	speech
speed limits	speed limit
speedboats	speedboat
speeded	speed
speeders	speeder
speedier	speedy
speedometers	speedometer
speeds	speed
spelled	spell
spellers	speller
spellings	spelling
spells	spell
spelt	spell
spencers	spencer
spenders	spender
spends	spend
spermatozoa	spermatozoon
sperms	sperm
spewed	spew
spewing	spew
spews	spew
spg	spring
spgs	spring
spheres	sphere
spiced	spice
spices	spice
spiciest	spicy
spicing	spice
spicules	spicule
spiders	spider
spied	spy
spies	spy
spigots	spigot
spikes	spike
spikier	spiky
spiking	spike
spillages	spillage
spilled	spill
spilling	spill
spillovers	spillover
spills	spill
spillways	spillway
spilt	spill
spindles	spindle
spines	spine
spinnakers	spinnaker
spinners	spinner
spinneys	spinney
spinoffs	spinoff
spins	spin
spinsters	spinster
spiraled	spiral
spirals	spiral
spires	spire
spirits	spirit
spiritualised	spiritualize
spiritualists	spiritualist
spiritualized	spiritualize
spitfires	spitfire
spits	spit
spittles	spittle
splashdowns	splashdown
splashes	splash
splashier	splashy
splats	splat
splattered	splatter
splatters	splatter
splayed	splay
splays	splay
splendors	splendor
spliced	splice
splices	splice
splines	spline
splinted	splint
splintered	splinter
splinters	splinter
splints	splint
splits	split
splitters	splitter
splittings	splitting
splurged	splurge
splurging	splurge
spluttered	splutter
spluttering	splutter
spoilers	spoiler
spoils	spoil
spoilsports	spoilsport
spokes	spoke
spokeshaves	spokeshave
spokesmen	spokesman
spokespeople	spokesperson
spokespersons	spokesperson
sponges	sponge
sponsored	sponsor
sponsoring	sponsor
sponsors	sponsor
sponsorships	sponsorship
spoofed	spoof
spoofing	spoof
spooked	spook
spookiest	spooky
spooking	spook
spooks	spook
spools	spool
spoonbills	spoonbill
spooned	spoon
spoonfeeds	spoonfeed
spoons	spoon
spoors	spoor
spores	spore
sporozoites	sporozoite
sport's	sport
sported	sport
sportier	sporty
sports	sport
sportscasters	sportscaster
sportsmen	sportsman
spotlighted	spotlight
spotlighting	spotlight
spotlights	spotlight
spots	spot
spotters	spotter
spouses	spouse
spouted	spout
spouts	spout
sprained	sprain
spraining	sprain
sprains	sprain
sprang	spring
spratly islands	spratly island
sprats	sprat
sprawled	sprawl
sprawls	sprawl
sprayed	spray
sprayers	sprayer
sprays	spray
spreaders	spreader
spreading out	spread out
spreads	spread
spreadsheets	spreadsheet
sprees	spree
sprigs	sprig
springboards	springboard
springboks	springbok
springfields	springfield
springing	spring
springs	spring
sprinkled	sprinkle
sprinklers	sprinkler
sprinkles	sprinkle
sprinted	sprint
sprinters	sprinter
sprints	sprint
sprites	sprite
sprockets	sprocket
sprouts	sprout
spruced	spruce
sprucing	spruce
sprung	spring
sprunger	spring
spuds	spud
spun	spin
spurned	spurn
spurning	spurn
spurred	spur
spurs	spur
spurts	spurt
sputtered	sputter
sq	square
squabbled	squabble
squabbles	squabble
squabbling	squabble
squadrons	squadron
squads	squad
squalls	squall
squared off	square off
squares	square
squaring	square
squashes	squash
squashing	squash
squats	squat
squatted	squat
squatters	squatter
squeaked	squeak
squeakers	squeaker
squeaks	squeak
squealed	squeal
squeals	squeal
squeezed	squeeze
squeezes	squeeze
squelched	squelch
squelching	squelch
squids	squid
squiggles	squiggle
squinted	squint
squints	squint
squires	squire
squirmed	squirm
squirming	squirm
squirrels	squirrel
squirted	squirt
squirts	squirt
squished	squish
squishes	squish
sr	senior
sr.	senior
sres	senior
sri lankans	sri lankan
ss	s
sse	s
ssen	s
sses	s
ssris	ssri
st paul	saint paul
st.	saint
st. george's	saint george's
st. john's	saint john’s
st. louis	saint louis
st. paul	saint paul
st. pauls	saint paul
st. petersburg	saint petersburg
sta	station
stabbed	stab
stabbings	stabbing
stabilise	stabilize
stabilised	stabilize
stabilises	stabilize
stabilising	stabilize
stabilizers	stabilizer
stabilizes	stabilize
stabled	stable
stabler	stable
stables	stable
stabs	stab
staccati	staccato
stacks	stack
stadiums	stadium
staffed	staff
staffers	staffer
staffing	staff
staffs	staff
stagehands	stagehand
stages	stage
staggered	stagger
stagings	staging
stagnated	stagnate
stagnates	stagnate
stagnating	stagnate
stags	stag
stainers	stainer
stains	stain
staircases	staircase
stairs	stair
stairways	stairway
stairwells	stairwell
staked	stake
stakeholders	stakeholder
stakes	stake
staking	stake
stalactites	stalactite
stalagmites	stalagmite
stalemates	stalemate
stalkers	stalker
stalks	stalk
stalled	stall
stallings	stalling
stallions	stallion
stalls	stall
stalwarts	stalwart
stamens	stamen
stammered	stammer
stammers	stammer
stampeded	stampede
stampedes	stampede
stampeding	stampede
stamping	stamp
stamps	stamp
stances	stance
stanchions	stanchion
stand-ins	stand-in
standardise	standardize
standardised	standardize
standardising	standardize
standardizing	standardize
standards	standard
standees	standee
standers	stander
standing up	stand up
standings	standing
standoffs	standoff
standpoints	standpoint
stands	stand
stanfords	stanford
stank	stink
stanning	stan
stans	stan
staphylococci	staphylococcus
stapled	staple
staplers	stapler
staples	staple
stapling	staple
starches	starch
stared	stare
stares	stare
stargazers	stargazer
starker	stark
starkest	stark
starlets	starlet
starlings	starling
starlite	starlit
stars	star
starships	starship
started	start
starters	starter
starts	start
startups	startup
stashed	stash
stashes	stash
state's	state
statements	statement
staters	stater
states	state
statesmen	statesman
statics	static
stating	state
station's	station
stationed	station
stationers	stationer
stationing	station
stations	station
statisticians	statistician
statistics	statistic
statues	statue
statuettes	statuette
statuses	status
statutes	statute
staunching	staunch
staves	staff	stave
staving	stave
stayed	stay
stayers	stayer
staying over	stay over
stays	stay
steadied	steady
steadier	steady
steadies	steady
steading	stead
steaks	steak
steals	steal
steamers	steamer
steamrolled	steamroll
steamships	steamship
steeds	steed
steeled	steel
steelmakers	steelmaker
steels	steel
steelworkers	steelworker
steepened	steepen
steepens	steepen
steepest	steep
steeping	steep
steeplechases	steeplechase
steeplejacks	steeplejack
steered	steer
steers	steer
steins	stein
stemming	stem
stems	stem
stenches	stench
stenciled	stencil
stenciling	stencil
stencils	stencil
stenographers	stenographer
stents	stent
stepbrothers	stepbrother
stepchildren	stepchild
stepdaughters	stepdaughter
stephens	stephen
stepladders	stepladder
stepmothers	stepmother
stepped	step
steppers	stepper
steppes	steppe
stepping	step
stepping in	step in
steps	step
stereotypes	stereotype
stereotyping	stereotype
sterilise	sterilize
sterilised	sterilize
sterilising	sterilize
sterilizers	sterilizer
sterilizing	sterilize
sterne	stern
sterner	stern
steroids	steroid
sterols	sterol
stethoscopes	stethoscope
stets	stet
stevedores	stevedore
stevens	steven
steves	steve
stewarded	steward
stewardesses	stewardess
stewarding	steward
stewards	steward
stewarts	stewart
stews	stew
stickers	sticker
stickier	sticky
stickiest	sticky
sticking out	stick out
sticklebacks	stickleback
sticklers	stickler
sticks	stick
sties	sty
stiffened	stiffen
stiffeners	stiffener
stiffens	stiffen
stiffer	stiff
stiffest	stiff
stifles	stifle
stigmas	stigma
stigmata	stigma
stigmatised	stigmatise
stigmatising	stigmatise	stigmatizing
stigmatize	stigmatise
stigmatized	stigmatise
stigmatizes	stigmatise
stiles	stile
stilettos	stiletto
stillbirths	stillbirth
stilled	still
stiller	still
stills	still
stilts	stilt
stimulants	stimulant
stimulated	stimulate
stimulates	stimulate
stimulations	stimulation
stimuli	stimulus
stingers	stinger
stingrays	stingray
stings	sting
stinks	stink
stinted	stint
stints	stint
stipends	stipend
stippling	stipple
stipulated	stipulate
stipulates	stipulate
stipulations	stipulation
stir-fried	stir-fry
stirred up	stir up
stirrers	stirrer
stirring up	stir up
stirrings	stirring
stirrups	stirrup
stirs	stir
stitches	stitch
stoats	stoat
stockbrokers	stockbroker
stocken	stock
stocker	stock
stockholders	stockholder
stockings	stocking
stockists	stockist
stockpiled	stockpile
stockpiles	stockpile
stocks	stock
stoics	stoic
stokes	stoke
stoking	stoke
stoles	stole
stomachs	stomach
stomas	stoma
stomata	stoma
stomped	stomp
stomping	stomp
stomps	stomp
stonemasons	stonemason
stoners	stoner
stones	stone
stonewalled	stonewall
stood	stand
stooges	stooge
stooks	stook
stools	stool
stoops	stoop
stoplights	stoplight
stopovers	stopover
stoppages	stoppage
stoppering	stopper
stoppers	stopper
stops	stop
storefronts	storefront
storehouses	storehouse
storekeepers	storekeeper
stores	store
storeys	storey
stories	storey
storing	store
storks	stork
stormed	storm
stormers	stormer
stormier	stormy
storming	storm
storms	storm
story	storey
storyboards	storyboard
storybooks	storybook
storylines	storyline
storytellers	storyteller
stoute	stout
stouten	stout
stoutest	stout
stouts	stout
stoves	stove
stowed	stow
stows	stow
straddled	straddle
straddles	straddle
straddling	straddle
stragglers	straggler
straggles	straggle
straightened	straighten
straightening	straighten
straightens	straighten
straighter	straight
straightest	straight
straights	straight
strainers	strainer
strains	strain
straits	strait
strandings	stranding
strands	strand
strangers	stranger
strangest	strange
stranglers	strangler
strangulated	strangulate
straps	strap
strata	stratum
stratagems	stratagem
strategies	strategy
strategise	strategize
strategised	strategize
strategising	strategize
strategists	strategist
strategized	strategize
strats	strat
strawberries	strawberry
strawed	straw
straws	straw
strayed	stray
strayer	stray
strays	stray
streaking	streak
streaks	streak
streamed	stream
streamers	streamer
streamlines	streamline
streamlining	streamline
streams	stream
streetcars	streetcar
streetlights	streetlight
streets	street
strengthens	strengthen
strengths	strength
streptococci	streptococcus
stresses	stress
stressors	stressor
stretched out	stretch out
stretchers	stretcher
stretches	stretch
stretching out	stretch out
strewn	strew
striae	stria
striations	striation
stricte	strict
stricter	strict
strictest	strict
strictures	stricture
striders	strider
strides	stride
striding	stride
strikeouts	strikeout
strikers	striker
strikes	strike
striking out	strike out
stringers	stringer
stringing	string
strings	string
stripes	stripe
strippers	stripper
strips	strip
strived	strive
strives	strive
strobes	strobe
strode	stride
stroked	stroke
strokes	stroke
strolled	stroll
strollers	stroller
strolls	stroll
stronge	strong
stronger	strong
strongest	strong
strongholds	stronghold
strongmen	strongman
strongrooms	strongroom
strove	strive
structures	structure
structuring	structure
struggled	struggle
struggles	struggle
strummed	strum
strumming	strum
strums	strum
strung up	string up
struts	strut
strutted	strut
strutting	strut
sts	st
stuarts	stuart
stubbed	stub
stubs	stub
studding	stud
students	student
studentships	studentship
studies	study
studios	studio
studs	stud
stuffers	stuffer
stuffings	stuffing
stuffs	stuff
stumbled	stumble
stumbles	stumble
stumbling	stumble
stumpings	stumping
stumps	stump
stunk	stink
stuns	stun
stunts	stunt
stupider	stupid
stupidest	stupid
sturdier	sturdy
sturdiest	sturdy
stutters	stutter
styled	style
styles	style
styling	style
stylised	stylize
stylists	stylist
stymied	stymie
subbed	sub
subcategories	subcategory
subclasses	subclass
subcontracted	subcontract
subcontracting	subcontract
subcontractors	subcontractor
subcultures	subculture
subdivided	subdivide
subdividing	subdivide
subdivisions	subdivision
subducting	subduct
subduing	subdue
subgroups	subgroup
subheadings	subheading
subjected	subject
subjecting	subject
subjectivities	subjectivity
subjects	subject
subjoined	subjoin
subjugated	subjugate
subjugates	subjugate
subjugating	subjugate
sublets	sublet
subletting	sublet
sublimates	sublimate
subluxations	subluxation
submariners	submariner
submarines	submarine
submerges	submerge
submissions	submission
submits	submit
submitted	submit
submitters	submitter
subordinated	subordinate
subordinates	subordinate
subpoenaed	subpoena
subpoenaing	subpoena
subpoenas	subpoena
subreddits	subreddit
subroutines	subroutine
subs	sub
subscribers	subscriber
subscribes	subscribe
subscribing	subscribe
subscriptions	subscription
subsections	subsection
subsets	subset
subsided	subside
subsides	subside
subsidiaries	subsidiary
subsidies	subsidy
subsidise	subsidize
subsidised	subsidize
subsidises	subsidize
subsidising	subsidize
subsidizes	subsidize
subsidizing	subsidize
subsisted	subsist
subsisting	subsist
subsists	subsist
subsoils	subsoil
substances	substance
substantiated	substantiate
substantiates	substantiate
substations	substation
substituted	substitute
substitutes	substitute
substitutions	substitution
substrata	substratum
substrates	substrate
substructures	substructure
subsumed	subsume
subsuming	subsume
subsystems	subsystem
subtended	subtend
subtitled	subtitle
subtitles	subtitle
subtitling	subtitle
subtlest	subtle
subtleties	subtlety
subtracted	subtract
subtracting	subtract
subtracts	subtract
subtypes	subtype
subtyping	subtype
subunits	subunit
suburbanites	suburbanite
suburbs	suburb
subversions	subversion
subverted	subvert
subverting	subvert
subverts	subvert
subways	subway
subwoofers	subwoofer
succeeded	succeed
succeeds	succeed
successes	success
successors	successor
succulents	succulent
succumbed	succumb
succumbing	succumb
succumbs	succumb
suchen	such
sucked	suck
suckers	sucker
suckled	suckle
suckles	suckle
sucks	suck
suds	sud
sued	sue
sues	sue
suffered	suffer
sufferers	sufferer
sufferings	suffering
suffers	suffer
sufficed	suffice
suffices	suffice
suffixed	suffix
suffixes	suffix
suffocates	suffocate
suffragettes	suffragette
suffragists	suffragist
suffused	suffuse
suffuses	suffuse
sugaring	sugar
sugars	sugar
suggested	suggest
suggesting	suggest
suggestions	suggestion
suggests	suggest
suicides	suicide
suing	sue
suitcases	suitcase
suites	suite
suitings	suiting
suitors	suitor
suits	suit
sulfides	sulfide
sulfur	sulphur
sulked	sulk
sulking	sulk
sullivans	sullivan
sulphates	sulphate
sulphides	sulphide
sultanas	sultana
summaries	summary
summarise	summarize
summarised	summarize
summarises	summarize
summarising	summarize
summarized	summarize
summarizes	summarize
summations	summation
summed	sum
summerhouses	summerhouse
summers	summer
summing	sum
summing up	sum up
summiting	summit
summits	summit
summoned	summon
summons	summon
summonsed	summon
summonses	summon
sums	sum
sunbathed	sunbathe
sunbathing	sunbathe
sunbeams	sunbeam
sunburns	sunburn
sundaes	sundae
sundays	sunday
sundials	sundial
sundowns	sundown
sundries	sundry
sunflowers	sunflower
sung	sing
sunhats	sunhat
sunnier	sunny
sunniest	sunny
sunning	sun
sunnis	sunni
sunrises	sunrise
suns	sun
sunscreens	sunscreen
sunshades	sunshade
sunspots	sunspot
superchargers	supercharger
supercharges	supercharge
supercharging	supercharge
supercoils	supercoil
supercomputers	supercomputer
superconducting	superconduct
superconductors	superconductor
superheated	superheat
superheroes	superhero
superimposing	superimpose
superintendents	superintendent
superintending	superintend
superiore	superior
superiors	superior
superlatives	superlative
supermarkets	supermarket
supernovae	supernova
superorganisms	superorganism
superpowers	superpower
supers	super
superscripts	superscript
superseded	supersede
supersedes	supersede
superseding	supersede
superstars	superstar
superstitions	superstition
superstructures	superstructure
supervises	supervise
supervisions	supervision
supervisors	supervisor
supped	sup
suppers	supper
supplanted	supplant
supplemented	supplement
supplementing	supplement
supplements	supplement
supplied	supply
suppliers	supplier
supplies	supply
supporters	supporter
supports	support
supposes	suppose
supposing	suppose
suppositories	suppository
suppresses	suppress
suppressing	suppress
suppressors	suppressor
supremacists	supremacist
surcharges	surcharge
surcharging	surcharge
sure-fire	surefire
surest	sure
sureties	surety
surfaced	surface
surfaces	surface
surfactants	surfactant
surfboards	surfboard
surfed	surf
surfers	surfer
surfs	surf
surged	surge
surgeons	surgeon
surgeries	surgery
surges	surge
surmised	surmise
surmises	surmise
surmounting	surmount
surnames	surname
surpassed	surpass
surpasses	surpass
surplices	surplice
surpluses	surplus
surprises	surprise
surrealists	surrealist
surrendered	surrender
surrendering	surrender
surrenders	surrender
surrogates	surrogate
surroundings	surrounding
surrounds	surround
surveilled	surveil
surveilling	surveil
surveyed	survey
surveyors	surveyor
surveys	survey
survivalists	survivalist
survived	survive
survives	survive
survivors	survivor
suse	sus
suspecting	suspect
suspects	suspect
suspenders	suspender
suspending	suspend
suspends	suspend
suspensions	suspension
suspicions	suspicion
sussexes	sussex
sustaining	sustain
sustains	sustain
sutured	suture
sutures	suture
sw	southwest
swabbed	swab
swabs	swab
swaddled	swaddle
swaddles	swaddle
swaddling	swaddle
swaggered	swagger
swags	swag
swallowed	swallow
swallows	swallow
swam	swim
swamping	swamp
swamps	swamp
swanned	swan
swanning	swan
swans	swan
swanses	swan
swapped	swap
swapping	swap
swaps	swap
swards	sward
swarmed	swarm
swarming	swarm
swarms	swarm
swastikas	swastika
swatches	swatch
swathed	swathe
swathes	swathe
swaths	swath
swatted	swat
swatting	swat
swayed	sway
swaying	sway
sways	sway
swear words	swear word
swearers	swearer
swears	swear
sweated	sweat
sweaters	sweater
sweats	sweat
sweatshirts	sweatshirt
swedes	swede
sweepers	sweeper
sweepings	sweeping
sweeps	sweep
sweetbreads	sweetbread
sweeteners	sweetener
sweeter	sweet
sweetest	sweet
sweethearts	sweetheart
sweeties	sweetie
sweets	sweet
swellings	swelling
swells	swell
swept up	sweep up
swerved	swerve
swifter	swift
swifts	swift
swigged	swig
swigging	swig
swilled	swill
swimmers	swimmer
swims	swim
swimsuits	swimsuit
swindled	swindle
swindlers	swindler
swindles	swindle
swings	swing
swiped	swipe
swipes	swipe
swiping	swipe
swirled	swirl
swirling	swirl
swirls	swirl
swished	swish
swisher	swish
swishes	swish
swishing	swish
switched	switch
switched-on	switched on
switchers	switcher
switches	switch
swiveling	swivel
swooned	swoon
swooped	swoop
swooping	swoop
swoops	swoop
swooshes	swoosh
swooshing	swoosh
swords	sword
swordsmen	swordsman
swore	swear
sworn in	swear in
swots	swot
swotted	swot
swum	swim
swung	swing
sycamores	sycamore
sycophants	sycophant
syllabi	syllabus
syllables	syllable
syllabuses	syllabus
symbolise	symbolize
symbolised	symbolize
symbolises	symbolize
symbolising	symbolize
symbolists	symbolist
symbolized	symbolize
symbolizes	symbolize
symbologies	symbology
symbols	symbol
symmetries	symmetry
sympathies	sympathy
sympathise	sympathize
sympathised	sympathize
sympathises	sympathize
sympathized	sympathize
sympathizers	sympathizer
sympathizing	sympathize
symphonies	symphony
symposia	symposium
symptoms	symptom
synaesthesia	synesthesia
synagogues	synagogue
synapses	synapse
synchronicities	synchronicity
synchronise	synchronize
synchronised	synchronize
synchronising	synchronize
synchronizes	synchronize
syncing	sync
syncs	sync
syndicalists	syndicalist
syndicated	syndicate
syndicates	syndicate
syndromes	syndrome
synergies	synergy
synergising	synergize
synergizing	synergize
synods	synod
synonyms	synonym
synopses	synopsis
syntheses	synthesis
synthesise	synthesize
synthesised	synthesize
synthesising	synthesize
synthesized	synthesize
synthesizing	synthesize
synthetics	synthetic
syrians	syrian
syringes	syringe
syringing	syringe
syrups	syrup
systematised	systematise
systems	system
t cell	t-cell
t cells	t-cell
t-cells	t-cell
t-shirts	t-shirt
tabbies	tabby
tabernacles	tabernacle
tableaux	tableau
tablecloths	tablecloth
tablelands	tableland
tables	table
tablespoons	tablespoon
tablets	tablet
tabloids	tabloid
taboos	taboo
tabs	tab
tabulated	tabulate
tabulates	tabulate
tabulating	tabulate
tabulations	tabulation
tachometers	tachometer
tachycardias	tachycardia
tacked	tack
tackled	tackle
tacklers	tackler
tackles	tackle
tackling	tackle
tacks	tack
tacos	taco
tactics	tactic
tadpoles	tadpole
tag-teaming	tag-team
tagging	tag
taglines	tagline
tags	tag
tailbacks	tailback
tailgated	tailgate
tailgates	tailgate
tailgating	tailgate
tailings	tailing
taillights	taillight
tailors	tailor
tailpipes	tailpipe
tails	tail
tailwinds	tailwind
tainting	taint
taints	taint
taipans	taipan
take-downs	take-down
takeaways	takeaway
takedowns	takedown
taken aback	take aback
taken away	take away
taken for granted	take for granted
taken off	take off
taken on	take on
taken up	take up
takeoffs	takeoff
takeovers	takeover
takers	taker
takes	take
takes off	take off
taking away	take away
taking care	take care
taking down	take down
taking in	take in
taking into account	take into account
taking off	take off
taking place	take place
takings	taking
talents	talent
tales	tale
talismans	talisman
talked	talk
talkers	talker
talkies	talkie
talks	talk
tall tales	tall tale
tallboys	tallboy
taller	tall
tallest	tall
tallied	tally
tallies	tally
tallying	tally
talons	talon
taluses	talus
tamales	tamale
tambourines	tambourine
tamers	tamer
tames	tame
taming	tame
tampered	tamper
tamping	tamp
tampons	tampon
tams	tam
tandems	tandem
tane	tan
tangents	tangent
tangerines	tangerine
tangier	tangy
tangles	tangle
tangling	tangle
tangos	tango
tangs	tang
tangye	tangy
tankards	tankard
tankers	tanker
tanking	tank
tanks	tank
tanners	tanner
tannins	tannin
tans	tan
tantalises	tantalise
tantalising	tantalise
tantalize	tantalise
tantalized	tantalise
tantrums	tantrum
tanzanians	tanzanian
tapers	taper
tapes	tape
tapestries	tapestry
tapeworms	tapeworm
tapings	taping
tappers	tapper
tappets	tappet
taprooms	taproom
taps	tap
tapse	tap
tar heels	tar heel
tarantulas	tarantula
tares	tare
targeting	target
targets	target
tariffed	tariff
tariffs	tariff
tarnished	tarnish
tarnishing	tarnish
tarpaulins	tarpaulin
tarps	tarp
tarred	tar
tars	tar
tartans	tartan
tarte	tart
tarts	tart
tased	tase
tasers	taser
tasked	task
tasking	task
taskmasters	taskmaster
tasks	task
tasmanians	tasmanian
tasselled	tassel
tassels	tassel
tasted	taste
tastemakers	tastemaker
tasters	taster
tastes	taste
tastier	tasty
tastiest	tasty
tastings	tasting
tatars	tatar
taters	tater
tatters	tatter
tatties	tattie
tattiest	tatty
tattled	tattle
tattooed	tattoo
tattoos	tattoo
taunted	taunt
taunts	taunt
tauopathies	tauopathy
taverns	tavern
taxa	taxon
taxed	tax
taxes	tax	taxi
taxicabs	taxicab
taxied	taxi
taxiing	taxi
taxis	taxi
taxonomies	taxonomy
taxpayers	taxpayer
taylors	taylor
tchotchkes	tchotchke
teacakes	teacake
teachers	teacher
teaches	teach
teachings	teaching
teacups	teacup
teale	teal
teals	teal
team's	team
teamed	team
teaming	team
teammates	teammate
teams	team
teamsters	teamster
teapots	teapot
tear-gassed	tear-gas
teardrops	teardrop
teared	tear
tearing down	tear down
tearjerkers	tearjerker
tearooms	tearoom
tears	tear
teas	tea
teasers	teaser
teases	tease
teashops	teashop
teaspoons	teaspoon
teats	teat
techies	techie
technicalities	technicality
technicals	technical
technicians	technician
techniques	technique
technocrats	technocrat
technologies	technology
technologists	technologist
techs	tech
teddies	teddy
teds	ted
teed	tee
teed off	tee off
teeing	tee
teems	teem
teenagers	teenager
teeniest	teeny
teens	teen
tees	tee
teetered	teeter
teetering	teeter
teeters	teeter
teeth	tooth
teheran	tehran
telecasts	telecast
telecommunications	telecommunication
teleconferences	teleconference
telegrams	telegram
telegraphed	telegraph
telegraphs	telegraph
telemarketers	telemarketer
telephoned	telephone
telephones	telephone
telephoning	telephone
telephonists	telephonist
teleported	teleport
teleporting	teleport
teleprinters	teleprinter
telescopes	telescope
telescoping	telescope
televised	televise
televising	televise
televisions	television
telexed	telex
tellers	teller
tells	tell
telnetted	telnet
telomeres	telomere
temperaments	temperament
temperatures	temperature
tempers	temper
tempi	tempo
templates	template
temples	temple
tempos	tempo
temps	temp
temptations	temptation
temptresses	temptress
tenancies	tenancy
tenants	tenant
tended	tend
tendencies	tendency
tendered	tender
tenderer	tender
tenderest	tender
tendering	tender
tenderises	tenderize
tenders	tender
tendons	tendon
tendrils	tendril
tends	tend
tenements	tenement
tenets	tenet
tenons	tenon
tenors	tenor
tens	ten
tenses	tense
tensing	tense
tensioned	tension
tensioning	tension
tensions	tension
tentacles	tentacle
tented	tent
tenths	tenth
tents	tent
tenures	tenure
tequilas	tequila
ter	terrace
terabytes	terabyte
tere	terrace
terem	terrace
teres	terrace
termed	term
terminals	terminal
terminates	terminate
terminating	terminate
terminations	termination
terminators	terminator
terming	term
termini	terminus
terms	term
terns	tern
terra cotta	terracotta
terraced	terrace
terraces	terrace
terracing	terrace
terrains	terrain
terrariums	terrarium
terriers	terrier
terrifies	terrify
territories	territory
terrorised	terrorise
terrorises	terrorise
terrorising	terrorizing	terrorise
terrorists	terrorist
terrorize	terrorise
terrorized	terrorise
terrorizes	terrorise
terrors	terror
terseer	terse
tescos	tesco
teslas	tesla
testaments	testament
testers	tester
testes	testis
testicles	testicle
testier	testy
testified	testify
testifies	testify
testifying	testify
testimonials	testimonial
testimonies	testimony
tests	test
tethering	tether
tetracyclines	tetracycline
tetras	tetra
texans	texan
textbooks	textbook
texted	text
textiles	textile
texts	text
textures	texture
thais	thai
thanes	thane
thanked	thank
thanks	thank
that's	that is
thatched	thatch
thatchers	thatcher
thatching	thatch
thaws	thaw
the philippines	philippine
the third	iii
theaters	theater
theatre	theater
theatres	theater
thee	thou
theee	thou
thefts	theft
theirs	their
theists	theist
them	they
themed	theme
themen	they
themes	theme
theming	theme
themselves	themself
theologians	theologian
theologies	theology
theorems	theorem
theories	theory
theorise	theorize
theorised	theorize
theorising	theorize
theorists	theorist
theorized	theorize
theorizing	theorize
therapeutics	therapeutic
therapies	therapy
therapists	therapist
there's	there is
theres	there
therese	there
thermals	thermal
thermistors	thermistor
thermocouples	thermocouple
thermometers	thermometer
thermoplastics	thermoplastic
thermostats	thermostat
therms	therm
theropods	theropod
thesauri	thesaurus
these	this
theses	thesis
thespians	thespian
they'd	they are
they'll	they are
thicke	thick
thickeners	thickener
thickens	thicken
thicker	thick
thickest	thick
thickets	thicket
thicknesses	thickness
thieves	thief	thieve
thighs	thigh
thine	thy
things	thing
thinkers	thinker
thinking over	think over
thinks	think
thinners	thinner
thinnest	thin
thinnings	thinning
thins	thin
thirds	third
thirsts	thirst
thirties	thirty
thistles	thistle
thompsons	thompson
thomsons	thomson
thongs	thong
thornes	thorne
thorns	thorn
thoroughbreds	thoroughbred
thoroughfares	thoroughfare
those	that
thoughts	thought
thousands	thousand
thousandths	thousandth
thraldom	thralldom
thrashed	thrash
thrashers	thrasher
threading	thread
threads	thread
threatens	threaten
threats	threat
threes	three
threesomes	threesome
threshed	thresh
threshers	thresher
thresholded	threshold
thresholds	threshold
threw	throw
thrillers	thriller
thrills	thrill
thrived	thrive
thrives	thrive
throats	throat
throes	throe
thrones	throne
thronging	throng
throngs	throng
throttled	throttle
throttles	throttle
throve	thrive
throwers	thrower
throwing away	throw away
throwing out	throw out
throwings	throwing
thrown away	throw away
throws	throw
thrummed	thrum
thrumming	thrum
thrushes	thrush
thrusted	thrust
thrusters	thruster
thrusts	thrust
thudded	thud
thuds	thud
thugs	thug
thumbing	thumb
thumbnails	thumbnail
thumbprints	thumbprint
thumbs	thumb
thumped	thump
thumps	thump
thunderbirds	thunderbird
thunderbolts	thunderbolt
thundered	thunder
thunderheads	thunderhead
thunders	thunder
thundershowers	thundershower
thunderstorms	thunderstorm
thunk	think
thursdays	thursday
thwarts	thwart
thymes	thyme
tiaras	tiara
tibetans	tibetan
ticked	tick
ticked off	tick off
tickers	ticker
ticketed	ticket
ticketing	ticket
tickets	ticket
tickled	tickle
tickles	tickle
ticks	tick
tics	tic
tidbits	tidbit
tiddlywinks	tiddlywink
tidelands	tideland
tidemarks	tidemark
tides	tide
tidied	tidy
tidier	tidy
tidies	tidy
tidings	tiding
tidy up	tidy-up
tidying	tidy
tidying-up	tidy-up
tiebacks	tieback
tied down	tie down
tied up	tie up
tiede	tied
tiers	tier
ties	tie
tiffins	tiffin
tiffs	tiff
tigers	tiger
tightened	tighten
tightens	tighten
tighter	tight
tightest	tight
tightropes	tightrope
tikkas	tikka
tiktokers	tiktoker
tiktoks	tiktok
til	until
tilers	tiler
tiles	tile
tillering	tiller
tills	till
tilts	tilt
timbering	timber
timbers	timber
timbres	timbre
time zone	timezone
timebombs	timebomb
timeframes	timeframe
timekeepers	timekeeper
timelines	timeline
timepieces	timepiece
timers	timer
times	time
timescales	timescale
timetables	timetable
timings	timing
tims	tim
tinctures	tincture
tines	tine
tiniest	tiny
tinkered	tinker
tinkerers	tinkerer
tinkering	tinker
tinkers	tinker
tinkled	tinkle
tins	tin
tinsmiths	tinsmith
tinted	tint
tints	tint
tippers	tipper
tippets	tippet
tipples	tipple
tips	tip
tipsters	tipster
tiptoed	tiptoe
tirades	tirade
tires	tire
tis	ti
tissues	tissue
titans	titan
tithes	tithe
tithing	tithe
titles	title
titling	title
tits	tit
titters	titter
toadies	toady
toads	toad
toadstools	toadstool
toasters	toaster
toastmasters	toastmaster
toasts	toast
toboggans	toboggan
today's	today
todays	today
toddlers	toddler
toddling	toddle
todds	todd
toeing	toe
toenails	toenail
toes	toe
toffees	toffee
toffs	toff
toggled	toggle
toggles	toggle
toiled	toil
toilers	toiler
toiletries	toiletry
toilets	toilet
toils	toil
tokamaks	tokamak
tokenized	tokenize
tokenizing	tokenize
tokens	token
told	tell
tolerances	tolerance
tolerating	tolerate
tolled	toll
tollgates	tollgate
tolling	toll
tolls	toll
tomahawked	tomahawk
tomahawks	tomahawk
tomatoes	tomato
tombolas	tombola
tombs	tomb
tombstones	tombstone
tomcats	tomcat
tomes	tome
tommies	tommy
tomorrows	tomorrow
toms	tom
tonalities	tonality
toners	toner
tones	tone
tongans	tongan
tongs	tong
tongues	tongue
tonics	tonic
tonifying	tonify
toning	tone
tonnages	tonnage
tonnes	tonne
tons	ton
tonye	tony
tonys	tony
took	take
tooke	take
toolbars	toolbar
toolboxes	toolbox
tooled	tool
toolkits	toolkit
toolmakers	toolmaker
tools	tool
tooltips	tooltip
toothbrushes	toothbrush
toothpastes	toothpaste
tooting	toot
tootled	tootle
toots	toot
tope	top
topen	top
topics	topic
topmost	top
topoisomerases	topoisomerase
topologies	topology
toppers	topper
topping off	top off
toppings	topping
toppled	topple
topples	topple
toppling	topple
torchbearers	torchbearer
torched	torch
torches	torch
torching	torch
tori	torus
tories	torus
tormenting	torment
tormentors	tormentor
torments	torment
tornadoes	tornado
tornados	tornado
toroids	toroid
torontonians	torontonian
torpedoed	torpedo
torpedos	torpedo
torques	torque
torrents	torrent
tors	tor
torse	tor
torsen	tor
tortillas	tortilla
tortoises	tortoise
tortoiseshells	tortoiseshell
torts	tort
torturers	torturer
tortures	torture
tossed	toss
tosses	toss
totaling	total
totalitarians	totalitarian
totalities	totality
totalled	total
totalling	total
totals	total
toted	tote
totems	totem
totes	tote
toting	tote
tots	tot
totted	tot
tottered	totter
toucans	toucan
touch-ups	touch-up
touchdowns	touchdown
touches	touch
touchscreens	touchscreen
touchstones	touchstone
toughened	toughen
toughening	toughen
tougher	tough
toughest	tough
toured	tour
tourers	tourer
touring	tour
touriste	tourist
tourists	tourist
tournaments	tournament
tourneys	tourney
tourniquets	tourniquet
tours	tour
tousling	tousle
touted	tout
touting	tout
touts	tout
towards	toward
towed	tow
towels	towel
towered	tower
towers	tower
town centres	town centre
town's	town
townhouses	townhouse
townies	townie
townlands	townland
towns	town
townships	township
towpaths	towpath
tows	tow
towse	tow
toxicities	toxicity
toxicologists	toxicologist
toxins	toxin
toyed	toy
toys	toy
traced	trace
tracers	tracer
traces	trace
track suit	tracksuit
trackballs	trackball
trackers	tracker
tracking down	track down
tracks	track
tracksuits	tracksuit
tractors	tractor
tracts	tract
trade-offs	trade-off
traded	trade
trademarking	trademark
trademarks	trademark
traders	trader
trades	trade
tradesmen	tradesman
tradesperson	tradespeople
traditionalists	traditionalist
traditions	tradition
tradwives	tradwife
traffic signals	traffic signal
trafficked	traffic
traffickers	trafficker
trafficking	traffic
traffics	traffic
tragedies	tragedy
trailblazers	trailblazer
trailed	trail
trailers	trailer
trails	trail
trainees	trainee
traineeships	traineeship
trainers	trainer
trainings	training
trains	train
traipsing	traipse
traitors	traitor
traits	trait
trajectories	trajectory
tramcars	tramcar
tramped	tramp
tramping	tramp
trampled	trample
tramples	trample
tramplings	trampling
trampolines	trampoline
tramps	tramp
trams	tram
tramways	tramway
tranches	tranche
tranquilizers	tranquillizer
tranquilliser	tranquillizer
tranquillisers	tranquillizer
tranquillizers	tranquillizer
transacted	transact
transacting	transact
transactions	transaction
transacts	transact
transaminases	transaminase
transcended	transcend
transcends	transcend
transcribed	transcribe
transcribing	transcribe
transcriptions	transcription
transcripts	transcript
transducers	transducer
transects	transect
transepts	transept
transesterified	transesterify
transferees	transferee
transferred	transfer
transferring	transfer
transfers	transfer
transfigured	transfigure
transfigures	transfigure
transfixes	transfix
transfixing	transfix
transformations	transformation
transformers	transformer
transforming	transform
transforms	transform
transfused	transfuse
transfusions	transfusion
transgenes	transgene
transgressed	transgress
transgresses	transgress
transgressing	transgress
transgressions	transgression
transgressors	transgressor
transients	transient
transistors	transistor
transited	transit
transiting	transit
transitioned	transition
transitioning	transition
transitions	transition
transits	transit
translates	translate
translating	translate
translations	translation
translators	translator
transliterated	transliterate
translocating	translocate
transmissions	transmission
transmits	transmit
transmitters	transmitter
transmuted	transmute
transmutes	transmute
transmuting	transmute
transparencies	transparency
transphobes	transphobe
transpired	transpire
transpires	transpire
transplanted	transplant
transplants	transplant
transponders	transponder
transported	transport
transporters	transporter
transporting	transport
transports	transport
transposes	transpose
transposing	transpose
transsexuals	transsexual
transshipped	transship
transverses	transverse
trapezoids	trapezoid
trappers	trapper
trappings	trapping
traps	trap
traumas	trauma
traumatise	traumatize
traumatised	traumatize
traumatises	traumatize
traumatising	traumatize
traumatized	traumatize
traumatizes	traumatize
traumatizing	traumatize
travails	travail
traveler	traveller
travelers	traveller
travelled	travel	traveled
traveller's	traveller
travellers	traveller
travelling	travel	traveling
travelogues	travelogue
travels	travel
traversed	traverse
traverses	traverse
traversing	traverse
trawled	trawl
trawlers	trawler
trawling	trawl
trawls	trawl
trays	tray
treading	tread
treadmills	treadmill
treads	tread
treasurers	treasurer
treasures	treasure
treasuries	treasury
treasuring	treasure
treaties	treaty
treatings	treating
treatises	treatise
treatments	treatment
treats	treat
trebled	treble
trebles	treble
trebling	treble
treehouses	treehouse
trees	tree
treese	tree
treetops	treetop
trefoils	trefoil
trekked	trek
trekkers	trekker
treks	trek
trellised	trellis
trellises	trellis
trellising	trellis
trembled	tremble
trembles	tremble
tremoring	tremor
tremors	tremor
trenched	trench
trenchers	trencher
trenches	trench
trenching	trench
trended	trend
trends	trend
trespassed	trespass
trespassers	trespasser
trespasses	trespass
tresses	tress
trestles	trestle
treys	trey
triads	triad
triages	triage
trialed	trial
trialing	trial
trials	trial
triangles	triangle
triangulations	triangulation
triathlons	triathlon
tribes	tribe
tribesmen	tribesman
tribologists	tribologist
tribulations	tribulation
tribunals	tribunal
tributaries	tributary
tributes	tribute
tricing	trice
tricked	trick
trickier	tricky
trickiest	tricky
tricking	trick
trickled	trickle
trickles	trickle
trickling	trickle
tricks	trick
tricksters	trickster
tricolore	tricolor
tricycles	tricycle
tries	try
triest	try
trifles	trifle
triggered	trigger
triggers	trigger
triglycerides	triglyceride
trigrams	trigram
trigraphs	trigraph
trikes	trike
trilling	trill
trillions	trillion
trills	trill
trimmers	trimmer
trimmings	trimming
trims	trim
trinkets	trinket
trios	trio
tripled	triple
triples	triple
triplets	triplet
tripods	tripod
tripped	trip
trippers	tripper
trips	trip
triumphed	triumph
triumphing	triumph
triumphs	triumph
trivia	trivium
trivialised	trivialise
trivialising	trivialise
trivialities	triviality
trivializing	trivialise
trl	trail
trod	tread
trodden	tread
troglodytes	troglodyte
trolled	troll
trolley bus	trolley-bus
trolleybus	trolley-bus
trolleybuses	trolley-bus
trolleys	trolley
trolls	troll
trombones	trombone
trooped	troop
troopers	trooper
trooping	troop
troops	troop
tropes	trope
trophies	trophy
tropics	tropic
trotted	trot
trotters	trotter
trotting	trot
troubadours	troubadour
troublemakers	troublemaker
troubles	trouble
troubleshooters	troubleshooter
troubleshooting	troubleshoot
troughs	trough
trounced	trounce
troupes	troupe
trousers	trouser
troves	trove
trowels	trowel
truants	truant
truces	truce
trucked	truck
truckers	trucker
trucks	truck
trudged	trudge
trudges	trudge
trudging	trudge
trued	true
truer	true
truest	true
truffles	truffle
trumped	trump
trumpeted	trumpet
trumpeters	trumpeter
trumpeting	trumpet
trumpets	trumpet
trumps	trump
truncates	truncate
trundled	trundle
trunks	trunk
trusses	truss
trustees	trustee
trusts	trust
truths	truth
tryouts	tryout
trypanosomes	trypanosome
trysts	tryst
ts	tennessine
tse	tennessine
tsunamis	tsunami
ttp	tugtupite
tubas	tuba
tubercles	tubercle
tubers	tuber
tubes	tube
tubs	tub
tuckered	tucker
tuckers	tucker
tucking	tuck
tucks	tuck
tuesdays	tuesday
tuffer	tuff
tufting	tuft
tufts	tuft
tugboats	tugboat
tugged	tug
tugging	tug
tugs	tug
tui	terminal user inferface
tulips	tulip
tumbled	tumble
tumblers	tumbler
tumbles	tumble
tumbleweeds	tumbleweed
tummies	tummy
tumor	tumour
tumors	tumour
tumours	tumour
tune-ups	tune-up
tuned	tune
tuners	tuner
tunes	tune
tunics	tunic
tunings	tuning
tunisians	tunisian
tunnels	tunnel
tuns	tun
turbans	turban
turbines	turbine
turbulences	turbulence
turds	turd
turfed	turf
turfing	turf
turfs	turf
turkeys	turkey
turks	turk
turn-ups	turn-up
turnarounds	turnaround
turnbuckles	turnbuckle
turned around	turn around
turned on	turn on
turners	turner
turning around	turn around
turning away	turn away
turning back	turn back
turning down	turn down
turning on	turn on
turning out	turn out
turning over	turn over
turning up	turn up
turnips	turnip
turnouts	turnout
turnovers	turnover
turnpikes	turnpike
turns	turn
turnstiles	turnstile
turnt	turn
turntables	turntable
turrets	turret
turtledove	turtle dove
turtlenecks	turtleneck
turtles	turtle
turtling	turtle
tusks	tusk
tussled	tussle
tussles	tussle
tussocks	tussock
tutored	tutor
tutorials	tutorial
tutors	tutor
tuts	tut
tutting	tut
tuxedos	tuxedo
tvs	tv
twanging	twang
twats	twat
tweaked	tweak
tweaking	tweak
tweaks	tweak
tweeds	tweed
tweens	tween
tweeted	tweet
tweeters	tweeter
tweeting	tweet
tweets	tweet
tweezers	tweezer
twelves	twelve
twenties	twenty
twerking	twerk
twigged	twig
twigs	twig
twined	twine
twinged	twinge
twinges	twinge
twinkled	twinkle
twins	twin
twirling	twirl
twisters	twister
twists	twist
twitched	twitch
twitches	twitch
twittering	twitter
twitters	twitter
two-timed	two-time
twos	two
tycoons	tycoon
tying up	tie up
tykes	tyke
tylers	tyler
typed	type
typefaces	typeface
types	type
typescripts	typescript
typesetters	typesetter
typesetting	typeset
typewriters	typewriter
typewritten	typewrite
typhoons	typhoon
typified	typify
typifies	typify
typists	typist
typographers	typographer
typologies	typology
typos	typo
tyrannies	tyranny
tyrannosaurs	tyrannosaur
tyrants	tyrant
tyre	tire
tyree	tire
tyres	tire
tyrese	tire
tyros	tyro
t’s	t
u-turning	u-turn
u-turns	u-turn
u.s. virgin islands	united states virgin islands
ubis	ubi
udders	udder
ugandans	ugandan
uglier	ugly
ugliest	ugly
uh oh	uh-oh
ukrainians	ukrainian
ulcerates	ulcerate
ulcerations	ulceration
ulcers	ulcer
ultimates	ultimate
ultimatums	ultimatum
ultraconservatives	ultraconservative
ultramarines	ultramarine
ultrasounds	ultrasound
umbels	umbel
umbilicals	umbilical
umbrellas	umbrella
umpired	umpire
umpires	umpire
umpiring	umpire
un	union
unarchiving	unarchive
unassembled	unassemble
unauthorizedly	unauthorisedly
unbanned	unban
unbelievers	unbeliever
unblocked	unblock
unblocking	unblock
unblocks	unblock
unboxed	unbox
unbuckles	unbuckle
unbuttoning	unbutton
uncertaine	uncertain
uncertainties	uncertainty
uncivilised	uncivilized
unclamped	unclamp
uncles	uncle
unclosed	unclose
uncoiling	uncoil
unconsciousnesses	unconsciousness
uncorked	uncork
uncoupling	uncouple
uncovers	uncover
unctions	unction
under-represented	under-represent
underachievers	underachiever
underachieving	underachieve
underclassmen	underclassman
undercurrents	undercurrent
undercuts	undercut
undercutting	undercut
underdogs	underdog
underestimates	underestimate
underestimating	underestimate
underframes	underframe
undergarments	undergarment
undergoes	undergo
undergoing	undergo
undergone	undergo
undergrads	undergrad
undergraduates	undergraduate
underlain	underlie
underlay	underlie
underlays	underlie
underlies	underlie
underlined	underline
underlines	underline
underlings	underling
underlining	underline
undermined	undermine
undermines	undermine
underpaid	underpay
underparts	underpart
underpasses	underpass
underpaying	underpay
underpayments	underpayment
underperformed	underperform
underperforming	underperform
underpinned	underpin
underpinnings	underpinning
underpins	underpin
underplayed	underplay
underpricing	underprice
underrated	underrate
underscored	underscore
underscores	underscore
underscoring	underscore
undershirts	undershirt
undersides	underside
undersold	undersell
underspending	underspend
underspends	underspend
underspent	underspend
understaffing	understaff
understandings	understanding
understands	understand
understatements	understatement
understating	understate
understory	understorey
understudied	understudy
understudying	understudy
undertaken	undertake
undertakers	undertaker
undertakes	undertake
undertakings	undertaking
undertones	undertone
undertook	undertake
underused	underuse
underutilise	underutilize
underutilised	underutilize
underutilized	underutilize
undervalued	undervalue
undervalues	undervalue
undervaluing	undervalue
underwent	undergo
underwhelmed	underwhelm
underwhelming	underwhelm
underworlds	underworld
underwriters	underwriter
underwrites	underwrite
underwriting	underwrite
underwritten	underwrite
underwrote	underwrite
undesirables	undesirable
undid	undo
undocked	undock
undoes	undo
undressing	undress
undulates	undulate
undulating	undulate
undulations	undulation
une	union
unearthed	unearth
unearthing	unearth
unearths	unearth
uner	union
unfavorable	unfavourable
unfitted	unfit
unfolded	unfold
unfolds	unfold
unfollowed	unfollow
unfollowing	unfollow
unforgotten	unforget
unfortunates	unfortunate
unfurled	unfurl
unfurling	unfurl
unglued	unglue
ungrounded	unground
ungulates	ungulate
unhealthiest	unhealthy
unhitched	unhitch
unhooking	unhook
unicorns	unicorn
unicycles	unicycle
unicycling	unicycle
unifies	unify
uniforms	uniform
unigrams	unigram
uninstalled	uninstall
uninstalling	uninstall
unionised	unionized
unionists	unionist
unionizing	unionize
unions	union
unites	unite
unities	unity
unitised	unitize
unitized	unitize
units	unit
universalising	universalize
universals	universal
universes	universe
universities	university
university's	university
unknotted	unknot
unknotting	unknot
unknowns	unknown
unleashed	unleash
unleashes	unleash
unleashing	unleash
unliked	unlike
unliving	unlive
unloads	unload
unlocking	unlock
unlocks	unlock
unluckiest	unlucky
unmasked	unmask
unmixing	unmix
unpacking	unpack
unpacks	unpack
unpicking	unpick
unpicks	unpick
unpinned	unpin
unplugged	unplug
unquoted	unquote
unraveled	unravel
unraveling	unravel
unravels	unravel
unrecognised	unrecognized
unrolled	unroll
unrolling	unroll
uns	union
unscrambles	unscramble
unscrewing	unscrew
unse	union
unseated	unseat
unser	union
unsetting	unset
unsettles	unsettle
unstitched	unstitch
unsubscribing	unsubscribe
untouchables	untouchable
untruths	untruth
untwisting	untwist
unveils	unveil
unwound	unwind
unwrapping	unwrap
unzipped	unzip
unzipping	unzip
unzips	unzip
up front	up-front
up to date	up-to-date
upbraids	upbraid
upbringings	upbringing
upcycled	upcycle
upcycling	upcycle
updated	update
updates	update
updrafts	updraft
upe	up
upended	upend
upgraded	upgrade
upgrades	upgrade
upgrading	upgrade
upheavals	upheaval
upheld	uphold
uphills	uphill
upholders	upholder
upholding	uphold
upholds	uphold
upholsteries	upholstery
uplands	upland
uplifts	uplift
uploaded	upload
uploading	upload
uploads	upload
upmost	up
upped	up
uppercased	uppercase
uppercuts	uppercut
uppermost	upper
uppers	upper
upping	up
upregulates	upregulate
uprights	upright
uprisings	uprising
uprooted	uproot
uprooting	uproot
ups	up
upscaled	upscale
upscales	upscale
upsets	upset
upside down	upside-down
upsides	upside
upstaged	upstage
upstaging	upstage
upstarts	upstart
upsurges	upsurge
upswings	upswing
upturning	upturn
upvotes	upvote
ur	u
urbanisation	urbanization
urbanised	urbanise
urbanized	urbanise
urchins	urchin
ure	u
uren	u
urged	urge
urges	urge
urinals	urinal
urinated	urinate
urinates	urinate
urinating	urinate
urls	url
urns	urn
urs	u
ursids	ursid
uruguayans	uruguayan
us	we	u
us virgin islands	united states virgin islands
usages	usage
usbs	usb
used up	use up
usernames	username
users	user
uses	use
ushered	usher
ushering	usher
ushers	usher
using up	use up
ussr	u.s.s.r.
usurped	usurp
usurping	usurp
usurps	usurp
utahns	utahn
utensils	utensil
utilisation	utilization
utilised	utilise
utilises	utilise
utilising	utilise
utilities	utility
utilize	utilise
utilized	utilise
utilizes	utilise
utilizing	utilise
utterances	utterance
uttering	utter
uttermost	utter
utters	utter
u’s	u
vacancies	vacancy
vacated	vacate
vacating	vacate
vacationers	vacationer
vacations	vacation
vaccinates	vaccinate
vaccinations	vaccination
vaccines	vaccine
vacillated	vacillate
vacs	vac
vacuoles	vacuole
vacuums	vacuum
vagabonds	vagabond
vagaries	vagary
vaginas	vagina
vagrants	vagrant
vaguest	vague
vaine	vain
valente	valent
valentines	valentine
vales	vale
valeted	valet
valeting	valet
valets	valet
validated	validate
validates	validate
validating	validate
validations	validation
valleys	valley
valour	valor
valuables	valuable
valuations	valuation
valuers	valuer
values	value
valuing	value
valves	valve
vamped	vamp
vampires	vampire
vamps	vamp
vancouverites	vancouverite
vandalise	vandalize
vandalised	vandalize
vandalising	vandalize
vandalized	vandalize
vandalizing	vandalize
vandals	vandal
vanes	vane
vanguards	vanguard
vanishes	vanish
vanities	vanity
vanned	van
vanquished	vanquish
vans	van
vansen	van
vaped	vape
vapers	vaper
vapes	vape
vapor	vapour
vaporise	vaporize
vaporised	vaporize
vaporizers	vaporizer
vapors	vapour
vapours	vapour
variables	variable
variances	variance
variants	variant
variations	variation
varies	vary
varietals	varietal
varieties	variety
varnishes	varnish
varnishing	varnish
varsities	varsity
vasectomies	vasectomy
vases	vase
vasodilators	vasodilator
vassals	vassal
vats	vat
vaudevillians	vaudevillian
vaults	vault
vaunted	vaunt
vauxhalls	vauxhall
veals	veal
vectors	vector
veered	veer
veers	veer
vegans	vegan
vegetables	vegetable
vegetarians	vegetarian
vegetated	vegetate
veggies	veggie
vehicles	vehicle
veils	veil
veining	vein
veins	vein
vela	velum
velocities	velocity
velvets	velvet
vendettas	vendetta
vendors	vendor
veneered	veneer
veneers	veneer
venerated	venerate
venerates	venerate
venerating	venerate
venezuelans	venezuelan
ventilating	ventilate
ventilators	ventilator
ventricles	ventricle
ventriloquists	ventriloquist
vents	vent
ventured	venture
ventures	venture
venturing	venture
venues	venue
ver	ve
verandah	veranda
verandas	veranda
verbalise	verbalize
verbs	verb
verdicts	verdict
vere	ve
veres	ve
verged	verge
vergers	verger
verges	verge
verging	verge
verifications	verification
verifiers	verifier
verifies	verify
vermonters	vermonter
verniers	vernier
vernons	vernon
verses	verse
versions	version
vertebrae	vertebra
vertebrates	vertebrate
verticals	vertical
vertices	vertex
vesicles	vesicle
vespers	vesper
vessels	vessel
vestiges	vestige
vesting	vest
vestments	vestment
vests	vest
vetches	vetch
veterans	veteran
veterinarians	veterinarian
vetoed	veto
vetoes	veto
vetoing	veto
vets	vet
vetted	vet
vetting	vet
vexations	vexation
vexes	vex
via	viaduct
viaducts	viaduct
vials	vial
vibes	vibe
vibrated	vibrate
vibrates	vibrate
vibrations	vibration
vibrators	vibrator
vicars	vicar
vice-presidents	vice-president
vices	vice
vicissitudes	vicissitude
victimise	victimize
victimised	victimize
victimising	victimize
victimized	victimize
victims	victim
victorias	victoria
victories	victory
victors	victor
victuals	victual
videoed	video
videoing	video
videos	video
videotaped	videotape
videotapes	videotape
videotaping	videotape
vied	vie
vies	vie
viewed	view
viewers	viewer
viewfinders	viewfinder
viewings	viewing
viewpoints	viewpoint
views	view
vigilantes	vigilante
vigils	vigil
vignettes	vignette
vikings	viking
vilest	vile
vilified	vilify
vilifying	vilify
villagers	villager
villages	village
villains	villain
villas	villa
villeins	villein
villi	villus
villier	villus
vinaigrettes	vinaigrette
vindicated	vindicate
vindicating	vindicate
vines	vine
vineyards	vineyard
vintages	vintage
vintners	vintner
violas	viola
violates	violate
violating	violate
violations	violation
violators	violator
violets	violet
violinists	violinist
violins	violin
violists	violist
viols	viol
vipers	viper
vips	vip
virginals	virginal
virginians	virginian
virgins	virgin
virions	virion
virtues	virtue
virtuosos	virtuoso
viruses	virus
vis	ve	vista
visages	visage
visas	visa
viscometers	viscometer
viscosities	viscosity
visionaries	visionary
visions	vision
visitations	visitation
visited	visit
visitors	visitor
visits	visit
visors	visor
vistas	vista
visualisation	visualization
visualisations	visualization
visualised	visualise
visualiser	visualizer
visualises	visualise
visualising	visualise
visualizations	visualization
visualize	visualise
visualizing	visualise
visuals	visual
vitale	vital
vitamins	vitamin
vitrines	vitrine
vivas	viva
vivisectionists	vivisectionist
vixens	vixen
vl	ville
vle	ville
vles	ville
vloggers	vlogger
vlogs	vlog
vocabularies	vocabulary
vocalists	vocalist
vocalizations	vocalization
vocals	vocal
vocations	vocation
voicemails	voicemail
voices	voice
voided	void
voids	void
voiles	voile
volatile organic compounds	volatile organic compound
volatiles	volatile
volatilities	volatility
volcanoes	volcano
voles	vole
volleyed	volley
volleying	volley
volleys	volley
vols	vol
voltages	voltage
voltmeters	voltmeter
volts	volt
volumes	volume
volunteered	volunteer
volunteers	volunteer
voluteer	volute
vomited	vomit
vomits	vomit
vortices	vortex
votaries	votary
voted	vote
voters	voter
votes	vote
vouched	vouch
vouchers	voucher
vouches	vouch
vouching	vouch
vouchsafed	vouchsafe
vowed	vow
vowels	vowel
vowing	vow
vows	vow
voyages	voyage
voyeurs	voyeur
vpns	vpn
vs	v
vse	v
vulcans	vulcan
vulgare	vulgar
vulnerabilities	vulnerability
vultures	vulture
vulvas	vulva
vw	view
vying	vie
w	with
w/o	without
wackiest	wacky
waddled	waddle
waddling	waddle
waded	wade
waders	wader
wads	wad
wadsen	wad
wafers	wafer
waffled	waffle
waffles	waffle
waffling	waffle
wafted	waft
wafting	waft
wafts	waft
waged	wage
wagered	wager
wagering	wager
wagers	wager
wages	wage
wagged	wag
waggiest	waggy
wagging	wag
waggling	waggle
waging	wage
wagons	wagon
wags	wag
wagtails	wagtail
waifs	waif
wailed	wail
wailings	wailing
wails	wail
wains	wain
waistcoats	waistcoat
waistlines	waistline
waists	waist
waited	wait
waiters	waiter
waiting for	wait for
waitressed	waitress
waitresses	waitress
waitressing	waitress
waits	wait
waived	waive
waivers	waiver
waives	waive
wakens	waken
wakes	wake
walkabouts	walkabout
walked	walk
walkers	walker
walkie-talkies	walkie-talkie
walkouts	walkout
walks	walk
walkways	walkway
wallabies	wallaby
wallaroos	wallaroo
wallets	wallet
walleyes	walleye
wallflowers	wallflower
wallies	wally
walling	wall
walloped	wallop
wallowed	wallow
wallowing	wallow
wallows	wallow
wallpapers	wallpaper
walls	wall
walnuts	walnut
walters	walter
waltzed	waltz
waltzes	waltz
waltzing	waltz
wandered	wander
wanderers	wanderer
wanderings	wandering
wanders	wander
wands	wand
waned	wane
wanes	wane
wangled	wangle
wankers	wanker
wanking	wank
wannabes	wannabe
wants	want
warbled	warble
warblers	warbler
warbles	warble
warbling	warble
warded	ward
wardens	warden
warders	warder
warding	ward
wardrobes	wardrobe
wards	ward
warehoused	warehouse
warehouses	warehouse
wares	ware
warfighters	warfighter
warheads	warhead
warhorses	warhorse
waring	ware
warlocks	warlock
warlords	warlord
warmed up	warm up
warmers	warmer
warmest	warm
warmongers	warmonger
warms	warm
warned	warn
warners	warner
warnings	warning
warns	warn
warplanes	warplane
warps	warp
warranties	warranty
warranting	warrant
warrants	warrant
warred	war
warrens	warren
warriors	warrior
wars	war
warships	warship
warts	wart
warzones	warzone
was	be
washbasins	washbasin
washed up	wash up
washers	washer
washes	wash
washing up	wash up
washingtons	washington
washouts	washout
washrooms	washroom
wasn’t	be
wasps	wasp
wastelands	wasteland
wasters	waster
wastes	waste
watchdogs	watchdog
watched	watch
watchers	watcher
watches	watch
watchmakers	watchmaker
watchmen	watchman
watchwords	watchword
water ski	waterski
water-ski	waterski
water-skiing	waterski
waterbirds	waterbird
watercolor	watercolour
watercolors	watercolour
watercolours	watercolour
watercourses	watercourse
waterfalls	waterfall
waterfronts	waterfront
waterings	watering
waterlines	waterline
watermarks	watermark
watermelons	watermelon
waterproofs	waterproof
waters	water
watersheds	watershed
waterskiing	waterski
waterskis	waterski
waterslide	water slide
waterslides	water slide
waterspouts	waterspout
waterways	waterway
wattages	wattage
wattled	wattle
wattles	wattle
watts	watt
wavebands	waveband
waved	wave
waveforms	waveform
wavelengths	wavelength
wavelets	wavelet
wavered	waver
wavers	waver
waves	wave
waxes	wax
waxwings	waxwing
waxworks	waxwork
wayfarers	wayfarer
waylaid	waylay
waynes	wayne
waypoints	waypoint
ways	way
we are	we're
we will	we'll
weakens	weaken
weaker	weak
weakest	weak
weaklings	weakling
weaknesses	weakness
wealthier	wealthy
wealthiest	wealthy
weans	wean
weaponised	weaponize
weaponising	weaponize
weaponizing	weaponize
weapons	weapon
wearables	wearable
wearers	wearer
weariest	weary
wearing down	wear down
wears	wear
weasels	weasel
weatherproofing	weatherproof
weathers	weather
weavers	weaver
weaves	weave
webbings	webbing
webbs	webb
webinars	webinar
webmasters	webmaster
webpages	webpage
webs	web
websites	website
websters	webster
weddings	wedding
wedges	wedge
wedging	wedge
wednesdays	wednesday
weds	wed
weed	wee
weeded	wee
weeding	wee
weedkillers	weedkiller
weeds	wee
weee	wee
weekdays	weekday
weekends	weekend
weeklies	weekly
weeks	week
weer	wee
weevils	weevil
weighed	weigh
weighs	weigh
weightings	weighting
weights	weight
weirder	weird
weirdest	weird
weirdos	weirdo
weirs	weir
welcomes	welcome
welded	weld
welders	welder
welds	weld
well done	well-done
welle	well
welled	well
weller	well
welles	well
wellheads	wellhead
wellings	welling
wellingtons	wellington
wells	well
wellsprings	wellspring
welted	welt
weltering	welter
wem	with
wenches	wench
wended	wend
wending	wend
wends	wend
went	go
wept	weep
wer	with
were	be
weren’t	be
werewolves	werewolf
wes	with
westen	west
wester	west
westerlies	westerly
westerners	westerner
westernmost	western
westerns	western
westwards	westward
wetlands	wetland
wets	wet
wetted	wet
wettest	wet
whacks	whack
whales	whale
whaling	whale
wharfs	wharf
wharves	wharf
whatnots	whatnot
wheals	wheal
wheelbarrows	wheelbarrow
wheelbases	wheelbase
wheelchairs	wheelchair
wheelers	wheeler
wheels	wheel
wheelwrights	wheelwright
wheezes	wheeze
whelping	whelp
where's	where is
wherefores	wherefore
wherries	wherry
whetted	whet
whetting	whet
whiffed	whiff
whiffs	whiff
whiles	while
whimpering	whimper
whims	whim
whined	whine
whingers	whinger
whipped	whip
whipped up	whip up
whippets	whippet
whipping up	whip up
whips	whip
whiptails	whiptail
whirled	whirl
whirlpools	whirlpool
whirls	whirl
whirred	whir
whisked	whisk
whiskers	whisker
whiskey	whisky
whiskeys	whisky
whiskies	whisky
whisking	whisk
whisks	whisk
whisperers	whisperer
whispers	whisper
whistleblowers	whistleblower
whistled	whistle
whistles	whistle
white hairs	white hair
whiteboards	whiteboard
whitecaps	whitecap
whiteheads	whitehead
whitelists	whitelist
whitens	whiten
whiter	white
whites	white
whitest	white
whitetails	whitetail
whitewashes	whitewash
whitewashing	whitewash
whittled	whittle
whittling	whittle
whizzed	whiz
whizzing	whiz
who'd	who is
who'll	who is
who're	who is
wholesalers	wholesaler
wholesales	wholesale
wholesaling	wholesale
whom	who
whomever	whoever
whomsoever	whosoever
whooped	whoop
whoops	whoop
whoppers	whopper
whores	whore
whorls	whorl
who’s	who is
whys	why
wickers	wicker
wicket-keeper	wicketkeeper
wicketkeepers	wicketkeeper
wickets	wicket
wicks	wick
widened	widen
widens	widen
wider	wide
widest	wide
widgets	widget
widowers	widower
widows	widow
widths	width
wielded	wield
wielders	wielder
wielding	wield
wields	wield
wieners	wiener
wifi	wi-fi
wifie	wi-fi
wiggled	wiggle
wiggles	wiggle
wiggling	wiggle
wigs	wig
wikis	wiki
wildcats	wildcat
wildcatters	wildcatter
wilde	wild
wilden	wild
wilder	wild
wildes	wild
wildest	wild
wildfires	wildfire
wildflowers	wildflower
wildlands	wildland
wilds	wild
wiles	wile
wilful	willful
wilfully	willfully
wilier	wily
willed	will
willies	willie	willy
willows	willow
wills	will
wilson's	wilson
wilsons	wilson
wilted	wilt
wiltons	wilton
wilts	wilt
wilyer	wily
wimping	wimp
wimps	wimp
winced	wince
winces	wince
winched	winch
winches	winch
winching	winch
wincing	wince
windbags	windbag
windbreakers	windbreaker
windbreaks	windbreak
winders	winder
windfalls	windfall
windier	windy
windiest	windy
windings	winding
windmills	windmill
windows	window
windowsills	windowsill
winds	wind
windscreens	windscreen
windshields	windshield
windsors	windsor
windwards	windward
wined	wine
winemakers	winemaker
wineries	winery
wines	wine
wingers	winger
winging	wing
wings	wing
winkles	winkle
winks	wink
winners	winner
winningest	winning
winnings	winning
winnowed	winnow
wins	win
winser	win
wintered	winter
winters	winter
wiped	wipe
wiped out	wipe out
wipers	wiper
wipes	wipe
wiping	wipe
wiping out	wipe out
wires	wire
wiretapping	wiretap
wisecracking	wisecrack
wiser	wise
wisest	wise
wishbones	wishbone
wished	wish
wishes	wish
witch-hunts	witch-hunt
witches	witch
withdrawals	withdrawal
withdrawing	withdraw
withdraws	withdraw
withdrew	withdraw
withes	withe
withheld	withhold
withholdings	withholding
withstanding	withstand
withstands	withstand
withstood	withstand
witnessed	witness
witnesses	witness
witnessing	witness
wits	wit
witticisms	witticism
wittiest	witty
wives	wife	wive
wizards	wizard
wl	well
wler	well
wls	well
wobbled	wobble
wobbles	wobble
woes	woe
woke up	wake up
woken	wake
woks	wok
wolds	wold
wolfhounds	wolfhound
wolfing	wolf
wolfs	wolf
wolverines	wolverine
wolves	wolf
woman's	woman
womanising	womanize	womanizing
womans	woman
wombs	womb
women	woman
women's	woman
wondered	wonder
wonderlands	wonderland
wonders	wonder
won’t	will
woodbines	woodbine
woodcuts	woodcut
woodcutters	woodcutter
woodlands	woodland
woodlice	woodlouse
woodmen	woodman
woodpeckers	woodpecker
woods	wood
woodwinds	woodwind
woodworkers	woodworker
wooed	woo
woofers	woofer
woollen	woolen
wools	wool
woos	woo
worded	word
wordings	wording
words	word
wordsmiths	wordsmith
wore	wear
workaholics	workaholic
workbooks	workbook
workdays	workday
worked	work
worked out	work out
worked up	work up
worker's	worker
workers	worker
workflows	workflow
workforces	workforce
workhorses	workhorse
workhouses	workhouse
working out	work out
working up	work up
workings	working
workloads	workload
workmates	workmate
workmen	workman
workouts	workout
workplaces	workplace
workrooms	workroom
works	work
worksheets	worksheet
workshops	workshop
workspaces	workspace
workstations	workstation
workweeks	workweek
world view	worldview
world's	world
worlds	world
worldviews	worldview
wormed	worm
wormholes	wormhole
worming	worm
worms	worm
worn down	wear down
worn out	wear out
worn-out	wear out
worries	worry
worse	bad
worse off	bad off
worsened	worsen
worsens	worsen
worshiped	worship
worshipers	worshipper
worshiping	worship
worshipped	worship
worshippers	worshipper
worshipping	worship
worships	worship
worst	bad
worsten	bad
worster	bad
worthen	worth
worthier	worthy
worthies	worthy
worths	worth
worts	wort
would	will
wouldn’t	will
would’ve	will have
wound	wind
wounds	wind
wove	weave
wowed	wow
wowing	wow
wows	wow
wracked	wrack
wracking	wrack
wraiths	wraith
wranglers	wrangler
wrangles	wrangle
wranglings	wrangling
wrapped up	wrap up
wrappers	wrapper
wrappings	wrapping
wraps	wrap
wreaked	wreak
wreaking	wreak
wreaks	wreak
wreathed	wreathe
wreathes	wreathe
wreaths	wreath
wreckers	wrecker
wrecks	wreck
wrenched	wrench
wrenches	wrench
wrens	wren
wrested	wrest
wresting	wrest
wrestled	wrestle
wrestlers	wrestler
wrestles	wrestle
wrests	wrest
wriggled	wriggle
wrigglers	wriggler
wriggles	wriggle
wrights	wright
wrinkles	wrinkle
wrinkling	wrinkle
wristbands	wristband
wrists	wrist
wristwatches	wristwatch
write-offs	write-off
writers	writer
writes	write
writhes	writhe
writings	writing
writs	writ
written in	write in
wrongdoers	wrongdoer
wrongdoings	wrongdoing
wronge	wrong
wronged	wrong
wronger	wrong
wrongest	wrong
wrongs	wrong
wrote	write
wrung	wring
ws	with
x-rayed	x-ray
x-rays	x-ray
xenografts	xenograft
xenophyophores	xenophyophore
xeroxed	xerox
xing	crossing
xis	xi
xrd	crossroad
xylophones	xylophone
x’s	x
y-axes	y-axis
yachts	yacht
yachtsmen	yachtsman
yahoos	yahoo
yaks	yak
yanked	yank
yankees	yankee
yanking	yank
yanks	yank
yapped	yap
yaps	yap
yardangs	yardang
yardarms	yardarm
yards	yard
yardsticks	yardstick
yarmulkes	yarmulke
yarns	yarn
yarrows	yarrow
yawing	yaw
yawned	yawn
yawns	yawn
year-olds	year-old
yearbooks	yearbook
yearlings	yearling
yearned	yearn
yearnings	yearning
yearns	yearn
years	year
years’	year
year’s	year
yeas	yea
yeasts	yeast
yellowhammers	yellowhammer
yellows	yellow
yells	yell
yelps	yelp
yeomen	yeoman
yes-men	yes-man
yeses	yes
yeshivas	yeshiva
yesterdays	yesterday
yesteryears	yesteryear
yews	yew
yielded	yield
yields	yield
yippies	yippie
yo-yos	yo-yo
yobs	yob
yodels	yodel
yogas	yoga
yoghurt	yogurt
yoghurts	yogurt
yogurts	yogurt
yokels	yokel
yokes	yoke
yolks	yolk
yone	yon
yorkshires	yorkshire
yorubas	yoruba
young men	young man
young people	young person
younger	young
youngest	young
youngs	young
youngsters	youngster
yours	your
yourselves	yourself
youths	youth
youtubers	youtuber
yowling	yowl
yugoslavs	yugoslav
yup	yep
yurts	yurt
y’all	you-all
y’all’s	you-all’s
z's	z
zaatar	za'atar
zagging	zag
zags	zag
zambians	zambian
zapped	zap
zaps	zap
zealots	zealot
zeals	zeal
zebras	zebra
zeppelins	zeppelin
zeroed	zero
zeroes	zero
zeroing	zero
zeros	zero
zers	ze
zested	zest
ziggurats	ziggurat
zigzagging	zigzag
zigzags	zigzag
zillions	zillion
zimbabweans	zimbabwean
zines	zine
zinged	zing
zinnias	zinnia
zionists	zionist
zions	zion
zip codes	zip code
zipped	zip
zippers	zipper
zippier	zippy
zippiest	zippy
zips	zip
zircons	zircon
zithers	zither
zombies	zombie
zoned	zone
zones	zone
zoologists	zoologist
zoomed	zoom
zoomers	zoomer
zooming	zoom
zooms	zoom
zoonoses	zoonosis
zoos	zoo
zs	z
zulus	zulu
