من	من
الله	ٱلله
في	فى
ما	ما
إن	إن
لا	لا
الذين	ٱلذين
على	على
إلا	إلا
ولا	ولا
وما	وما
أن	أن
إلى	إلى
قال	قال
لهم	لهم
ومن	ومن
ثم	ثم
لكم	لكم
به	به
كان	كان
قل	قل
بما	بما
الأرض	ٱلأرض
أو	أو
ذلك	ذلك
له	له
الذي	ٱلذى
هو	هو
آمنوا	ءامنوا
هم	هم
وإن	وإن
قالوا	قالوا
كل	كل
فيها	فيها
والله	وٱلله
كانوا	كانوا
عن	عن
إذا	إذا
ربك	ربك
يوم	يوم
عليهم	عليهم
شيء	شىء
هذا	هذا
كفروا	كفروا
كنتم	كنتم
السموت	ٱلسموت
الناس	ٱلناس
لم	لم
وهو	وهو
فإن	فإن
إذ	إذ
عليكم	عليكم
والذين	وٱلذين
الكتب	ٱلكتب
الرحمن	الرحمن
والأرض	وٱلأرض
إنا	إنا
فلا	فلا
منهم	منهم
عذاب	عذاب
إنه	إنه
بعد	بعد
الرحيم	الرحيم
عليه	عليه
حتى	حتى
يأيها	يأيها
بالله	بٱلله
وهم	وهم
وإذا	وإذا
أولئك	أولئك
إنى	إنى
أم	أم
ولقد	ولقد
رب	رب
بل	بل
فيه	فيه
قد	قد
عند	عند
قبل	قبل
خير	خير
لله	لله
يشاء	يشاء
الدنيا	ٱلدنيا
بسم	بسم
إنما	إنما
ولكن	ولكن
ربهم	ربهم
مما	مما
ولو	ولو
الحق	ٱلحق
السماء	ٱلسماء
منكم	منكم
ربنا	ربنا
عليم	عليم
موسى	موسى
النار	ٱلنار
ربكم	ربكم
فلما	فلما
ألا	ألا
أنزل	أنزل
ربى	ربى
لمن	لمن
خلق	خلق
دون	دون
فمن	فمن
منه	منه
سبيل	سبيل
فإذا	فإذا
فما	فما
كذلك	كذلك
منها	منها
يؤمنون	يؤمنون
العذاب	ٱلعذاب
وقال	وقال
مبين	مبين
وكان	وكان
تعملون	تعملون
لنا	لنا
يعلمون	يعلمون
بين	بين
للذين	للذين
بها	بها
قوم	قوم
لو	لو
ألم	ألم
المؤمنين	ٱلمؤمنين
إليك	إليك
شيا	شيا
علم	علم
أنتم	أنتم
إليه	إليه
عنهم	عنهم
بالحق	بٱلحق
لما	لما
إله	إله
ربه	ربه
أنفسهم	أنفسهم
جهنم	جهنم
وإذ	وإذ
الآخرة	ٱلءاخرة
القيمة	ٱلقيمة
لك	لك
يعلم	يعلم
غير	غير
وأن	وأن
كتب	كتب
هل	هل
أنا	أنا
ورسوله	ورسوله
التي	ٱلتى
فرعون	فرعون
قلوبهم	قلوبهم
نحن	نحن
يومئذ	يومئذ
الظلمين	ٱلظلمين
العزيز	ٱلعزيز
إنهم	إنهم
الحيوة	ٱلحيوة
الشيطن	ٱلشيطن
كنا	كنا
لي	لى
أصحب	أصحب
القوم	ٱلقوم
جنت	جنت
كيف	كيف
الصلحت	ٱلصلحت
العلمين	ٱلعلمين
بعض	بعض
رحيم	رحيم
وقالوا	وقالوا
اليل	ٱليل
كما	كما
لعلكم	لعلكم
لن	لن
الإنسن	ٱلإنسن
الصلوة	ٱلصلوة
بينهم	بينهم
مع	مع
بايتنا	بايتنا
جاء	جاء
عليك	عليك
فقد	فقد
الجنة	ٱلجنة
تعلمون	تعلمون
شاء	شاء
يعملون	يعملون
أعلم	أعلم
أنت	أنت
قليلا	قليلا
لقد	لقد
وعملوا	وعملوا
آيت	ءايت
أليم	أليم
الكفرين	ٱلكفرين
رسول	رسول
غفور	غفور
قبلهم	قبلهم
أرسلنا	أرسلنا
علينا	علينا
كنت	كنت
لقوم	لقوم
للناس	للناس
يقولون	يقولون
إنك	إنك
أمة	أمة
جميعا	جميعا
عظيم	عظيم
تجرى	تجرى
عليها	عليها
آية	ءاية
الدين	ٱلدين
عما	عما
ليس	ليس
مثل	مثل
نفس	نفس
هي	هى
ولم	ولم
فأولئك	فأولئك
كثيرا	كثيرا
هذه	هذه
أفلا	أفلا
الرسول	ٱلرسول
جعل	جعل
وأنتم	وأنتم
خلدين	خلدين
ذلكم	ذلكم
ويوم	ويوم
يهدى	يهدى
أهل	أهل
إبرهيم	إبرهيم
الأنهر	ٱلأنهر
القرآن	ٱلقرءان
كذبوا	كذبوا
وقد	وقد
ولهم	ولهم
يقوم	يقوم
إسرءيل	إسرءيل
الحكيم	ٱلحكيم
ظلموا	ظلموا
واتقوا	وٱتقوا
أمر	أمر
أنهم	أنهم
اليوم	ٱليوم
بغير	بغير
بهم	بهم
جاءهم	جاءهم
فهم	فهم
لعلهم	لعلهم
لها	لها
هؤلاء	هؤلاء
إليهم	إليهم
قوما	قوما
حكيم	حكيم
هدى	هدى
وعلى	وعلى
يحب	يحب
يقول	يقول
أكثرهم	أكثرهم
أنفسكم	أنفسكم
الملئكة	ٱلملئكة
دونه	دونه
ذكر	ذكر
عذابا	عذابا
كلا	كلا
لولا	لولا
وعد	وعد
وكذلك	وكذلك
يريد	يريد
آمنا	ءامنا
بكم	بكم
خيرا	خيرا
صلحا	صلحا
عنه	عنه
قدير	قدير
وجعلنا	وجعلنا
العظيم	ٱلعظيم
تحتها	تحتها
قومه	قومه
أولم	أولم
الساعة	ٱلساعة
الموت	ٱلموت
شديد	شديد
فبأى	فبأى
ماء	ماء
منا	منا
وكانوا	وكانوا
يكون	يكون
آلاء	ءالاء
أولياء	أولياء
بايت	بايت
بكل	بكل
حق	حق
رحمة	رحمة
قيل	قيل
مؤمنين	مؤمنين
معه	معه
وفى	وفى
أيديهم	أيديهم
بعضهم	بعضهم
ربكما	ربكما
قبلك	قبلك
ملك	ملك
وإنا	وإنا
ولئن	ولئن
آيتنا	ءايتنا
أجر	أجر
أحسن	أحسن
أوتوا	أوتوا
إليكم	إليكم
الأمر	ٱلأمر
الأولين	ٱلأولين
العليم	ٱلعليم
صرط	صرط
ولما	ولما
يكن	يكن
آيته	ءايته
أكثر	أكثر
إنكم	إنكم
الآيت	ٱلءايت
بنى	بنى
بينهما	بينهما
تر	تر
تكذبان	تكذبان
صدقين	صدقين
فضل	فضل
ممن	ممن
أحد	أحد
أنى	أنى
المحسنين	ٱلمحسنين
النبي	ٱلنبى
سوء	سوء
فإنما	فإنما
اتقوا	ٱتقوا
الآخر	ٱلءاخر
بينكم	بينكم
جعلنا	جعلنا
حيث	حيث
حين	حين
سبيلا	سبيلا
قالت	قالت
لآيت	لءايت
لفي	لفى
نذير	نذير
نوح	نوح
وجعل	وجعل
وحدة	وحدة
أبدا	أبدا
أشد	أشد
ابن	ٱبن
السبيل	ٱلسبيل
العلم	ٱلعلم
الغيب	ٱلغيب
القول	ٱلقول
الملك	ٱلملك
تلك	تلك
فضله	فضله
فهو	فهو
كانت	كانت
لئن	لئن
مريم	مريم
وأما	وأما
وإلى	وإلى
ويقولون	ويقولون
يظلمون	يظلمون
آمن	ءامن
أعملهم	أعملهم
بصير	بصير
ضلل	ضلل
عقبة	عقبة
فقال	فقال
كذب	كذب
لكل	لكل
ولله	ولله
يؤمن	يؤمن
يدعون	يدعون
يروا	يروا
الحمد	ٱلحمد
الزكوة	ٱلزكوة
الهدي	ٱلهدى
بأنهم	بأنهم
جزاء	جزاء
جناح	جناح
سواء	سواء
فسوف	فسوف
مستقيم	مستقيم
معكم	معكم
نفسه	نفسه
وأنا	وأنا
والنهار	وٱلنهار
ولى	ولى
ومنهم	ومنهم
أنزلنا	أنزلنا
النهار	ٱلنهار
تكون	تكون
جاءكم	جاءكم
خبير	خبير
ذو	ذو
عباده	عباده
وأولئك	وأولئك
ينظرون	ينظرون
الجبال	ٱلجبال
الظلمون	ٱلظلمون
المرسلين	ٱلمرسلين
المشركين	ٱلمشركين
النساء	ٱلنساء
بالبينت	بٱلبينت
تعقلون	تعقلون
خلدون	خلدون
عزيز	عزيز
عنكم	عنكم
عنها	عنها
فيما	فيما
وإنه	وإنه
ورحمة	ورحمة
ولولا	ولولا
يموسى	يموسى
أجل	أجل
أجمعين	أجمعين
أنه	أنه
البحر	ٱلبحر
الجحيم	ٱلجحيم
الحرام	ٱلحرام
المتقين	ٱلمتقين
المصير	ٱلمصير
بإذن	بإذن
تولوا	تولوا
حسنا	حسنا
رسولا	رسولا
عدو	عدو
عنده	عنده
فهل	فهل
قرية	قرية
للكفرين	للكفرين
واليوم	وٱليوم
وله	وله
آل	ءال
أجرا	أجرا
المؤمنون	ٱلمؤمنون
المبين	ٱلمبين
بشر	بشر
بلى	بلى
عظيما	عظيما
عليما	عليما
فأما	فأما
فتنة	فتنة
فلن	فلن
ماذا	ماذا
نزل	نزل
وإليه	وإليه
ولن	ولن
يأتى	يأتى
يرجعون	يرجعون
يعقلون	يعقلون
اتخذوا	ٱتخذوا
الفلك	ٱلفلك
بالآخرة	بٱلءاخرة
بعده	بعده
تكن	تكن
تكونوا	تكونوا
حرم	حرم
خلقنا	خلقنا
سلم	سلم
سميع	سميع
عسى	عسى
مسمى	مسمى
وقل	وقل
وكفى	وكفى
يشعرون	يشعرون
يوسف	يوسف
أحدا	أحدا
أخاف	أخاف
أمولهم	أمولهم
أول	أول
أيام	أيام
الشمس	ٱلشمس
العرش	ٱلعرش
بالمعروف	بٱلمعروف
بعضكم	بعضكم
تدعون	تدعون
تعبدون	تعبدون
رحيما	رحيما
شهيدا	شهيدا
عملوا	عملوا
غفورا	غفورا
كريم	كريم
كفر	كفر
لآية	لءاية
مثلا	مثلا
نار	نار
نجزى	نجزى
والقمر	وٱلقمر
يبنى	يبنى
يسمعون	يسمعون
ينفقون	ينفقون
آتينا	ءاتينا
أكبر	أكبر
أنما	أنما
أولى	أولى
إلينا	إلينا
البر	ٱلبر
الجن	ٱلجن
الذكر	ٱلذكر
السميع	ٱلسميع
الصلحين	ٱلصلحين
المجرمين	ٱلمجرمين
تتقون	تتقون
ترجعون	ترجعون
ترى	ترى
تشكرون	تشكرون
ذي	ذى
عمل	عمل
قوة	قوة
قولا	قولا
لهو	لهو
نارا	نارا
والآخرة	وٱلءاخرة
ولكم	ولكم
يشركون	يشركون
أراد	أراد
الرسل	ٱلرسل
جاءتهم	جاءتهم
جنة	جنة
خلقكم	خلقكم
سحر	سحر
ضل	ضل
فقالوا	فقالوا
فقل	فقل
قبلكم	قبلكم
كذبا	كذبا
كلمة	كلمة
للمتقين	للمتقين
نشاء	نشاء
واعلموا	وٱعلموا
وحد	وحد
يتقون	يتقون
يحي	يحى
يغفر	يغفر
يفترون	يفترون
يوحى	يوحى
آلهة	ءالهة
أظلم	أظلم
أفمن	أفمن
أمرا	أمرا
اعبدوا	ٱعبدوا
الخلق	ٱلخلق
الريح	ٱلريح
الصدقين	ٱلصدقين
القرى	ٱلقرى
الكفرون	ٱلكفرون
الماء	ٱلماء
المسجد	ٱلمسجد
بأن	بأن
بعدهم	بعدهم
بينت	بينت
بيننا	بيننا
تجد	تجد
تذكرون	تذكرون
حسنة	حسنة
حقا	حقا
ذات	ذات
ريب	ريب
طائفة	طائفة
عاد	عاد
فاتقوا	فٱتقوا
قبله	قبله
كبيرا	كبيرا
مغفرة	مغفرة
وجوههم	وجوههم
ولد	ولد
يبين	يبين
يحكم	يحكم
يخرج	يخرج
يديه	يديه
يضل	يضل
يفعل	يفعل
ينزل	ينزل
آتينهم	ءاتينهم
أمرنا	أمرنا
أهلكنا	أهلكنا
أهلها	أهلها
إلها	إلها
الألبب	ٱلألبب
الحساب	ٱلحساب
الصدور	ٱلصدور
العقاب	ٱلعقاب
الفوز	ٱلفوز
الموتى	ٱلموتى
تأتيهم	تأتيهم
تتلى	تتلى
حكيما	حكيما
خوف	خوف
ذا	ذا
رحمته	رحمته
سمعنا	سمعنا
فكيف	فكيف
فلم	فلم
فيهم	فيهم
قدمت	قدمت
قضى	قضى
كذبت	كذبت
كسبت	كسبت
متع	متع
نعمة	نعمة
وكنا	وكنا
وهدى	وهدى
يوما	يوما
آدم	ءادم
أخري	أخرى
أيمنكم	أيمنكم
أيمنهم	أيمنهم
إبرهم	إبرهم
إنها	إنها
اتخذ	ٱتخذ
التورىة	ٱلتورىة
المنفقين	ٱلمنفقين
ببعض	ببعض
بصيرا	بصيرا
تقولوا	تقولوا
خلت	خلت
رزقا	رزقا
رسلنا	رسلنا
شر	شر
شك	شك
فإنه	فإنه
فوق	فوق
قلوب	قلوب
كسبوا	كسبوا
كفرون	كفرون
كلوا	كلوا
للمؤمنين	للمؤمنين
لوط	لوط
ليقولن	ليقولن
ملكت	ملكت
وآتوا	وءاتوا
واذكر	وٱذكر
والذى	وٱلذى
وبئس	وبئس
وقيل	وقيل
ونحن	ونحن
وهذا	وهذا
يأتيهم	يأتيهم
يجعل	يجعل
يستطيعون	يستطيعون
يكفر	يكفر
أرءيتم	أرءيتم
أزوجا	أزوجا
أليما	أليما
أنزلنه	أنزلنه
أنكم	أنكم
أهله	أهله
أوتى	أوتى
أوحينا	أوحينا
أين	أين
اسم	ٱسم
افترى	ٱفترى
الأنعم	ٱلأنعم
الأولى	ٱلأولى
السوء	ٱلسوء
السيات	ٱلسيات
الظلمت	ٱلظلمت
الفضل	ٱلفضل
الكذب	ٱلكذب
المدينة	ٱلمدينة
بالقسط	بٱلقسط
بعيد	بعيد
بلغ	بلغ
بهذا	بهذا
بينة	بينة
دابة	دابة
رسوله	رسوله
سبحنه	سبحنه
سبع	سبع
سنة	سنة
عندنا	عندنا
قريب	قريب
قلنا	قلنا
قلوبكم	قلوبكم
مرة	مرة
مسلمون	مسلمون
معرضون	معرضون
معهم	معهم
مكان	مكان
نفسا	نفسا
وأطيعوا	وأطيعوا
وأنت	وأنت
وإنى	وإنى
والملئكة	وٱلملئكة
وكل	وكل
ويل	ويل
يخلق	يخلق
يرد	يرد
يستهزءون	يستهزءون
يكسبون	يكسبون
أدرىك	أدرىك
أعبد	أعبد
أليس	أليس
أولوا	أولوا
ادخلوا	ٱدخلوا
الآخرين	ٱلءاخرين
الأمور	ٱلأمور
الحسنى	ٱلحسنى
الخسرين	ٱلخسرين
الدار	ٱلدار
الرزق	ٱلرزق
الشيطين	ٱلشيطين
المجرمون	ٱلمجرمون
الملأ	ٱلملأ
بعذاب	بعذاب
بغتة	بغتة
تتخذوا	تتخذوا
توعدون	توعدون
حرج	حرج
داود	داود
رجل	رجل
سبيله	سبيله
سلطن	سلطن
صبروا	صبروا
غيره	غيره
فانظر	فٱنظر
فريق	فريق
فلولا	فلولا
فوقهم	فوقهم
فيقول	فيقول
قتل	قتل
كمثل	كمثل
لقومه	لقومه
للعلمين	للعلمين
لهن	لهن
مبينا	مبينا
وأنه	وأنه
وإما	وإما
واذكروا	وٱذكروا
وجدنا	وجدنا
وذلك	وذلك
وقالت	وقالت
وكيلا	وكيلا
ولدا	ولدا
وليا	وليا
يأهل	يأهل
يحزنون	يحزنون
يريدون	يريدون
يفعلون	يفعلون
يفقهون	يفقهون
يكونوا	يكونوا
ينصرون	ينصرون
أجرهم	أجرهم
أخذ	أخذ
أخذنا	أخذنا
أرسلنك	أرسلنك
أشركوا	أشركوا
أفلم	أفلم
أمرهم	أمرهم
أمن	أمن
أهواءهم	أهواءهم
أوحى	أوحى
اتبعوا	ٱتبعوا
البيت	ٱلبيت
الحي	ٱلحى
القربى	ٱلقربى
الكفار	ٱلكفار
الكفر	ٱلكفر
المفلحون	ٱلمفلحون
اليمين	ٱليمين
بأمره	بأمره
بالغيب	بٱلغيب
باية	باية
بذات	بذات
بشرا	بشرا
بى	بى
تاب	تاب
ترك	ترك
تسمع	تسمع
تكفرون	تكفرون
ثمود	ثمود
حدود	حدود
خبيرا	خبيرا
خلفهم	خلفهم
درجت	درجت
سبحن	سبحن
سيئة	سيئة
شهداء	شهداء
شهيد	شهيد
عيسى	عيسى
قول	قول
كتبا	كتبا
كلما	كلما
كم	كم
للمكذبين	للمكذبين
مرض	مرض
مهين	مهين
نصيرا	نصيرا
وأنزل	وأنزل
وأنزلنا	وأنزلنا
وتري	وترى
ورسله	ورسله
وسع	وسع
ويعلم	ويعلم
يؤمنوا	يؤمنوا
يستوى	يستوى
يضلل	يضلل
يكفرون	يكفرون
أءذا	أءذا
أحق	أحق
أسلكم	أسلكم
أضل	أضل
أمولكم	أمولكم
أمين	أمين
أنفقوا	أنفقوا
ابتغاء	ٱبتغاء
استكبروا	ٱستكبروا
البلغ	ٱلبلغ
البينت	ٱلبينت
الثمرت	ٱلثمرت
الخسرون	ٱلخسرون
السلم	ٱلسلم
السمع	ٱلسمع
الغفور	ٱلغفور
الفسقين	ٱلفسقين
المسلمين	ٱلمسلمين
بالذى	بٱلذى
بيني	بينى
تأكلون	تأكلون
تفلحون	تفلحون
تقول	تقول
تقوم	تقوم
ثلثة	ثلثة
جاءك	جاءك
حميم	حميم
دين	دين
ذكرى	ذكرى
ذهب	ذهب
رسل	رسل
رسلهم	رسلهم
زين	زين
ساء	ساء
سجدا	سجدا
سلطنا	سلطنا
شديدا	شديدا
شركاء	شركاء
صدق	صدق
طعام	طعام
ظلمت	ظلمت
عدن	عدن
عدوا	عدوا
عليهن	عليهن
عنا	عنا
فأنى	فأنى
فاصبر	فٱصبر
فذوقوا	فذوقوا
فمنهم	فمنهم
فيكم	فيكم
كأنهم	كأنهم
كثيرة	كثيرة
كن	كن
للظلمين	للظلمين
مؤمن	مؤمن
مثله	مثله
مرجعكم	مرجعكم
مصدقا	مصدقا
معك	معك
معى	معى
منى	منى
موتها	موتها
نطفة	نطفة
هرون	هرون
هزوا	هزوا
وأصحب	وأصحب
وأطيعون	وأطيعون
وأقيموا	وأقيموا
وإنهم	وإنهم
واتبعوا	وٱتبعوا
والحكمة	وٱلحكمة
والمؤمنت	وٱلمؤمنت
والمسكين	وٱلمسكين
وبشر	وبشر
وتلك	وتلك
وجهه	وجهه
وراء	وراء
وربك	وربك
وسخر	وسخر
وعمل	وعمل
ومما	ومما
ويعقوب	ويعقوب
ويقول	ويقول
يبصرون	يبصرون
يتخذ	يتخذ
يذكرون	يذكرون
يرجون	يرجون
يقتلون	يقتلون
يقولوا	يقولوا
يوقنون	يوقنون
آباءنا	ءاباءنا
آخر	ءاخر
آيتي	ءايتى
أخرج	أخرج
أخيه	أخيه
أذن	أذن
أرسل	أرسل
أغنى	أغنى
أمره	أمره
أيديكم	أيديكم
اتبع	ٱتبع
اثنين	ٱثنين
الأحزاب	ٱلأحزاب
الأعراب	ٱلأعراب
البطل	ٱلبطل
الحميد	ٱلحميد
الصبرين	ٱلصبرين
الصور	ٱلصور
الطيبت	ٱلطيبت
الطير	ٱلطير
الظن	ٱلظن
القرون	ٱلقرون
القرية	ٱلقرية
الكذبين	ٱلكذبين
المسيح	ٱلمسيح
المفسدين	ٱلمفسدين
المنكر	ٱلمنكر
النعيم	ٱلنعيم
النور	ٱلنور
انظر	ٱنظر
بأسنا	بأسنا
بحمد	بحمد
بك	بك
بمن	بمن
بيوت	بيوت
تابوا	تابوا
تبين	تبين
تخف	تخف
تكذبون	تكذبون
تنزيل	تنزيل
ثمنا	ثمنا
جاءت	جاءت
حديث	حديث
حكما	حكما
حليم	حليم
حنيفا	حنيفا
دعوا	دعوا
دينكم	دينكم
دينهم	دينهم
ذرية	ذرية
ذكرا	ذكرا
رآ	رءا
رأوا	رأوا
رزقنهم	رزقنهم
سليمن	سليمن
صدورهم	صدورهم
عباد	عباد
عبادنا	عبادنا
عهد	عهد
عين	عين
فأتوا	فأتوا
فأخذتهم	فأخذتهم
فإنا	فإنا
فإنهم	فإنهم
فالذين	فٱلذين
فريقا	فريقا
فله	فله
فيكون	فيكون
قتلوا	قتلوا
قليل	قليل
كأن	كأن
كبير	كبير
كثير	كثير
لعلى	لعلى
لنفسه	لنفسه
لهما	لهما
مجرمين	مجرمين
مصيبة	مصيبة
منهما	منهما
نؤمن	نؤمن
نصيب	نصيب
هادوا	هادوا
وأنفسهم	وأنفسهم
والشهدة	وٱلشهدة
وبينكم	وبينكم
وجاء	وجاء
وجه	وجه
وجهدوا	وجهدوا
وربكم	وربكم
وكذبوا	وكذبوا
وكلا	وكلا
وهى	وهى
ويغفر	ويغفر
يأت	يأت
يتفكرون	يتفكرون
يجدون	يجدون
يختلفون	يختلفون
يدى	يدى
يرسل	يرسل
يعمل	يعمل
يغنى	يغنى
يملكون	يملكون
يهتدون	يهتدون
يوعدون	يوعدون
أءنا	أءنا
أبصرهم	أبصرهم
أجرى	أجرى
أدنى	أدنى
أسطير	أسطير
أعملكم	أعملكم
أقرب	أقرب
أقول	أقول
أكون	أكون
ألقى	ألقى
أمم	أمم
أنزلت	أنزلت
إبليس	إبليس
إما	إما
اختلفوا	ٱختلفوا
اذكروا	ٱذكروا
استوى	ٱستوى
الأبصر	ٱلأبصر
الأعلى	ٱلأعلى
البلد	ٱلبلد
الخير	ٱلخير
الفسقون	ٱلفسقون
النبين	ٱلنبين
الوعد	ٱلوعد
بإذنه	بإذنه
بالبطل	بٱلبطل
بربهم	بربهم
بريء	برىء
بعضا	بعضا
بغفل	بغفل
بيوتا	بيوتا
تؤمنوا	تؤمنوا
تبصرون	تبصرون
تجزون	تجزون
تخرج	تخرج
تشاء	تشاء
تعلم	تعلم
تفعلوا	تفعلوا
تقتلوا	تقتلوا
تكونن	تكونن
تولى	تولى
دخلوا	دخلوا
ديرهم	ديرهم
روسي	روسى
سبحنك	سبحنك
سريع	سريع
سلما	سلما
سنين	سنين
ضرا	ضرا
ضلوا	ضلوا
طيبة	طيبة
ظلمين	ظلمين
عبادي	عبادى
عذابى	عذابى
علما	علما
عندك	عندك
فأخذهم	فأخذهم
فأصبحوا	فأصبحوا
فإنك	فإنك
فضلا	فضلا
فعل	فعل
فليتوكل	فليتوكل
فويل	فويل
فيهن	فيهن
قريبا	قريبا
قلتم	قلتم
قومك	قومك
كالذين	كٱلذين
كره	كره
كمن	كمن
كونوا	كونوا
لأبيه	لأبيه
لأولى	لأولى
لبعض	لبعض
لكذبون	لكذبون
للرحمن	للرحمن
للملئكة	للملئكة
متى	متى
مثوى	مثوى
مدين	مدين
مسلمين	مسلمين
معلوم	معلوم
مكانا	مكانا
ملة	ملة
ميثق	ميثق
نجعل	نجعل
نصير	نصير
نعم	نعم
نفسك	نفسك
نفسى	نفسى
نفعا	نفعا
نورا	نورا
هنالك	هنالك
وآتينه	وءاتينه
وإسحق	وإسحق
وإسمعيل	وإسمعيل
واتبع	وٱتبع
والإنس	وٱلإنس
والبحر	وٱلبحر
والرسول	وٱلرسول
والسماء	وٱلسماء
والشمس	وٱلشمس
وبين	وبين
وثمود	وثمود
وكم	وكم
ولعلكم	ولعلكم
ويقدر	ويقدر
ويقوم	ويقوم
ويميت	ويميت
ويهدى	ويهدى
يبسط	يبسط
يتبعون	يتبعون
يتوب	يتوب
يذكر	يذكر
يسلونك	يسلونك
يشرك	يشرك
يشكرون	يشكرون
يعبدون	يعبدون
يفلح	يفلح
يملك	يملك
آتىهم	ءاتىهم
آخرين	ءاخرين
آمنتم	ءامنتم
أبوب	أبوب
أخاهم	أخاهم
أريد	أريد
أعرض	أعرض
أقسم	أقسم
ألف	ألف
ألقوا	ألقوا
أما	أما
أمرى	أمرى
أنثى	أنثى
أيها	أيها
إياه	إياه
ادعوا	ٱدعوا
الإثم	ٱلإثم
الخيرت	ٱلخيرت
السحرة	ٱلسحرة
السعير	ٱلسعير
العزة	ٱلعزة
العلي	ٱلعلى
الغنى	ٱلغنى
القتال	ٱلقتال
الكبير	ٱلكبير
المخلصين	ٱلمخلصين
المشرق	ٱلمشرق
الميت	ٱلميت
اليم	ٱليم
اليهود	ٱليهود
بأمولهم	بأمولهم
برب	برب
بسلطن	بسلطن
بظلم	بظلم
بغيا	بغيا
بقدر	بقدر
تأكلوا	تأكلوا
تتبع	تتبع
تتبعوا	تتبعوا
تحشرون	تحشرون
ترحمون	ترحمون
تطع	تطع
تلله	تٱلله
تنفقوا	تنفقوا
توليتم	توليتم
جهد	جهد
خسروا	خسروا
خلقنكم	خلقنكم
دار	دار
ذكروا	ذكروا
ذوقوا	ذوقوا
رجالا	رجالا
رزقكم	رزقكم
رسلا	رسلا
ساعة	ساعة
شكور	شكور
صبرا	صبرا
ضرب	ضرب
طين	طين
ظن	ظن
عربيا	عربيا
علمت	علمت
عليهما	عليهما
عملا	عملا
عنك	عنك
غضب	غضب
فاليوم	فٱليوم
فكان	فكان
فكذبوه	فكذبوه
فيهما	فيهما
قولهم	قولهم
كفار	كفار
كفرين	كفرين
كلمت	كلمت
لبثتم	لبثتم
لذو	لذو
لغفور	لغفور
لقاء	لقاء
لقضى	لقضى
ليلة	ليلة
ليوم	ليوم
مائة	مائة
مال	مال
مثقال	مثقال
مقيم	مقيم
نبيا	نبيا
نصيبا	نصيبا
نعمت	نعمت
نقول	نقول
نور	نور
وأصلح	وأصلح
وأقاموا	وأقاموا
وأنفقوا	وأنفقوا
وأهله	وأهله
وأوحينا	وأوحينا
وابن	وٱبن
والإنجيل	وٱلإنجيل
والكتب	وٱلكتب
وتتقوا	وتتقوا
وجعلوا	وجعلوا
وجوه	وجوه
ورب	ورب
وضل	وضل
وعيون	وعيون
وقولوا	وقولوا
وقوم	وقوم
وكنتم	وكنتم
ولكل	ولكل
ومنها	ومنها
ونذر	ونذر
ونذيرا	ونذيرا
وهرون	وهرون
ووهبنا	ووهبنا
ويجعل	ويجعل
يأبت	يأبت
يأتيكم	يأتيكم
يبعثون	يبعثون
يجد	يجد
يخافون	يخافون
يدخل	يدخل
يدعوا	يدعوا
يرون	يرون
يسير	يسير
يشأ	يشأ
يعبد	يعبد
يغشى	يغشى
يك	يك
ينفع	ينفع
يهد	يهد
ءأنتم	ءأنتم
آباؤنا	ءاباؤنا
آذانهم	ءاذانهم
آمنت	ءامنت
آمنين	ءامنين
أبى	أبى
أتبع	أتبع
أحدكم	أحدكم
أحدهم	أحدهم
أحل	أحل
أذى	أذى
أربعة	أربعة
أزوج	أزوج
أسلم	أسلم
أعد	أعد
أفرءيتم	أفرءيتم
أمرت	أمرت
أنعمت	أنعمت
أولدكم	أولدكم
أولو	أولو
إثما	إثما
إلهكم	إلهكم
إيمنا	إيمنا
اعملوا	ٱعملوا
اغفر	ٱغفر
افترىه	ٱفترىه
الأعمى	ٱلأعمى
الإيمن	ٱلإيمن
الحج	ٱلحج
الحكم	ٱلحكم
الخبيث	ٱلخبيث
الربوا	ٱلربوا
الرجال	ٱلرجال
الشجرة	ٱلشجرة
الشكرين	ٱلشكرين
الصيحة	ٱلصيحة
الضر	ٱلضر
الطور	ٱلطور
الغبرين	ٱلغبرين
الفصل	ٱلفصل
الكبر	ٱلكبر
الكيل	ٱلكيل
المؤمنت	ٱلمؤمنت
المرسلون	ٱلمرسلون
المسرفين	ٱلمسرفين
المنذرين	ٱلمنذرين
المنفقون	ٱلمنفقون
النفس	ٱلنفس
اهتدى	ٱهتدى
بأس	بأس
بالتي	بٱلتى
بالهدى	بٱلهدى
بذنوبهم	بذنوبهم
برحمة	برحمة
بكرة	بكرة
بمعجزين	بمعجزين
تجدوا	تجدوا
تحت	تحت
تحزن	تحزن
تذكرة	تذكرة
تراب	تراب
تستعجلون	تستعجلون
تشركون	تشركون
تعالوا	تعالوا
تعبدوا	تعبدوا
تك	تك
تنزل	تنزل
تنظرون	تنظرون
توكلت	توكلت
ثواب	ثواب
جاءه	جاءه
جعلنه	جعلنه
حبا	حبا
حزب	حزب
حساب	حساب
حم	حم
خزائن	خزائن
خفتم	خفتم
خلف	خلف
خلقا	خلقا
خلوا	خلوا
ربها	ربها
رجلا	رجلا
رزقنكم	رزقنكم
رشدا	رشدا
سألتهم	سألتهم
سبقت	سبقت
ستة	ستة
سعيرا	سعيرا
سورة	سورة
سوف	سوف
سياتهم	سياتهم
شعيبا	شعيبا
صفا	صفا
طيبت	طيبت
ظلما	ظلما
ظلمون	ظلمون
عبادك	عبادك
عبدنا	عبدنا
عدل	عدل
عزيزا	عزيزا
علمنا	علمنا
عندهم	عندهم
عوجا	عوجا
غنى	غنى
فأرسلنا	فأرسلنا
فأعرض	فأعرض
فإما	فإما
فئة	فئة
فاذكروا	فٱذكروا
فبئس	فبئس
فتكون	فتكون
فسقون	فسقون
فكلوا	فكلوا
فليس	فليس
فينبئكم	فينبئكم
قدر	قدر
قرآنا	قرءانا
قومهم	قومهم
كفورا	كفورا
كله	كله
كيد	كيد
لدنك	لدنك
لديهم	لديهم
لعنة	لعنة
لكما	لكما
للحق	للحق
ليجزى	ليجزى
مؤمنا	مؤمنا
مالا	مالا
متعا	متعا
متكين	متكين
مثلكم	مثلكم
محيط	محيط
مخلصين	مخلصين
مريب	مريب
مس	مس
مقام	مقام
ملكا	ملكا
منهن	منهن
نادى	نادى
نبي	نبى
نرى	نرى
نسوا	نسوا
نصر	نصر
نصرين	نصرين
نوحا	نوحا
هن	هن
وآتينا	وءاتينا
وآمنوا	وءامنوا
وأبقى	وأبقى
وأعتدنا	وأعتدنا
وأعد	وأعد
واستغفر	وٱستغفر
واصبر	وٱصبر
والأبصر	وٱلأبصر
والمؤمنون	وٱلمؤمنون
واليتمى	وٱليتمى
واليل	وٱليل
وتركنا	وتركنا
وتعلى	وتعلى
وتوكل	وتوكل
وتولى	وتولى
وجنت	وجنت
وجنوده	وجنوده
وجهك	وجهك
وحاق	وحاق
وذكرى	وذكرى
ورحمته	ورحمته
وظنوا	وظنوا
وعاد	وعاد
وعدا	وعدا
وعده	وعده
وعيسى	وعيسى
وقتلوا	وقتلوا
وقومه	وقومه
يأكلون	يأكلون
يبعث	يبعث
يتذكر	يتذكر
يتذكرون	يتذكرون
يتساءلون	يتساءلون
يتلوا	يتلوا
يتلى	يتلى
يجحدون	يجحدون
يخفف	يخفف
يرى	يرى
يسبحون	يسبحون
يستكبرون	يستكبرون
يسمع	يسمع
يسيرا	يسيرا
يسيروا	يسيروا
يصفون	يصفون
يعمهون	يعمهون
يعيده	يعيده
يليتنى	يليتنى
آتىكم	ءاتىكم
آثرهم	ءاثرهم
أتى	أتى
أتىك	أتىك
أجلهم	أجلهم
أجورهن	أجورهن
أخرجنا	أخرجنا
أرءيت	أرءيت
أرسلت	أرسلت
أزوجكم	أزوجكم
أعتدنا	أعتدنا
أعوذ	أعوذ
أعين	أعين
أعينهم	أعينهم
أفأنت	أفأنت
أقل	أقل
أمهتكم	أمهتكم
أنباء	أنباء
أندادا	أندادا
أنصار	أنصار
أنعم	أنعم
أهدى	أهدى
أولدهم	أولدهم
أي	أى
أيان	أيان
أيهم	أيهم
إثم	إثم
إسحق	إسحق
إننى	إننى
إيمنكم	إيمنكم
إيمنهم	إيمنهم
اجعل	ٱجعل
ادع	ٱدع
اسجدوا	ٱسجدوا
اشتروا	ٱشتروا
الأرحام	ٱلأرحام
الأليم	ٱلأليم
الأنثيين	ٱلأنثيين
الأولون	ٱلأولون
الإنس	ٱلإنس
الباب	ٱلباب
البصر	ٱلبصر
التقوى	ٱلتقوى
التواب	ٱلتواب
الجهلين	ٱلجهلين
الحديث	ٱلحديث
الحسنة	ٱلحسنة
الخبير	ٱلخبير
الخلد	ٱلخلد
الذكري	ٱلذكرى
الرحمة	ٱلرحمة
الرحمين	ٱلرحمين
السجن	ٱلسجن
السجود	ٱلسجود
السحر	ٱلسحر
الشمال	ٱلشمال
الشهدين	ٱلشهدين
الصدقت	ٱلصدقت
الصرط	ٱلصرط
الصم	ٱلصم
الضالين	ٱلضالين
الضللة	ٱلضللة
الطعام	ٱلطعام
الطغوت	ٱلطغوت
العجل	ٱلعجل
الفتنة	ٱلفتنة
الفساد	ٱلفساد
القلوب	ٱلقلوب
الكبرى	ٱلكبرى
الم	الم
المتقون	ٱلمتقون
المكذبين	ٱلمكذبين
النجوم	ٱلنجوم
الوحد	ٱلوحد
اليقين	ٱليقين
امرأت	ٱمرأت
بأفوههم	بأفوههم
بالذين	بٱلذين
بالعدل	بٱلعدل
بالعذاب	بٱلعذاب
بالمؤمنين	بٱلمؤمنين
باليل	بٱليل
بخير	بخير
بشيء	بشىء
بعباده	بعباده
بعثنا	بعثنا
بعدها	بعدها
بعيدا	بعيدا
بقوة	بقوة
بلقاء	بلقاء
بمؤمنين	بمؤمنين
بمثل	بمثل
بمعروف	بمعروف
بيضاء	بيضاء
بيوتكم	بيوتكم
تأكل	تأكل
تجرة	تجرة
تحبون	تحبون
تحمل	تحمل
تختلفون	تختلفون
تدخلوا	تدخلوا
ترابا	ترابا
ترجع	ترجع
تغنى	تغنى
تفعلون	تفعلون
تقتلون	تقتلون
تقولون	تقولون
تهتدون	تهتدون
ثلث	ثلث
جئت	جئت
جاءنا	جاءنا
جاءو	جاءو
جديد	جديد
جعلكم	جعلكم
حبطت	حبطت
حرمنا	حرمنا
حفيظ	حفيظ
حميد	حميد
خزى	خزى
خسر	خسر
خشية	خشية
خلقت	خلقت
خلقه	خلقه
دعاء	دعاء
ذرة	ذرة
ذنوبكم	ذنوبكم
رءوسهم	رءوسهم
رءوف	رءوف
رأيت	رأيت
رجال	رجال
رحمت	رحمت
رزق	رزق
رزقهم	رزقهم
رقبة	رقبة
زعمتم	زعمتم
زوج	زوج
زينة	زينة
سخر	سخر
سرا	سرا
سمعوا	سمعوا
سوءا	سوءا
سيات	سيات
شجرة	شجرة
شفعة	شفعة
صلاتهم	صلاتهم
صلح	صلح
صيحة	صيحة
ضر	ضر
ضللا	ضللا
طيبا	طيبا
ظلم	ظلم
عبد	عبد
عبدا	عبدا
عبده	عبده
عرض	عرض
عشر	عشر
عفا	عفا
علمتم	علمتم
عندى	عندى
عنى	عنى
عينا	عينا
غفلون	غفلون
غيب	غيب
فأخرجنا	فأخرجنا
فأنجينه	فأنجينه
فإنى	فإنى
فاطر	فاطر
فاعلموا	فٱعلموا
فاغفر	فٱغفر
فالله	فٱلله
فامنوا	فامنوا
فبما	فبما
فذرهم	فذرهم
فسبح	فسبح
فسقين	فسقين
فعلين	فعلين
فقلنا	فقلنا
فكهة	فكهة
فلله	فلله
فلهم	فلهم
فوقكم	فوقكم
فينظروا	فينظروا
قديرا	قديرا
قرضا	قرضا
قلوبنا	قلوبنا
قيما	قيما
كبر	كبر
كفرتم	كفرتم
كيدا	كيدا
لأنفسكم	لأنفسكم
لدنا	لدنا
لعنهم	لعنهم
لكان	لكان
لكن	لكن
للإنسن	للإنسن
مؤمنة	مؤمنة
مؤمنون	مؤمنون
ماب	ماب
ماله	ماله
مثلنا	مثلنا
مجنون	مجنون
مدبرين	مدبرين
مدكر	مدكر
مستقيما	مستقيما
مسكنهم	مسكنهم
مسه	مسه
معروفا	معروفا
معنا	معنا
مفعولا	مفعولا
مكر	مكر
ملئكة	ملئكة
منك	منك
موزينه	موزينه
نزلا	نزلا
نزلنا	نزلنا
نعبد	نعبد
نعلم	نعلم
نعمتي	نعمتى
هودا	هودا
هوىه	هوىه
وأجر	وأجر
وأحسن	وأحسن
وأصلحوا	وأصلحوا
وأطعنا	وأطعنا
وأكثرهم	وأكثرهم
وأمرت	وأمرت
وإنك	وإنك
واتخذوا	وٱتخذوا
واشربوا	وٱشربوا
والأنعم	وٱلأنعم
والجبال	وٱلجبال
والمغرب	وٱلمغرب
والميزان	وٱلميزان
وبما	وبما
وبنات	وبنات
وبنين	وبنين
وبينهم	وبينهم
وجوهكم	وجوهكم
وحده	وحده
وخلق	وخلق
وذكر	وذكر
ورزق	ورزق
وزر	وزر
وسبح	وسبح
وصدوا	وصدوا
وصية	وصية
وعدنا	وعدنا
وقضى	وقضى
وقلنا	وقلنا
وكأين	وكأين
وكثير	وكثير
ولوطا	ولوطا
وليعلم	وليعلم
ومأوىهم	ومأوىهم
وملإيه	وملإيه
ومنكم	ومنكم
ونادى	ونادى
ويسلونك	ويسلونك
ويعذب	ويعذب
يأبانا	يأبانا
يأتكم	يأتكم
يؤتيه	يؤتيه
يؤفكون	يؤفكون
يبتغون	يبتغون
يبدؤا	يبدؤا
يجزى	يجزى
يخرجوا	يخرجوا
يخشون	يخشون
يخشى	يخشى
يخلف	يخلف
يدخلون	يدخلون
يسبح	يسبح
يستمعون	يستمعون
يسرا	يسرا
يسرعون	يسرعون
يسعى	يسعى
يصدون	يصدون
يطع	يطع
يعذبهم	يعذبهم
يعلنون	يعلنون
يقبل	يقبل
يقضى	يقضى
يكاد	يكاد
يكذبون	يكذبون
يلقى	يلقى
يمشى	يمشى
يمكرون	يمكرون
ينبغي	ينبغى
يويلنا	يويلنا
آباؤكم	ءاباؤكم
آتينه	ءاتينه
آلهتنا	ءالهتنا
آيتك	ءايتك
أءله	أءله
أئمة	أئمة
أبناءهم	أبناءهم
أتىهم	أتىهم
أثيم	أثيم
أجئتنا	أجئتنا
أجلهن	أجلهن
أحسنوا	أحسنوا
أخرجوا	أخرجوا
أرى	أرى
أزوجهم	أزوجهم
أشده	أشده
أشرك	أشرك
أشهر	أشهر
أصاب	أصاب
أصابهم	أصابهم
أطيعوا	أطيعوا
أعداء	أعداء
أعمل	أعمل
أعمى	أعمى
أملك	أملك
أمول	أمول
أناس	أناس
أنشأكم	أنشأكم
أهلك	أهلك
أواب	أواب
أوتيتم	أوتيتم
إحدىهما	إحدىهما
إحسنا	إحسنا
إنثا	إنثا
إننا	إننا
ائتونى	ٱئتونى
اتقى	ٱتقى
اذهب	ٱذهب
استضعفوا	ٱستضعفوا
استطعتم	ٱستطعتم
اسمه	ٱسمه
الأبرار	ٱلأبرار
الأخرى	ٱلأخرى
الأرائك	ٱلأرائك
الأسماء	ٱلأسماء
الأمثال	ٱلأمثال
الأمثل	ٱلأمثل
الأمين	ٱلأمين
الأنفس	ٱلأنفس
الأيمن	ٱلأيمن
الحريق	ٱلحريق
الحكمة	ٱلحكمة
الحكمين	ٱلحكمين
الحميم	ٱلحميم
الخزي	ٱلخزى
الدعاء	ٱلدعاء
الر	الر
الرزقين	ٱلرزقين
الروح	ٱلروح
السبت	ٱلسبت
السجدين	ٱلسجدين
السفهاء	ٱلسفهاء
السيئة	ٱلسيئة
الشر	ٱلشر
الشفعة	ٱلشفعة
الطيب	ٱلطيب
العمى	ٱلعمى
الغرور	ٱلغرور
الغلبون	ٱلغلبون
الفجر	ٱلفجر
الفحشة	ٱلفحشة
القبور	ٱلقبور
القتل	ٱلقتل
القمر	ٱلقمر
القهار	ٱلقهار
اللهم	ٱللهم
المستقيم	ٱلمستقيم
المهاد	ٱلمهاد
اليتمى	ٱليتمى
اليتيم	ٱليتيم
امرأته	ٱمرأته
امرئ	ٱمرئ
بأنفسهم	بأنفسهم
بئس	بئس
بالإثم	بٱلإثم
بالإيمن	بٱلإيمن
بالحسنة	بٱلحسنة
بالسيئة	بٱلسيئة
بالظلمين	بٱلظلمين
بالعباد	بٱلعباد
بالقول	بٱلقول
بربك	بربك
بربكم	بربكم
بركنا	بركنا
بلغت	بلغت
بوكيل	بوكيل
بيت	بيت
بيتا	بيتا
بيده	بيده
بيوم	بيوم
تأويل	تأويل
تأويله	تأويله
تؤمنون	تؤمنون
تبديلا	تبديلا
تجعل	تجعل
تجعلوا	تجعلوا
تحتهم	تحتهم
تحسبن	تحسبن
تخرجون	تخرجون
تريدون	تريدون
تزر	تزر
تسلون	تسلون
تصبروا	تصبروا
تصبهم	تصبهم
تطيعوا	تطيعوا
تظلمون	تظلمون
تعثوا	تعثوا
تعلموا	تعلموا
تقربوا	تقربوا
تكتمون	تكتمون
تهوى	تهوى
توبوا	توبوا
جاءتكم	جاءتكم
جاءوك	جاءوك
جان	جان
جانب	جانب
جثمين	جثمين
جرم	جرم
جزاؤهم	جزاؤهم
جعله	جعله
جند	جند
جهدوا	جهدوا
حبة	حبة
حجارة	حجارة
حديثا	حديثا
حسابهم	حسابهم
حضر	حضر
حقت	حقت
حمل	حمل
حوله	حوله
حيا	حيا
خاف	خاف
خاوية	خاوية
خذوا	خذوا
خرجوا	خرجوا
خسرين	خسرين
خشعة	خشعة
خطوت	خطوت
خفت	خفت
خلقوا	خلقوا
رأيتهم	رأيتهم
رجلين	رجلين
رسلت	رسلت
رسله	رسله
رضى	رضى
سجدين	سجدين
سرر	سرر
سفر	سفر
سلف	سلف
سياتكم	سياتكم
سيروا	سيروا
شئتم	شئتم
شئنا	شئنا
شرب	شرب
شركاءى	شركاءى
شفيع	شفيع
شقاق	شقاق
شهدة	شهدة
صدقوا	صدقوا
صرطا	صرطا
ضعف	ضعف
ضعفا	ضعفا
طغى	طغى
طغينهم	طغينهم
ظلل	ظلل
ظننتم	ظننتم
ظهر	ظهر
ظهورهم	ظهورهم
عشرة	عشرة
عملت	عملت
غرورا	غرورا
غفلة	غفلة
غليظ	غليظ
فأرسل	فأرسل
فأصبح	فأصبح
فألقى	فألقى
فاحكم	فٱحكم
فاستكبروا	فٱستكبروا
فاعبدوه	فٱعبدوه
فانظروا	فٱنظروا
فتاب	فتاب
فترى	فترى
فتنا	فتنا
فجعلنهم	فجعلنهم
فريضة	فريضة
فسجدوا	فسجدوا
فضلنا	فضلنا
فعسى	فعسى
فعلوه	فعلوه
فكانت	فكانت
فكانوا	فكانوا
فنعم	فنعم
فهى	فهى
فينا	فينا
قائمة	قائمة
قدره	قدره
قرن	قرن
قلبه	قلبه
قلت	قلت
قميصه	قميصه
قومي	قومى
كأنه	كأنه
كافة	كافة
كالذى	كٱلذى
كتبه	كتبه
كرها	كرها
كرهون	كرهون
كسفا	كسفا
كفور	كفور
كفى	كفى
كلم	كلم
كلها	كلها
لآدم	لءادم
لبئس	لبئس
لبنى	لبنى
لتنذر	لتنذر
لدي	لدى
لدينا	لدينا
لرءوف	لرءوف
لربهم	لربهم
لسان	لسان
لست	لست
لعبرة	لعبرة
للذكر	للذكر
للعبيد	للعبيد
لمبعوثون	لمبعوثون
لنحن	لنحن
لنكونن	لنكونن
ليحكم	ليحكم
ليضل	ليضل
ليعلم	ليعلم
ليغفر	ليغفر
ليلا	ليلا
مأوىهم	مأوىهم
متعنا	متعنا
متنا	متنا
مثلها	مثلها
مثلهم	مثلهم
محضرون	محضرون
مرتين	مرتين
مرجعهم	مرجعهم
مرية	مرية
مستقر	مستقر
مسجد	مسجد
مشفقون	مشفقون
مصبحين	مصبحين
مصدق	مصدق
مطهرة	مطهرة
معجزين	معجزين
معرضين	معرضين
معروف	معروف
مفسدين	مفسدين
مكرهم	مكرهم
منذر	منذر
منفع	منفع
منكرون	منكرون
مهتدون	مهتدون
مودة	مودة
مولى	مولى
مولىكم	مولىكم
ميتا	ميتا
نبأ	نبأ
نسائكم	نسائكم
نصرى	نصرى
نعدهم	نعدهم
نعمل	نعمل
نعيم	نعيم
نفصل	نفصل
نقص	نقص
نكير	نكير
نهوا	نهوا
هاجروا	هاجروا
هاد	هاد
هدىنا	هدىنا
وآباؤكم	وءاباؤكم
وأبصرهم	وأبصرهم
وأسروا	وأسروا
وأضل	وأضل
وأمر	وأمر
وأمطرنا	وأمطرنا
وأنهم	وأنهم
وأوفوا	وأوفوا
واتل	وٱتل
واجعل	وٱجعل
وازرة	وازرة
واشكروا	وٱشكروا
والبصير	وٱلبصير
والضراء	وٱلضراء
والطير	وٱلطير
والعدون	وٱلعدون
والقرآن	وٱلقرءان
والمنفقت	وٱلمنفقت
والمنفقين	وٱلمنفقين
والناس	وٱلناس
والنصرى	وٱلنصرى
وبشرى	وبشرى
وبينك	وبينك
وجعلنهم	وجعلنهم
وحدا	وحدا
وحسن	وحسن
وحين	وحين
ورضوا	ورضوا
ورضون	ورضون
ورفعنا	ورفعنا
وسعة	وسعة
وسعها	وسعها
وسوف	وسوف
وصدق	وصدق
وعظما	وعظما
وعلما	وعلما
وعن	وعن
وغير	وغير
وفرعون	وفرعون
وقرا	وقرا
وقع	وقع
وكذب	وكذب
وكلوا	وكلوا
وكيف	وكيف
وكيل	وكيل
ولحم	ولحم
ولعذاب	ولعذاب
وللكفرين	وللكفرين
ولمن	ولمن
وليس	وليس
ومغفرة	ومغفرة
وملئكته	وملئكته
وممن	وممن
وموسى	وموسى
وموعظة	وموعظة
ونفخ	ونفخ
ويؤتون	ويؤتون
ويزيدهم	ويزيدهم
ويقتلون	ويقتلون
وينزل	وينزل
يأتوا	يأتوا
يأتين	يأتين
يأكل	يأكل
يأمر	يأمر
يأمركم	يأمركم
يأولى	يأولى
يؤتى	يؤتى
يبلغ	يبلغ
يتبع	يتبع
يتلون	يتلون
يتوكلون	يتوكلون
يجدل	يجدل
يجدلون	يجدلون
يجدوا	يجدوا
يحزنك	يحزنك
يحشرهم	يحشرهم
يحل	يحل
يحلفون	يحلفون
يحييكم	يحييكم
يخاف	يخاف
يخرجون	يخرجون
يخلقون	يخلقون
يدك	يدك
يرجع	يرجع
يرزقكم	يرزقكم
يستبشرون	يستبشرون
يستجيبوا	يستجيبوا
يسل	يسل
يشاءون	يشاءون
يشتهون	يشتهون
يشهد	يشهد
يصنعون	يصنعون
يضعف	يضعف
يظلم	يظلم
يظنون	يظنون
يعدكم	يعدكم
يعدلون	يعدلون
يعقوب	يعقوب
يعلمه	يعلمه
يعلموا	يعلموا
يفسقون	يفسقون
يفصل	يفصل
يقتلوكم	يقتلوكم
يكتبون	يكتبون
يكتمون	يكتمون
يكذب	يكذب
يلعبون	يلعبون
يمريم	يمريم
يمشون	يمشون
يموت	يموت
ينفق	ينفق
يود	يود
يومكم	يومكم
يومهم	يومهم
آباءهم	ءاباءهم
آباؤهم	ءاباؤهم
آبائكم	ءابائكم
آتنا	ءاتنا
آتيتموهن	ءاتيتموهن
آتيكم	ءاتيكم
آذان	ءاذان
آلهتكم	ءالهتكم
أئنكم	أئنكم
أبناء	أبناء
أبناءكم	أبناءكم
أبيكم	أبيكم
أجد	أجد
أجورهم	أجورهم
أحاط	أحاط
أحب	أحب
أحدهما	أحدهما
أحياء	أحياء
أخاه	أخاه
أخوهم	أخوهم
أخي	أخى
أدبر	أدبر
أدرى	أدرى
أذقنا	أذقنا
أذلة	أذلة
أرادوا	أرادوا
أربعين	أربعين
أرحم	أرحم
أردنا	أردنا
أرسلتم	أرسلتم
أرض	أرض
أرىكم	أرىكم
أزكى	أزكى
أساور	أساور
أسر	أسر
أسلموا	أسلموا
أصبكم	أصبكم
أعدت	أعدت
أغرقنا	أغرقنا
أغير	أغير
أفرءيت	أفرءيت
أفغير	أفغير
أفلح	أفلح
أفوههم	أفوههم
أكلها	أكلها
أكن	أكن
أكنة	أكنة
ألونه	ألونه
أمركم	أمركم
أمنتم	أمنتم
أنذر	أنذر
أنفقتم	أنفقتم
أنها	أنها
أهؤلاء	أهؤلاء
أهلكنها	أهلكنها
أهلكنهم	أهلكنهم
أوفوا	أوفوا
أوفى	أوفى
أيحسب	أيحسب
أيكم	أيكم
إحدى	إحدى
إخوة	إخوة
إخونهن	إخونهن
إفك	إفك
إليها	إليها
إماما	إماما
ائتنا	ٱئتنا
اتبعك	ٱتبعك
اتخذتم	ٱتخذتم
اثنتين	ٱثنتين
اختلف	ٱختلف
استجابوا	ٱستجابوا
استطعوا	ٱستطعوا
استقموا	ٱستقموا
اضطر	ٱضطر
اعتدى	ٱعتدى
الأكبر	ٱلأكبر
الإسلم	ٱلإسلم
الإنجيل	ٱلإنجيل
البحرين	ٱلبحرين
البصير	ٱلبصير
البيوت	ٱلبيوت
التوبة	ٱلتوبة
الجمعان	ٱلجمعان
الجهر	ٱلجهر
الجهلية	ٱلجهلية
الحرث	ٱلحرث
الخوف	ٱلخوف
الرجس	ٱلرجس
الرجفة	ٱلرجفة
الرعب	ٱلرعب
الشهر	ٱلشهر
العمر	ٱلعمر
الغلبين	ٱلغلبين
الغيوب	ٱلغيوب
الفائزون	ٱلفائزون
الفتح	ٱلفتح
الفرقان	ٱلفرقان
القدس	ٱلقدس
القصص	ٱلقصص
القعدين	ٱلقعدين
القوى	ٱلقوى
القيم	ٱلقيم
الكلم	ٱلكلم
الكهف	ٱلكهف
المأوى	ٱلمأوى
المال	ٱلمال
المبطلون	ٱلمبطلون
المحراب	ٱلمحراب
المحصنت	ٱلمحصنت
المرء	ٱلمرء
المسكين	ٱلمسكين
المعتدين	ٱلمعتدين
المقربون	ٱلمقربون
المقربين	ٱلمقربين
الملؤا	ٱلملؤا
الممترين	ٱلممترين
المولى	ٱلمولى
الميتة	ٱلميتة
الميعاد	ٱلميعاد
الن	ٱلن
النجوى	ٱلنجوى
النذر	ٱلنذر
النصرى	ٱلنصرى
الهوى	ٱلهوى
انتقام	ٱنتقام
انتهوا	ٱنتهوا
اهبطوا	ٱهبطوا
اهتدوا	ٱهتدوا
بأحسن	بأحسن
بأعيننا	بأعيننا
بإذنى	بإذنى
باب	باب
باسم	بٱسم
بالأمس	بٱلأمس
بالسوء	بٱلسوء
بالصبر	بٱلصبر
بالعشى	بٱلعشى
بالكتب	بٱلكتب
بالكفر	بٱلكفر
بالمهتدين	بٱلمهتدين
بالنذر	بٱلنذر
بايته	بايته
بايتى	بايتى
بجهلة	بجهلة
بحمده	بحمده
بربى	بربى
برهنكم	برهنكم
بروح	بروح
بسوء	بسوء
بشيرا	بشيرا
بصائر	بصائر
بضر	بضر
بطون	بطون
بعث	بعث
بعدا	بعدا
بعدي	بعدى
بعزيز	بعزيز
بعلمه	بعلمه
بعهد	بعهد
بغضب	بغضب
بغلم	بغلم
بفحشة	بفحشة
بقرة	بقرة
بكفرهم	بكفرهم
بلاء	بلاء
بلدة	بلدة
بماء	بماء
بنا	بنا
بنعمة	بنعمة
بهتنا	بهتنا
بولديه	بولديه
بيمينه	بيمينه
تأتينا	تأتينا
تؤفكون	تؤفكون
تبارك	تبارك
تبت	تبت
تبدوا	تبدوا
تبع	تبع
تتلوا	تتلوا
تتولوا	تتولوا
تجزى	تجزى
تجهلون	تجهلون
تحكمون	تحكمون
تخافون	تخافون
تدرى	تدرى
تدع	تدع
تدعوا	تدعوا
تدعوهم	تدعوهم
تزعمون	تزعمون
تزكى	تزكى
تستطيع	تستطيع
تسلهم	تسلهم
تشعرون	تشعرون
تصفون	تصفون
تعدلوا	تعدلوا
تعدنا	تعدنا
تغن	تغن
تفسدوا	تفسدوا
تقبل	تقبل
تقدموا	تقدموا
تكسبون	تكسبون
تكفروا	تكفروا
تكلم	تكلم
تنزيلا	تنزيلا
تنكحوا	تنكحوا
توكلنا	توكلنا
ثبورا	ثبورا
ثقلت	ثقلت
ثمرت	ثمرت
ثوابا	ثوابا
جئتكم	جئتكم
جئنا	جئنا
جسدا	جسدا
جميلا	جميلا
جناحك	جناحك
جنود	جنود
جواب	جواب
حاصبا	حاصبا
حجاب	حجاب
حرث	حرث
حرمت	حرمت
حسابا	حسابا
حسيبا	حسيبا
حظ	حظ
حل	حل
حللا	حللا
حملنا	حملنا
حيوة	حيوة
خالصة	خالصة
خضر	خضر
خلئف	خلئف
خلفه	خلفه
خلقنه	خلقنه
خلقهم	خلقهم
خوفا	خوفا
دابر	دابر
دارهم	دارهم
درجة	درجة
دعا	دعا
دعوة	دعوة
دعوىهم	دعوىهم
دونهم	دونهم
ديركم	ديركم
دينا	دينا
ذريته	ذريته
ذريتهم	ذريتهم
ذريتي	ذريتى
ذلة	ذلة
ذنوبنا	ذنوبنا
رآه	رءاه
راضية	راضية
رجس	رجس
رجعون	رجعون
رجيم	رجيم
رحم	رحم
رحمتنا	رحمتنا
رزقه	رزقه
رسولنا	رسولنا
رضوا	رضوا
ريح	ريح
ريحا	ريحا
زكريا	زكريا
زوجها	زوجها
زوجين	زوجين
زينا	زينا
سببا	سببا
سبح	سبح
سبق	سبق
سبلا	سبلا
سحابا	سحابا
سقر	سقر
سمعون	سمعون
سموت	سموت
سميعا	سميعا
سوءتهما	سوءتهما
سويا	سويا
سيقول	سيقول
سيقولون	سيقولون
شراب	شراب
شهد	شهد
شهدنا	شهدنا
شهر	شهر
شيطن	شيطن
شيعا	شيعا
صبار	صبار
صدرك	صدرك
صدقة	صدقة
صدور	صدور
صدوركم	صدوركم
صرفنا	صرفنا
صعيدا	صعيدا
صلحين	صلحين
صلصل	صلصل
صنعوا	صنعوا
ضعيفا	ضعيفا
طغينا	طغينا
طلقتم	طلقتم
طوعا	طوعا
ظهيرا	ظهيرا
عام	عام
عبدون	عبدون
عبدين	عبدين
عجبا	عجبا
عدة	عدة
عزم	عزم
عصيت	عصيت
عطاء	عطاء
عظما	عظما
عفوا	عفوا
عقاب	عقاب
عقبي	عقبى
علقة	علقة
علمكم	علمكم
علمه	علمه
علمها	علمها
علوا	علوا
عمله	عمله
عمى	عمى
عنهما	عنهما
عهدا	عهدا
عهدتم	عهدتم
عهدوا	عهدوا
غدا	غدا
غفلين	غفلين
غلم	غلم
غيركم	غيركم
فأت	فأت
فأحيا	فأحيا
فأخذنهم	فأخذنهم
فأنبتنا	فأنبتنا
فاتقون	فٱتقون
فاختلف	فٱختلف
فاخرج	فٱخرج
فاستجبنا	فٱستجبنا
فاستعذ	فٱستعذ
فانتقمنا	فٱنتقمنا
فتحا	فتحا
فتحنا	فتحنا
فتربصوا	فتربصوا
فتعلى	فتعلى
فتولى	فتولى
فحشة	فحشة
فحق	فحق
فذكر	فذكر
فرض	فرض
فساء	فساء
فسل	فسل
فسيقولون	فسيقولون
فصل	فصل
فصلت	فصلت
فصيام	فصيام
فضة	فضة
فعلوا	فعلوا
فعليه	فعليه
فلنفسه	فلنفسه
فلينظر	فلينظر
فيومئذ	فيومئذ
قائما	قائما
قاموا	قاموا
قتلهم	قتلهم
قدم	قدم
قرار	قرار
قربى	قربى
قوى	قوى
كادوا	كادوا
كتبنا	كتبنا
كذاب	كذاب
كذبون	كذبون
كرة	كرة
كريما	كريما
كشفنا	كشفنا
كفرا	كفرا
كي	كى
لأجل	لأجل
لأملأن	لأملأن
لإخونهم	لإخونهم
لبثت	لبثت
لبثوا	لبثوا
لبشر	لبشر
لتأتون	لتأتون
لتبتغوا	لتبتغوا
لتسكنوا	لتسكنوا
لحق	لحق
لحما	لحما
لرب	لرب
لرسول	لرسول
لسحر	لسحر
لشديد	لشديد
لشيء	لشىء
لصدقون	لصدقون
لطيف	لطيف
لغير	لغير
لقاءنا	لقاءنا
لكنا	لكنا
لكيلا	لكيلا
للتقوى	للتقوى
للذى	للذى
للمشركين	للمشركين
لنعلم	لنعلم
لنفسى	لنفسى
لوطا	لوطا
ليؤمنوا	ليؤمنوا
ليبلوكم	ليبلوكم
ليقولون	ليقولون
لينذر	لينذر
ليوسف	ليوسف
مبشرين	مبشرين
متقبلين	متقبلين
متم	متم
محسن	محسن
محمد	محمد
محيص	محيص
مختلف	مختلف
مختلفا	مختلفا
مخلصا	مخلصا
مر	مر
مرد	مرد
مرضات	مرضات
مرضى	مرضى
مستقرا	مستقرا
مسكين	مسكين
مسلمة	مسلمة
مسنى	مسنى
مسولا	مسولا
مشركين	مشركين
مطر	مطر
مقرنين	مقرنين
مكانتكم	مكانتكم
مكرا	مكرا
مكين	مكين
ملكوت	ملكوت
ممنون	ممنون
منع	منع
منكن	منكن
منيب	منيب
مهينا	مهينا
موج	موج
موعدا	موعدا
ميثقكم	ميثقكم
ميثقهم	ميثقهم
ناقة	ناقة
نبؤا	نبؤا
نبات	نبات
نتبع	نتبع
نجينا	نجينا
نخيل	نخيل
ندعوا	ندعوا
ندمين	ندمين
نذيرا	نذيرا
نرسل	نرسل
نرىك	نرىك
نريد	نريد
نرينك	نرينك
نساء	نساء
نصب	نصب
نصرف	نصرف
نعمته	نعمته
نفورا	نفورا
نكن	نكن
نوحى	نوحى
نودى	نودى
هأنتم	هأنتم
هاتوا	هاتوا
هب	هب
هدىكم	هدىكم
هدىهم	هدىهم
هلك	هلك
هنيا	هنيا
ههنا	ههنا
وآتينهم	وءاتينهم
وآخرون	وءاخرون
وآمن	وءامن
وآية	وءاية
وأجل	وأجل
وأخر	وأخر
وأخيه	وأخيه
وأرجلكم	وأرجلكم
وأزوجهم	وأزوجهم
وأصيلا	وأصيلا
وأعرض	وأعرض
وأغرقنا	وأغرقنا
وأقسموا	وأقسموا
وألقى	وألقى
وألقينا	وألقينا
وأمه	وأمه
وأنفسكم	وأنفسكم
وأنى	وأنى
وأهلها	وأهلها
وأوحى	وأوحى
وأولوا	وأولوا
وأيديكم	وأيديكم
وإبرهيم	وإبرهيم
وإياكم	وإياكم
واتخذ	وٱتخذ
واتقوه	وٱتقوه
واختلف	وٱختلف
وادعوا	وٱدعوا
واستكبروا	وٱستكبروا
واسمعوا	وٱسمعوا
واعتصموا	وٱعتصموا
واغفر	وٱغفر
والأسباط	وٱلأسباط
والأفدة	وٱلأفدة
والأنثى	وٱلأنثى
والبغضاء	وٱلبغضاء
والتى	وٱلتى
والدم	وٱلدم
والزيتون	وٱلزيتون
والصبرين	وٱلصبرين
والمشركين	وٱلمشركين
وبال	وبال
وبالولدين	وبٱلولدين
وبدا	وبدا
وتواصوا	وتواصوا
وجد	وجد
وجعلنى	وجعلنى
وحرم	وحرم
وذروا	وذروا
وزين	وزين
وساءت	وساءت
وسليمن	وسليمن
وصىكم	وصىكم
وضرب	وضرب
وطمعا	وطمعا
وعذاب	وعذاب
وعشيا	وعشيا
وعلانية	وعلانية
وغضب	وغضب
وفضل	وفضل
وكانت	وكانت
وكفرا	وكفرا
وكنت	وكنت
ولبئس	ولبئس
ولتبتغوا	ولتبتغوا
ولكنى	ولكنى
وللمؤمنين	وللمؤمنين
ولوا	ولوا
وماتوا	وماتوا
ومنذرين	ومنذرين
ونجينه	ونجينه
ونساء	ونساء
ونعم	ونعم
وهاجروا	وهاجروا
وهمن	وهمن
ويأمرون	ويأمرون
ويرسل	ويرسل
ويصدون	ويصدون
ويعبدون	ويعبدون
وينهون	وينهون
ويولج	ويولج
يأتوك	يأتوك
يأتون	يأتون
يأتيه	يأتيه
يؤاخذكم	يؤاخذكم
يؤت	يؤت
يؤتكم	يؤتكم
يؤتون	يؤتون
يؤخذ	يؤخذ
يؤذن	يؤذن
يؤذون	يؤذون
يإبرهيم	يإبرهيم
يادم	يادم
يبدل	يبدل
يبغون	يبغون
يتق	يتق
يتوفى	يتوفى
يتوفىكم	يتوفىكم
يتول	يتول
يجرى	يجرى
يحبون	يحبون
يحسبون	يحسبون
يحكمون	يحكمون
يحلون	يحلون
يحيى	يحيى
يختصمون	يختصمون
يخفى	يخفى
يخوضوا	يخوضوا
يدبر	يدبر
يدخله	يدخله
يدعوكم	يدعوكم
يذهبكم	يذهبكم
يرجوا	يرجوا
يرزق	يرزق
يرضى	يرضى
يزكى	يزكى
يزيد	يزيد
يستخرون	يستخرون
يسجدون	يسجدون
يسرنا	يسرنا
يسرون	يسرون
يسلون	يسلون
يشترون	يشترون
يشهدون	يشهدون
يصلح	يصلح
يصلون	يصلون
يصلونها	يصلونها
يضرب	يضرب
يضيع	يضيع
يظهروا	يظهروا
يعذبكم	يعذبكم
يعرفون	يعرفون
يعظكم	يعظكم
يعمر	يعمر
يعيسى	يعيسى
يغلبوا	يغلبوا
يغنوا	يغنوا
يقتل	يقتل
يقتلونكم	يقتلونكم
يقدر	يقدر
يقيمون	يقيمون
يمسهم	يمسهم
يميتكم	يميتكم
يناديهم	يناديهم
ينصركم	ينصركم
ينطقون	ينطقون
ينظر	ينظر
ينفخ	ينفخ
ينفعكم	ينفعكم
ينفعهم	ينفعهم
ينقضون	ينقضون
ينقلب	ينقلب
ينوح	ينوح
يهدون	يهدون
يهلك	يهلك
يولج	يولج
آباءكم	ءاباءكم
آبائهم	ءابائهم
آتيتم	ءاتيتم
آتينكم	ءاتينكم
آذن	ءاذن
آنست	ءانست
آوى	ءاوى
أبصر	أبصر
أبلغتكم	أبلغتكم
أبوبها	أبوبها
أتأتون	أتأتون
أتقولون	أتقولون
أتوا	أتوا
أتىكم	أتىكم
أتىها	أتىها
أجرموا	أجرموا
أجره	أجره
أجلا	أجلا
أجلها	أجلها
أجمعون	أجمعون
أخذتهم	أخذتهم
أدبرهم	أدبرهم
أدعوا	أدعوا
أدلكم	أدلكم
أربابا	أربابا
أربع	أربع
أرجلهم	أرجلهم
أردتم	أردتم
أرضكم	أرضكم
أرضنا	أرضنا
أرونى	أرونى
أسرى	أسرى
أسس	أسس
أسفا	أسفا
أسفل	أسفل
أسماء	أسماء
أسوة	أسوة
أشياءهم	أشياءهم
أصابك	أصابك
أظن	أظن
أعرضوا	أعرضوا
أعقبكم	أعقبكم
أعملنا	أعملنا
أعنقهم	أعنقهم
أغنياء	أغنياء
أف	أف
أفاء	أفاء
أفرغ	أفرغ
أقدامنا	أقدامنا
أقم	أقم
ألسنتهم	ألسنتهم
ألن	ألن
أمثلهم	أمثلهم
أمدا	أمدا
أمرها	أمرها
أمروا	أمروا
أمسك	أمسك
أمك	أمك
أمه	أمه
أمهتهم	أمهتهم
أموت	أموت
أنؤمن	أنؤمن
أناب	أناب
أنبئكم	أنبئكم
أنذروا	أنذروا
أنزله	أنزله
أنشأنا	أنشأنا
أنعمنا	أنعمنا
أنك	أنك
أهلهم	أهلهم
أهم	أهم
أهواء	أهواء
أولا	أولا
أياما	أياما
أيديهن	أيديهن
أيمن	أيمن
أينما	أينما
إسمعيل	إسمعيل
إنس	إنس
إيمنها	إيمنها
اتبعت	ٱتبعت
اتبعوه	ٱتبعوه
اتخذت	ٱتخذت
ارتضى	ٱرتضى
ارجع	ٱرجع
ارجعوا	ٱرجعوا
استطعت	ٱستطعت
استغفروا	ٱستغفروا
استهزئ	ٱستهزئ
اصطفى	ٱصطفى
اضرب	ٱضرب
اعلموا	ٱعلموا
اقتلوا	ٱقتلوا
اقرأ	ٱقرأ
الأجداث	ٱلأجداث
الأحاديث	ٱلأحاديث
الأدبر	ٱلأدبر
الأغلل	ٱلأغلل
الألواح	ٱلألواح
الأمول	ٱلأمول
الأنبياء	ٱلأنبياء
البرق	ٱلبرق
البشرى	ٱلبشرى
البطون	ٱلبطون
البعث	ٱلبعث
البعيد	ٱلبعيد
البقر	ٱلبقر
البيع	ٱلبيع
التقى	ٱلتقى
الجمع	ٱلجمع
الجوار	ٱلجوار
الحاقة	ٱلحاقة
الحجر	ٱلحجر
الحديد	ٱلحديد
الحر	ٱلحر
الحواريون	ٱلحواريون
الحوت	ٱلحوت
الخروج	ٱلخروج
الخمر	ٱلخمر
الخنزير	ٱلخنزير
الداع	ٱلداع
الذئب	ٱلذئب
الذل	ٱلذل
الرءيا	ٱلرءيا
الرجز	ٱلرجز
الرشد	ٱلرشد
الرقاب	ٱلرقاب
السبع	ٱلسبع
السدس	ٱلسدس
السفينة	ٱلسفينة
الشهوت	ٱلشهوت
الصحف	ٱلصحف
الصعقة	ٱلصعقة
الصلحون	ٱلصلحون
الصيام	ٱلصيام
الصيد	ٱلصيد
الضالون	ٱلضالون
الضلل	ٱلضلل
الطرف	ٱلطرف
الطين	ٱلطين
الظل	ٱلظل
العاجلة	ٱلعاجلة
العدوة	ٱلعدوة
العسر	ٱلعسر
العظم	ٱلعظم
العقبة	ٱلعقبة
العملين	ٱلعملين
الغفر	ٱلغفر
الغم	ٱلغم
الغي	ٱلغى
الغيظ	ٱلغيظ
الفريقين	ٱلفريقين
الفقراء	ٱلفقراء
القارعة	ٱلقارعة
القدر	ٱلقدر
القرار	ٱلقرار
القرنين	ٱلقرنين
القوة	ٱلقوة
القيوم	ٱلقيوم
الكذبون	ٱلكذبون
الكرب	ٱلكرب
الكريم	ٱلكريم
اللعنة	ٱللعنة
المتكبرين	ٱلمتكبرين
المتوكلون	ٱلمتوكلون
المجهدين	ٱلمجهدين
المحيض	ٱلمحيض
المخلفون	ٱلمخلفون
المدائن	ٱلمدائن
المشحون	ٱلمشحون
المشركون	ٱلمشركون
المشمة	ٱلمشمة
المقسطين	ٱلمقسطين
المن	ٱلمن
المنتظرين	ٱلمنتظرين
المنظرين	ٱلمنظرين
المهد	ٱلمهد
الميزان	ٱلميزان
الميمنة	ٱلميمنة
الناقة	ٱلناقة
النشأة	ٱلنشأة
النصحين	ٱلنصحين
النصر	ٱلنصر
النكاح	ٱلنكاح
الهون	ٱلهون
الورثين	ٱلورثين
الولدان	ٱلولدان
الوهاب	ٱلوهاب
امرأة	ٱمرأة
انصرنى	ٱنصرنى
انظروا	ٱنظروا
انفروا	ٱنفروا
انقلبوا	ٱنقلبوا
بأمولكم	بأمولكم
بأهلك	بأهلك
بأيديهم	بأيديهم
بإحسن	بإحسن
بئسما	بئسما
باغ	باغ
بال	بال
بالحسنى	بٱلحسنى
بالحيوة	بٱلحيوة
بالدين	بٱلدين
بالرحمن	بٱلرحمن
بالصلوة	بٱلصلوة
بالغدو	بٱلغدو
بالفحشاء	بٱلفحشاء
بالكفرين	بٱلكفرين
باللغو	بٱللغو
بالناس	بٱلناس
بالواد	بٱلواد
بتأويله	بتأويله
بدلنا	بدلنا
بذكر	بذكر
بذلك	بذلك
برسل	برسل
برهن	برهن
بسحر	بسحر
بسلم	بسلم
بسيمهم	بسيمهم
بشرى	بشرى
بطونهم	بطونهم
بعبادى	بعبادى
بعدما	بعدما
بعصاك	بعصاك
بعضنا	بعضنا
بعضه	بعضه
بعضها	بعضها
بعلم	بعلم
بقلب	بقلب
بقول	بقول
بقوم	بقوم
بكتب	بكتب
بكلمته	بكلمته
بمعذبين	بمعذبين
بناء	بناء
بنصره	بنصره
بنين	بنين
بهما	بهما
بهن	بهن
بهيمة	بهيمة
بيتي	بيتى
بيع	بيع
بينا	بينا
بينه	بينه
تأتى	تأتى
تأمرون	تأمرون
تؤمن	تؤمن
تبخسوا	تبخسوا
تبدون	تبدون
تبعك	تبعك
تتبعون	تتبعون
تتخذون	تتخذون
تتذكرون	تتذكرون
تتفكرون	تتفكرون
تجعلنا	تجعلنا
تحزنوا	تحزنوا
تحويلا	تحويلا
تخفوه	تخفوه
تخفى	تخفى
تذر	تذر
تربا	تربا
ترونها	ترونها
تروها	تروها
تريد	تريد
تستغفر	تستغفر
تستكبرون	تستكبرون
تسرون	تسرون
تسع	تسع
تسعى	تسعى
تسقط	تسقط
تسلوا	تسلوا
تشتروا	تشتروا
تشرك	تشرك
تشركوا	تشركوا
تشهد	تشهد
تشهدون	تشهدون
تصيبهم	تصيبهم
تضرعا	تضرعا
تضع	تضع
تطغوا	تطغوا
تطلع	تطلع
تظلم	تظلم
تظهرون	تظهرون
تعبد	تعبد
تعتدوا	تعتدوا
تعتذروا	تعتذروا
تعجبك	تعجبك
تعجل	تعجل
تعدوا	تعدوا
تعفوا	تعفوا
تعلنون	تعلنون
تعلى	تعلى
تغفر	تغفر
تفرقوا	تفرقوا
تقدير	تقدير
تقر	تقر
تقطع	تقطع
تقلب	تقلب
تقيا	تقيا
تكاد	تكاد
تكرهوا	تكرهوا
تكسب	تكسب
تلقف	تلقف
تمتعوا	تمتعوا
تمسوها	تمسوها
تمسوهن	تمسوهن
تمنى	تمنى
تميد	تميد
تنبت	تنبت
تنته	تنته
تنصرون	تنصرون
تنفع	تنفع
تهدى	تهدى
تهنوا	تهنوا
توابا	توابا
ثمره	ثمره
ثمنية	ثمنية
جئنك	جئنك
جاءنى	جاءنى
جاءوكم	جاءوكم
جاءوها	جاءوها
جامع	جامع
جبار	جبار
جبارا	جبارا
جبل	جبل
جزؤا	جزؤا
جزؤه	جزؤه
جعلنك	جعلنك
جعلنها	جعلنها
جعلوا	جعلوا
جمعا	جمعا
جميع	جميع
جنتان	جنتان
جهرة	جهرة
حاجة	حاجة
حجة	حجة
حرما	حرما
حسب	حسب
حسبتم	حسبتم
حسبنا	حسبنا
حسن	حسن
حشرين	حشرين
حطما	حطما
حظا	حظا
حفظين	حفظين
حفيظا	حفيظا
حقه	حقه
حكم	حكم
حلية	حلية
حليما	حليما
حمإ	حمإ
حملته	حملته
حميما	حميما
حولها	حولها
حياتنا	حياتنا
خاب	خاب
خذ	خذ
خزنتها	خزنتها
خسارا	خسارا
خشعين	خشعين
خشى	خشى
خطا	خطا
خلدا	خلدا
خلفاء	خلفاء
خلقنهم	خلقنهم
خليلا	خليلا
خيفة	خيفة
دائرة	دائرة
دبر	دبر
دخلت	دخلت
دخلتم	دخلتم
دكا	دكا
دمت	دمت
دوني	دونى
ذائقة	ذائقة
رأسه	رأسه
رأى	رأى
ربهما	ربهما
رجز	رجز
رجزا	رجزا
ردوا	ردوا
رزقها	رزقها
رضون	رضون
رغدا	رغدا
روح	روح
روحنا	روحنا
زادهم	زادهم
زرعا	زرعا
زينتهن	زينتهن
سبعة	سبعة
سبيلي	سبيلى
ستجدنى	ستجدنى
سجيل	سجيل
سخروا	سخروا
سخريا	سخريا
سدا	سدا
سعى	سعى
سكينته	سكينته
سمعهم	سمعهم
سميتموها	سميتموها
سنت	سنت
سندس	سندس
سولت	سولت
سيعلمون	سيعلمون
سيهدين	سيهدين
شأن	شأن
شئت	شئت
شاعر	شاعر
شاكرا	شاكرا
شاهد	شاهد
شجر	شجر
شرك	شرك
شركاءكم	شركاءكم
شركائكم	شركائكم
شريك	شريك
شطر	شطر
شعئر	شعئر
شقيا	شقيا
شكورا	شكورا
شهدا	شهدا
شيعته	شيعته
صحف	صحف
صدره	صدره
صعقة	صعقة
صم	صم
ضراء	ضراء
ضربتم	ضربتم
ضربنا	ضربنا
ضربوا	ضربوا
ضره	ضره
ضعفين	ضعفين
طاعة	طاعة
طبع	طبع
طلعها	طلعها
طيرا	طيرا
ظالمة	ظالمة
ظل	ظل
ظلمنهم	ظلمنهم
ظلمهم	ظلمهم
ظنا	ظنا
عاصم	عاصم
عاما	عاما
عبادته	عبادته
عدد	عدد
عددا	عددا
عدنا	عدنا
عذابه	عذابه
عروشها	عروشها
عصاك	عصاك
عصاه	عصاه
عصبة	عصبة
عصوا	عصوا
عقبيه	عقبيه
عقدة	عقدة
عليا	عليا
عمد	عمد
عمرن	عمرن
عملكم	عملكم
عملون	عملون
عندكم	عندكم
عندها	عندها
عنيد	عنيد
عهدهم	عهدهم
غالب	غالب
غل	غل
غلبت	غلبت
غليظا	غليظا
غنيا	غنيا
فأبى	فأبى
فأتبعه	فأتبعه
فأتنا	فأتنا
فأحبط	فأحبط
فأخذنه	فأخذنه
فأخرج	فأخرج
فأسر	فأسر
فأصلحوا	فأصلحوا
فأعرضوا	فأعرضوا
فأغرقنهم	فأغرقنهم
فأقيموا	فأقيموا
فألقوا	فألقوا
فأمسكوهن	فأمسكوهن
فأنزل	فأنزل
فأنزلنا	فأنزلنا
فأهلكنهم	فأهلكنهم
فأوحى	فأوحى
فأولى	فأولى
فإخونكم	فإخونكم
فإنها	فإنها
فاتبعوه	فٱتبعوه
فاتكم	فاتكم
فاجعل	فٱجعل
فاستبقوا	فٱستبقوا
فاستجاب	فٱستجاب
فاعبدون	فٱعبدون
فاعلم	فٱعلم
فانتظروا	فٱنتظروا
فانطلقا	فٱنطلقا
فبشره	فبشره
فبشرهم	فبشرهم
فتبينوا	فتبينوا
فتحرير	فتحرير
فتول	فتول
فتيلا	فتيلا
فجعلنه	فجعلنه
فجعله	فجعله
فخذ	فخذ
فخرج	فخرج
فخور	فخور
فدية	فدية
فذلك	فذلك
فرارا	فرارا
فراغ	فراغ
فرحوا	فرحوا
فرحون	فرحون
فردا	فردا
فسادا	فسادا
فسبحن	فسبحن
فستعلمون	فستعلمون
فصدوا	فصدوا
فصلنا	فصلنا
فضلوا	فضلوا
فطرنى	فطرنى
فعقروها	فعقروها
فعلت	فعلت
فعليها	فعليها
ففى	ففى
فقتلوا	فقتلوا
فقولا	فقولا
فكأنما	فكأنما
فكفروا	فكفروا
فكهين	فكهين
فلكم	فلكم
فلها	فلها
فلو	فلو
فماذا	فماذا
فنجينه	فنجينه
فهدى	فهدى
فوزا	فوزا
فوقها	فوقها
فول	فول
فيأخذكم	فيأخذكم
فينبئهم	فينبئهم
قائل	قائل
قائم	قائم
قبلة	قبلة
قبلي	قبلى
قتلت	قتلت
قتلتم	قتلتم
قدروا	قدروا
قرآن	قرءان
قصرت	قصرت
قضيت	قضيت
قلبك	قلبك
قيلا	قيلا
كأنما	كأنما
كأنها	كأنها
كاتب	كاتب
كافر	كافر
كالمهل	كٱلمهل
كانتا	كانتا
كتاب	كتاب
كدأب	كدأب
كذبوك	كذبوك
كذبين	كذبين
كسب	كسب
كسبتم	كسبتم
كظيم	كظيم
كفره	كفره
كلبهم	كلبهم
كلهم	كلهم
كنز	كنز
كيدهم	كيدهم
كيل	كيل
لأجرا	لأجرا
لأنفسهم	لأنفسهم
لأهله	لأهله
لئلا	لئلا
لباس	لباس
لباسا	لباسا
لتؤمنوا	لتؤمنوا
لتعلموا	لتعلموا
لتكون	لتكون
لجهنم	لجهنم
لحفظون	لحفظون
لحكم	لحكم
لخسرون	لخسرون
لذكرى	لذكرى
لذنبك	لذنبك
لعب	لعب
لعباده	لعباده
لعل	لعل
لعله	لعله
لعنت	لعنت
لغوا	لغوا
لقالوا	لقالوا
لقدرون	لقدرون
لقول	لقول
لقوى	لقوى
لقيتم	لقيتم
لكلمت	لكلمت
للإيمن	للإيمن
للبشر	للبشر
للدين	للدين
للشربين	للشربين
للفقراء	للفقراء
للقوم	للقوم
للنظرين	للنظرين
لمجنون	لمجنون
لنبى	لنبى
لنرىك	لنرىك
لنفس	لنفس
لهوا	لهوا
لوقع	لوقع
ليبين	ليبين
ليجعل	ليجعل
ليذكروا	ليذكروا
ليسوا	ليسوا
ليظلمهم	ليظلمهم
ليظهره	ليظهره
ليقضى	ليقضى
ليكفروا	ليكفروا
ليكون	ليكون
مؤمنت	مؤمنت
ماتوا	ماتوا
مبارك	مبارك
مباركا	مباركا
مبدل	مبدل
مبركة	مبركة
مبصرا	مبصرا
مبصرة	مبصرة
مبلسون	مبلسون
مبينة	مبينة
مبينت	مبينت
مت	مت
متشبها	متشبها
مثنى	مثنى
مخرج	مخرج
مدحورا	مدحورا
مدخلا	مدخلا
مدرارا	مدرارا
مرفوعة	مرفوعة
مروا	مروا
مريضا	مريضا
مستهم	مستهم
مسحورا	مسحورا
مسخرت	مسخرت
مسكينا	مسكينا
مسنون	مسنون
مشفقين	مشفقين
مصر	مصر
مصفرا	مصفرا
مصيرا	مصيرا
مطرا	مطرا
معتد	معتد
معدودة	معدودة
معدودت	معدودت
معين	معين
مغانم	مغانم
مغرقون	مغرقون
مقتا	مقتا
مقعد	مقعد
مكانه	مكانه
مكرمون	مكرمون
مكروا	مكروا
مكنا	مكنا
مكنهم	مكنهم
مكنون	مكنون
ملقوا	ملقوا
ملكه	ملكه
منتظرون	منتظرون
منتقمون	منتقمون
منذرين	منذرين
منعك	منعك
مهتدين	مهتدين
مهدا	مهدا
مهطعين	مهطعين
مهلك	مهلك
مواضعه	مواضعه
موعظة	موعظة
ميت	ميت
ميثقا	ميثقا
نؤته	نؤته
نبعث	نبعث
نتلوها	نتلوها
نتوفينك	نتوفينك
نحى	نحى
نذقه	نذقه
نزغ	نزغ
نساءكم	نساءكم
نساءهم	نساءهم
نسائهم	نسائهم
نسيا	نسيا
نسيت	نسيت
نشأ	نشأ
نشرك	نشرك
نشورا	نشورا
نصرا	نصرا
نصركم	نصركم
نصرهم	نصرهم
نصف	نصف
نصيبهم	نصيبهم
نضيع	نضيع
نظر	نظر
نفخ	نفخ
نفرق	نفرق
نفعل	نفعل
نكرا	نكرا
نكلف	نكلف
نوره	نوره
هدينا	هدينا
هود	هود
وآباءهم	وءاباءهم
وآباؤنا	وءاباؤنا
وآتى	وءاتى
وآخر	وءاخر
وآخرين	وءاخرين
وآل	وءال
وأخاه	وأخاه
وأخذنا	وأخذنا
وأخرى	وأخرى
وأدخل	وأدخل
وأرسلنا	وأرسلنا
وأشد	وأشد
وأعلم	وأعلم
وأقم	وأقم
وأقوم	وأقوم
وأكلهم	وأكلهم
وأكواب	وأكواب
وأملى	وأملى
وأمولهم	وأمولهم
وأنبتنا	وأنبتنا
وأنذر	وأنذر
وأنهر	وأنهر
وأهلك	وأهلك
وأورثنا	وأورثنا
وأولدكم	وأولدكم
وأيوب	وأيوب
وإثما	وإثما
وإستبرق	وإستبرق
وإليك	وإليك
وإلينا	وإلينا
وإنكم	وإنكم
وإنما	وإنما
وإيى	وإيى
وابتغوا	وٱبتغوا
وابل	وابل
واخفض	وٱخفض
وادخلوا	وٱدخلوا
وارحمنا	وٱرحمنا
واستغفروا	وٱستغفروا
واستكبر	وٱستكبر
واصبروا	وٱصبروا
واصطبر	وٱصطبر
واضرب	وٱضرب
واعبدوا	وٱعبدوا
واق	واق
واقتلوهم	وٱقتلوهم
واقع	واقع
والآصال	وٱلءاصال
والأقربون	وٱلأقربون
والأقربين	وٱلأقربين
والأمر	وٱلأمر
والأولى	وٱلأولى
والجن	وٱلجن
والحكم	وٱلحكم
والسلوى	وٱلسلوى
والسموت	وٱلسموت
والشهداء	وٱلشهداء
والصلوة	وٱلصلوة
والعقبة	وٱلعقبة
والكفرون	وٱلكفرون
والمحصنت	وٱلمحصنت
والمنكر	وٱلمنكر
والمهجرين	وٱلمهجرين
والميسر	وٱلميسر
والنبوة	وٱلنبوة
والنبين	وٱلنبين
والنجوم	وٱلنجوم
والنخل	وٱلنخل
والنور	وٱلنور
والهدى	وٱلهدى
وانظر	وٱنظر
وبث	وبث
وبطل	وبطل
وبينه	وبينه
وتذرون	وتذرون
وتكون	وتكون
وتمت	وتمت
وثمودا	وثمودا
وجئنا	وجئنا
وجاءت	وجاءت
وجاءهم	وجاءهم
وجاءو	وجاءو
وجعلنه	وجعلنه
وجعلنها	وجعلنها
وخير	وخير
ودخل	ودخل
ودوا	ودوا
ودين	ودين
وذا	وذا
وذريتهم	وذريتهم
وذوقوا	وذوقوا
ورأوا	ورأوا
ورائهم	ورائهم
وربنا	وربنا
وربي	وربى
ورزقكم	ورزقكم
ورزقنهم	ورزقنهم
ورضونا	ورضونا
ورفع	ورفع
وزينتها	وزينتها
وساء	وساء
وسلطن	وسلطن
وسلم	وسلم
وشهدوا	وشهدوا
وطائفة	وطائفة
وظن	وظن
وعليها	وعليها
وعند	وعند
وعنده	وعنده
وعندهم	وعندهم
وعيد	وعيد
وغرتهم	وغرتهم
وفجرنا	وفجرنا
وفريقا	وفريقا
وفكهة	وفكهة
وفيها	وفيها
وقدر	وقدر
وقرآن	وقرءان
وقفينا	وقفينا
وقلبه	وقلبه
وقلوبهم	وقلوبهم
وقليل	وقليل
وقولهم	وقولهم
وكتبه	وكتبه
وكفر	وكفر
وكن	وكن
ولعبا	ولعبا
ولعلهم	ولعلهم
ولكنا	ولكنا
وللرسول	وللرسول
ولنجزينهم	ولنجزينهم
ولهو	ولهو
وليعلمن	وليعلمن
ومأوىه	ومأوىه
ومبشرا	ومبشرا
ومتع	ومتع
ومتعا	ومتعا
ومثل	ومثل
ومثله	ومثله
ومثلهم	ومثلهم
ومسكن	ومسكن
ومكر	ومكر
ومكروا	ومكروا
ومنفع	ومنفع
ونجنى	ونجنى
ونزعنا	ونزعنا
ونزلنا	ونزلنا
ونكون	ونكون
ونوحا	ونوحا
وهب	وهب
وهل	وهل
ووجد	ووجد
ووصينا	ووصينا
ووضع	ووضع
وويل	وويل
ويأت	ويأت
ويبغونها	ويبغونها
ويتوب	ويتوب
ويثبت	ويثبت
ويجعلون	ويجعلون
ويحسبون	ويحسبون
ويحق	ويحق
ويحل	ويحل
ويخافون	ويخافون
ويخرج	ويخرج
ويذرون	ويذرون
ويريد	ويريد
ويريدون	ويريدون
ويزكيهم	ويزكيهم
ويستحيون	ويستحيون
ويستعجلونك	ويستعجلونك
ويعفوا	ويعفوا
ويعلمكم	ويعلمكم
ويعلمهم	ويعلمهم
ويكفر	ويكفر
ويكون	ويكون
يأتهم	يأتهم
يأتينكم	يأتينكم
يأذن	يأذن
يأمرون	يأمرون
يؤخرهم	يؤخرهم
يبخل	يبخل
يبخلون	يبخلون
يبدئ	يبدئ
يبعثهم	يبعثهم
يبيتون	يبيتون
يتبين	يتبين
يتخذوا	يتخذوا
يتقبل	يتقبل
يتم	يتم
يتوبون	يتوبون
يتوكل	يتوكل
يتولهم	يتولهم
يتولى	يتولى
يجحد	يجحد
يجرمنكم	يجرمنكم
يجزون	يجزون
يجعله	يجعله
يجمع	يجمع
يجمعون	يجمعون
يحافظون	يحافظون
يحرفون	يحرفون
يحسبن	يحسبن
يحشرون	يحشرون
يحمل	يحمل
يخدعون	يخدعون
يخرجكم	يخرجكم
يخرصون	يخرصون
يخزيه	يخزيه
يخسف	يخسف
يخفون	يخفون
يد	يد
يداه	يداه
يدخلونها	يدخلونها
يدريك	يدريك
يدع	يدع
يده	يده
يرتد	يرتد
يردوكم	يردوكم
يرمون	يرمون
يره	يره
يريكم	يريكم
يزال	يزال
يستعتبون	يستعتبون
يستعجلون	يستعجلون
يستقدمون	يستقدمون
يستمع	يستمع
يستون	يستون
يسجد	يسجد
يسلك	يسلك
يسومونكم	يسومونكم
يشعيب	يشعيب
يشفع	يشفع
يشكر	يشكر
يصدفون	يصدفون
يصلى	يصلى
يصيبهم	يصيبهم
يضحكون	يضحكون
يضربون	يضربون
يضركم	يضركم
يضرهم	يضرهم
يضروا	يضروا
يضعن	يضعن
يضلون	يضلون
يطبع	يطبع
يظهرون	يظهرون
يعباد	يعباد
يعتدون	يعتدون
يعدهم	يعدهم
يعذب	يعذب
يعرج	يعرج
يعرض	يعرض
يعرضون	يعرضون
يعص	يعص
يعلمهم	يعلمهم
يفترى	يفترى
يفتنون	يفتنون
يفسدون	يفسدون
يفقهوه	يفقهوه
يقال	يقال
يقدرون	يقدرون
يقيما	يقيما
يكادون	يكادون
يكذبوك	يكذبوك
يكفروا	يكفروا
يكلمهم	يكلمهم
يلبثوا	يلبثوا
يلج	يلج
يلحدون	يلحدون
يلقوا	يلقوا
يلقون	يلقون
يلقىها	يلقىها
يليت	يليت
يمسسك	يمسسك
يمسك	يمسك
يمعشر	يمعشر
يمينك	يمينك
ينبئهم	ينبئهم
ينصره	ينصره
ينطق	ينطق
ينفعنا	ينفعنا
ينهون	ينهون
يهاجروا	يهاجروا
يهتدى	يهتدى
يهديهم	يهديهم
يوزعون	يوزعون
يوصل	يوصل
يومين	يومين
يويلتى	يويلتى
ءأنت	ءأنت
ءأنذرتهم	ءأنذرتهم
آبائنا	ءابائنا
آبائهن	ءابائهن
آتونى	ءاتونى
آتىه	ءاتىه
آتىهما	ءاتىهما
آتية	ءاتية
آتيت	ءاتيت
آتيك	ءاتيك
آتينك	ءاتينك
آلذكرين	ءالذكرين
آلف	ءالف
آلله	ءالله
آلن	ءالن
آلهتهم	ءالهتهم
آمنون	ءامنون
آناء	ءاناء
آووا	ءاووا
آياتنا	ءاياتنا
أءنك	أءنك
أئن	أئن
أئنا	أئنا
أبا	أبا
أبرح	أبرح
أبصرنا	أبصرنا
أبعث	أبعث
أبلغ	أبلغ
أبلغكم	أبلغكم
أبنائهن	أبنائهن
أبواه	أبواه
أبوبا	أبوبا
أبوهم	أبوهم
أبويه	أبويه
أتخذ	أتخذ
أترابا	أترابا
أتريدون	أتريدون
أتعبدون	أتعبدون
أتعلمون	أتعلمون
أتينا	أتينا
أتينهم	أتينهم
أثثا	أثثا
أثر	أثر
أثقالهم	أثقالهم
أثمر	أثمر
أجاج	أجاج
أجبتم	أجبتم
أجعل	أجعل
أجلت	أجلت
أجله	أجله
أجوركم	أجوركم
أحاديث	أحاديث
أحببت	أحببت
أحسنتم	أحسنتم
أحصنت	أحصنت
أحصينه	أحصينه
أحلت	أحلت
أحلم	أحلم
أحياها	أحياها
أخ	أخ
أخانا	أخانا
أخباركم	أخباركم
أخت	أخت
أختها	أختها
أخدان	أخدان
أخذت	أخذت
أخذته	أخذته
أخذنهم	أخذنهم
أخر	أخر
أخرنا	أخرنا
أخوتهن	أخوتهن
أدعوكم	أدعوكم
أذقنه	أذقنه
أذلك	أذلك
أرءيتكم	أرءيتكم
أرادنى	أرادنى
أرجه	أرجه
أرحام	أرحام
أرحامكم	أرحامكم
أرذل	أرذل
أرسله	أرسله
أرنا	أرنا
أرنى	أرنى
أرىك	أرىك
أرىنى	أرىنى
أزوجك	أزوجك
أزوجنا	أزوجنا
أزوجه	أزوجه
أساء	أساء
أسرع	أسرع
أسلحتكم	أسلحتكم
أسلمت	أسلمت
أسمع	أسمع
أسوأ	أسوأ
أسوا	أسوا
أشتاتا	أشتاتا
أشحة	أشحة
أشدكم	أشدكم
أشر	أشر
أشركتم	أشركتم
أشق	أشق
أشكر	أشكر
أشهد	أشهد
أصبتكم	أصبتكم
أصبتهم	أصبتهم
أصبعهم	أصبعهم
أصدق	أصدق
أصغر	أصغر
أصناما	أصناما
أضغث	أضغث
أطرافها	أطرافها
أطعنا	أطعنا
أطلع	أطلع
أطهر	أطهر
أعجاز	أعجاز
أعجبتكم	أعجبتكم
أعجبك	أعجبك
أعذبه	أعذبه
أعزة	أعزة
أعطى	أعطى
أعظم	أعظم
أعنب	أعنب
أعيدوا	أعيدوا
أعينكم	أعينكم
أغويتنى	أغويتنى
أفأمن	أفأمن
أفأمنوا	أفأمنوا
أفإين	أفإين
أفاك	أفاك
أفبالبطل	أفبٱلبطل
أفبعذابنا	أفبعذابنا
أفتونى	أفتونى
أفدة	أفدة
أفدتهم	أفدتهم
أفضتم	أفضتم
أفل	أفل
أفهم	أفهم
أفواجا	أفواجا
أفي	أفى
أفيضوا	أفيضوا
أقاموا	أقاموا
أقريب	أقريب
أقسط	أقسط
أقسمتم	أقسمتم
أقسموا	أقسموا
أقصا	أقصا
أقيموا	أقيموا
أكثركم	أكثركم
أكل	أكل
أكله	أكله
ألسنتكم	ألسنتكم
ألق	ألق
ألونها	ألونها
أماني	أمانى
أمتكم	أمتكم
أمثالكم	أمثالكم
أمثلكم	أمثلكم
أمدكم	أمدكم
أمما	أمما
أمنة	أمنة
أمنتكم	أمنتكم
أموتا	أموتا
أمولا	أمولا
أمولنا	أمولنا
أنبؤا	أنبؤا
أنبياء	أنبياء
أنجينا	أنجينا
أنجينكم	أنجينكم
أنشأ	أنشأ
أنصارى	أنصارى
أنعما	أنعما
أنفسنا	أنفسنا
أنفسهن	أنفسهن
أنفق	أنفق
أنهرا	أنهرا
أنهما	أنهما
أنيب	أنيب
أهذا	أهذا
أهلنا	أهلنا
أهلي	أهلى
أوآباؤنا	أوءاباؤنا
أوتيته	أوتيته
أوثنا	أوثنا
أورثتموها	أورثتموها
أوزارهم	أوزارهم
أوزعنى	أوزعنى
أوعجبتم	أوعجبتم
أولاء	أولاء
أولدهن	أولدهن
أولياءه	أولياءه
أولياؤهم	أولياؤهم
أوليس	أوليس
أومن	أومن
أيدى	أيدى
أيدينا	أيدينا
أيمنهن	أيمنهن
أيه	أيه
إخونا	إخونا
إصلحا	إصلحا
إصلحها	إصلحها
إفكهم	إفكهم
إلهك	إلهك
إلهه	إلهه
إلهين	إلهين
إليهن	إليهن
إملق	إملق
إياكم	إياكم
إيانا	إيانا
إيمنه	إيمنه
ائت	ٱئت
ائتوا	ٱئتوا
ابتغى	ٱبتغى
ابتلى	ٱبتلى
ابتلىه	ٱبتلىه
ابنوا	ٱبنوا
ابني	ٱبنى
اتق	ٱتق
اثنتا	ٱثنتا
اجتنبوا	ٱجتنبوا
اجعلنى	ٱجعلنى
احكم	ٱحكم
اخرج	ٱخرج
ادخلوها	ٱدخلوها
ادفع	ٱدفع
اذهبا	ٱذهبا
اذهبوا	ٱذهبوا
ارتبتم	ٱرتبتم
اركعوا	ٱركعوا
ازدادوا	ٱزدادوا
استجيبوا	ٱستجيبوا
استحبوا	ٱستحبوا
استعينوا	ٱستعينوا
استغفر	ٱستغفر
استغنى	ٱستغنى
استكانوا	ٱستكانوا
استكبارا	ٱستكبارا
استمتع	ٱستمتع
استمسك	ٱستمسك
استيسر	ٱستيسر
اسكن	ٱسكن
اسكنوا	ٱسكنوا
اشترىه	ٱشترىه
اشتملت	ٱشتملت
اشكر	ٱشكر
اصلوها	ٱصلوها
افتريته	ٱفتريته
اقتتلوا	ٱقتتلوا
اقترب	ٱقترب
اكتسبوا	ٱكتسبوا
الآزفة	ٱلءازفة
الأبوب	ٱلأبوب
الأخسرون	ٱلأخسرون
الأخيار	ٱلأخيار
الأدبار	ٱلأدبار
الأدنى	ٱلأدنى
الأزوج	ٱلأزوج
الأسبب	ٱلأسبب
الأسفلين	ٱلأسفلين
الأسواق	ٱلأسواق
الأشقى	ٱلأشقى
الأشهد	ٱلأشهد
الأصفاد	ٱلأصفاد
الأعراف	ٱلأعراف
الأعرج	ٱلأعرج
الأعلون	ٱلأعلون
الأعين	ٱلأعين
الأكمه	ٱلأكمه
الأمن	ٱلأمن
الأمي	ٱلأمى
الأنباء	ٱلأنباء
الأنثى	ٱلأنثى
الأنفال	ٱلأنفال
الأوتاد	ٱلأوتاد
الأول	ٱلأول
الأيام	ٱلأيام
الأيكة	ٱلأيكة
الإبل	ٱلإبل
الإحسن	ٱلإحسن
البأس	ٱلبأس
البأساء	ٱلبأساء
الباقين	ٱلباقين
البحار	ٱلبحار
البرية	ٱلبرية
البشر	ٱلبشر
البنات	ٱلبنات
البنت	ٱلبنت
البنون	ٱلبنون
البينة	ٱلبينة
التابوت	ٱلتابوت
التنور	ٱلتنور
الثلث	ٱلثلث
الثواب	ٱلثواب
الجب	ٱلجب
الجبل	ٱلجبل
الجلل	ٱلجلل
الجنتين	ٱلجنتين
الجهلون	ٱلجهلون
الحرب	ٱلحرب
الحزن	ٱلحزن
الحطمة	ٱلحطمة
الحلم	ٱلحلم
الحناجر	ٱلحناجر
الخائنين	ٱلخائنين
الخبئث	ٱلخبئث
الخسران	ٱلخسران
الخصام	ٱلخصام
الخطاب	ٱلخطاب
الخلقون	ٱلخلقون
الخلقين	ٱلخلقين
الخوالف	ٱلخوالف
الخيرة	ٱلخيرة
الخيط	ٱلخيط
الدرجت	ٱلدرجت
الدمع	ٱلدمع
الدهر	ٱلدهر
الدواب	ٱلدواب
الذلة	ٱلذلة
الذنوب	ٱلذنوب
الذهب	ٱلذهب
الربع	ٱلربع
الرجيم	ٱلرجيم
الرس	ٱلرس
الرشاد	ٱلرشاد
الركعين	ٱلركعين
الزبر	ٱلزبر
الزقوم	ٱلزقوم
الزوجين	ٱلزوجين
الزور	ٱلزور
الساحر	ٱلساحر
السامرى	ٱلسامرى
السحاب	ٱلسحاب
السحت	ٱلسحت
السر	ٱلسر
السكينة	ٱلسكينة
السموم	ٱلسموم
السنين	ٱلسنين
السيئ	ٱلسيئ
الشجر	ٱلشجر
الشديد	ٱلشديد
الشهداء	ٱلشهداء
الشهدة	ٱلشهدة
الصبح	ٱلصبح
الصبرون	ٱلصبرون
الصدقون	ٱلصدقون
الصغرين	ٱلصغرين
الصوعق	ٱلصوعق
الضعفؤا	ٱلضعفؤا
الطلق	ٱلطلق
الطوفان	ٱلطوفان
الطول	ٱلطول
الظالم	ٱلظالم
العادون	ٱلعادون
العباد	ٱلعباد
العبد	ٱلعبد
العتيق	ٱلعتيق
العدة	ٱلعدة
العفو	ٱلعفو
العنكبوت	ٱلعنكبوت
العهد	ٱلعهد
العير	ٱلعير
الغائط	ٱلغائط
الغاوين	ٱلغاوين
الغفلون	ٱلغفلون
الغفلين	ٱلغفلين
الغمام	ٱلغمام
الغيث	ٱلغيث
الفجار	ٱلفجار
الفحشاء	ٱلفحشاء
الفردوس	ٱلفردوس
الفوحش	ٱلفوحش
القاهر	ٱلقاهر
القدوس	ٱلقدوس
القديم	ٱلقديم
القسطون	ٱلقسطون
القصاص	ٱلقصاص
القواعد	ٱلقواعد
الكافر	ٱلكافر
الكبرياء	ٱلكبرياء
الكعبة	ٱلكعبة
الكفل	ٱلكفل
الكواكب	ٱلكواكب
اللؤلؤ	ٱللؤلؤ
اللطيف	ٱللطيف
اللغو	ٱللغو
المثل	ٱلمثل
المجيد	ٱلمجيد
المحضرين	ٱلمحضرين
المريض	ٱلمريض
المستعان	ٱلمستعان
المسحرين	ٱلمسحرين
المشرقين	ٱلمشرقين
المصدقين	ٱلمصدقين
المصلحين	ٱلمصلحين
المصلين	ٱلمصلين
المضاجع	ٱلمضاجع
المعلوم	ٱلمعلوم
المغفرة	ٱلمغفرة
المقدس	ٱلمقدس
المكر	ٱلمكر
المكرمين	ٱلمكرمين
المكرين	ٱلمكرين
المكيال	ٱلمكيال
الملإ	ٱلملإ
المنتهى	ٱلمنتهى
المنزلين	ٱلمنزلين
المنير	ٱلمنير
المهتد	ٱلمهتد
المهتدين	ٱلمهتدين
المهجرين	ٱلمهجرين
المهين	ٱلمهين
الموج	ٱلموج
النبوة	ٱلنبوة
النبيون	ٱلنبيون
النخل	ٱلنخل
النخلة	ٱلنخلة
الندامة	ٱلندامة
النذير	ٱلنذير
النشور	ٱلنشور
النصير	ٱلنصير
النمل	ٱلنمل
النهي	ٱلنهى
الواقعة	ٱلواقعة
الوثقى	ٱلوثقى
الوجوه	ٱلوجوه
الودق	ٱلودق
الورثون	ٱلورثون
الوسيلة	ٱلوسيلة
الوصية	ٱلوصية
الوعيد	ٱلوعيد
الوقت	ٱلوقت
الولدن	ٱلولدن
الولي	ٱلولى
الى	ٱلى
امرأتك	ٱمرأتك
امرأتي	ٱمرأتى
امكثوا	ٱمكثوا
انشقت	ٱنشقت
انطلقوا	ٱنطلقوا
انقلبتم	ٱنقلبتم
اهتزت	ٱهتزت
بأربعة	بأربعة
بأسا	بأسا
بأسكم	بأسكم
بأسمائهم	بأسمائهم
بأعلم	بأعلم
بألسنتهم	بألسنتهم
بأمر	بأمر
بأمرنا	بأمرنا
بأمول	بأمول
بأنا	بأنا
بأنعم	بأنعم
بأنفسهن	بأنفسهن
بأنه	بأنه
بأهله	بأهله
بأى	بأى
بأيديكم	بأيديكم
بإسحق	بإسحق
باء	باء
بابا	بابا
بابائنا	بابائنا
بارئكم	بارئكم
بارد	بارد
باقية	باقية
بالآيت	بٱلءايت
بالأفق	بٱلأفق
بالأنثى	بٱلأنثى
بالبأساء	بٱلبأساء
بالبخل	بٱلبخل
بالبر	بٱلبر
بالبشرى	بٱلبشرى
بالبنين	بٱلبنين
بالحكمة	بٱلحكمة
بالخير	بٱلخير
بالساعة	بٱلساعة
بالشر	بٱلشر
بالصدق	بٱلصدق
بالصلحين	بٱلصلحين
بالعدوة	بٱلعدوة
بالعراء	بٱلعراء
بالعروة	بٱلعروة
بالغدوة	بٱلغدوة
بالقرآن	بٱلقرءان
بالقسطاس	بٱلقسطاس
بالمتقين	بٱلمتقين
بالمجرمين	بٱلمجرمين
بالمفسدين	بٱلمفسدين
بالمودة	بٱلمودة
بالنفس	بٱلنفس
بالنهار	بٱلنهار
بالهتنا	بالهتنا
بالهم	بالهم
باليمين	بٱليمين
باليوم	بٱليوم
ببعيد	ببعيد
ببنى	ببنى
ببينة	ببينة
بتأويل	بتأويل
بتابع	بتابع
بجانب	بجانب
بجانبه	بجانبه
بجنود	بجنود
بجهازهم	بجهازهم
بجهنم	بجهنم
بحبل	بحبل
بحفيظ	بحفيظ
بحور	بحور
بخبر	بخبر
بخرجين	بخرجين
بخع	بخع
بخلق	بخلق
بخلقهم	بخلقهم
بخلوا	بخلوا
بدا	بدا
بدت	بدت
بدله	بدله
بدلوا	بدلوا
بديع	بديع
بذنبهم	بذنبهم
بذنوب	بذنوب
براءة	براءة
بربنا	بربنا
برحمتك	برحمتك
برحمته	برحمته
بردا	بردا
برزخ	برزخ
برزوا	برزوا
بروجا	بروجا
بريح	بريح
بزعمهم	بزعمهم
بزينة	بزينة
بسط	بسط
بسورة	بسورة
بسيمىهم	بسيمىهم
بشركائهم	بشركائهم
بشير	بشير
بصيرة	بصيرة
بضع	بضع
بضعتهم	بضعتهم
بطارد	بطارد
بطشا	بطشا
بطشتم	بطشتم
بطلا	بطلا
بطن	بطن
بطنه	بطنه
بطونها	بطونها
بظلمهم	بظلمهم
بعبادتهم	بعبادتهم
بعثنهم	بعثنهم
بعجل	بعجل
بعدت	بعدت
بعشر	بعشر
بعهده	بعهده
بعولتهن	بعولتهن
بعير	بعير
بعيسى	بعيسى
بغى	بغى
بفكهة	بفكهة
بقرت	بقرت
بقطع	بقطع
بكلمة	بكلمة
بكلمت	بكلمت
بلد	بلد
بلسان	بلسان
بلسانك	بلسانك
بلغا	بلغا
بلغة	بلغة
بلغن	بلغن
بلغوا	بلغوا
بمبعوثين	بمبعوثين
بمثله	بمثله
بمجنون	بمجنون
بمسبوقين	بمسبوقين
بمصبيح	بمصبيح
بناتى	بناتى
بنبإ	بنبإ
بنعمت	بنعمت
بنوا	بنوا
بنىها	بنىها
بنينا	بنينا
بنينه	بنينه
بنينها	بنينها
بنينهم	بنينهم
بهيج	بهيج
بوأنا	بوأنا
بوجوهكم	بوجوهكم
بورا	بورا
بيتك	بيتك
بيد	بيد
بيدك	بيدك
بيض	بيض
بيمينك	بيمينك
بينك	بينك
بينها	بينها
بيوتكن	بيوتكن
بيوتهم	بيوتهم
تأتهم	تأتهم
تأتيكم	تأتيكم
تأخذوا	تأخذوا
تأخر	تأخر
تأذن	تأذن
تأس	تأس
تألمون	تألمون
تأمنه	تأمنه
تأويلا	تأويلا
تؤتى	تؤتى
تؤمر	تؤمر
تؤمرون	تؤمرون
تارة	تارة
تبتئس	تبتئس
تبتغوا	تبتغوا
تبتغى	تبتغى
تبتم	تبتم
تبد	تبد
تبدل	تبدل
تبديل	تبديل
تبرأ	تبرأ
تبرك	تبرك
تبطلوا	تبطلوا
تبعا	تبعا
تتبيرا	تتبيرا
تتقوا	تتقوا
تتوفىهم	تتوفىهم
تجدل	تجدل
تجدوه	تجدوه
تجعلنى	تجعلنى
تجلى	تجلى
تجهر	تجهر
تحاجون	تحاجون
تحزنون	تحزنون
تحزني	تحزنى
تحصوها	تحصوها
تحط	تحط
تحل	تحل
تحمله	تحمله
تحملون	تحملون
تحية	تحية
تحيتهم	تحيتهم
تخزون	تخزون
تخشوهم	تخشوهم
تخطبنى	تخطبنى
تخفون	تخفون
تدرسون	تدرسون
تدركه	تدركه
تدعونا	تدعونا
تدعوننى	تدعوننى
تدميرا	تدميرا
تذرن	تذرن
تذكر	تذكر
تذكروا	تذكروا
تراض	تراض
ترتيلا	ترتيلا
ترجف	ترجف
تردن	تردن
تردون	تردون
ترضوا	ترضوا
ترضى	ترضى
ترضىه	ترضىه
تركت	تركت
تركتم	تركتم
تركن	تركن
تركوا	تركوا
ترهقهم	ترهقهم
تروا	تروا
ترون	ترون
ترىنى	ترىنى
تزد	تزد
تسؤهم	تسؤهم
تسبق	تسبق
تستوي	تستوى
تسجد	تسجد
تسرفوا	تسرفوا
تسعة	تسعة
تسقى	تسقى
تسليما	تسليما
تسمعون	تسمعون
تشاءون	تشاءون
تشبه	تشبه
تشربون	تشربون
تشقق	تشقق
تصبك	تصبك
تصديق	تصديق
تصرفون	تصرفون
تصطلون	تصطلون
تصل	تصل
تضل	تضل
تضلوا	تضلوا
تطعهما	تطعهما
تطوع	تطوع
تظهرا	تظهرا
تعدون	تعدون
تعذبهم	تعذبهم
تعرف	تعرف
تعضلوهن	تعضلوهن
تعلوا	تعلوا
تعمى	تعمى
تعودوا	تعودوا
تغرنكم	تغرنكم
تغلوا	تغلوا
تفترون	تفترون
تفجيرا	تفجيرا
تفرحون	تفرحون
تفضيلا	تفضيلا
تفيض	تفيض
تفيضون	تفيضون
تقتلوهم	تقتلوهم
تقدروا	تقدروا
تقديرا	تقديرا
تقربا	تقربا
تقعدوا	تقعدوا
تقلبهم	تقلبهم
تقم	تقم
تقوموا	تقوموا
تقوى	تقوى
تقيكم	تقيكم
تكلف	تكلف
تكونا	تكونا
تلبسونها	تلبسونها
تلقاء	تلقاء
تلقى	تلقى
تمترون	تمترون
تمتع	تمتع
تمدن	تمدن
تمسنا	تمسنا
تمش	تمش
تمشى	تمشى
تملك	تملك
تملكون	تملكون
تمنوا	تمنوا
تمنون	تمنون
تموت	تموت
تموتن	تموتن
تمور	تمور
تميلوا	تميلوا
تنتهوا	تنتهوا
تنذر	تنذر
تنذرهم	تنذرهم
تنسى	تنسى
تنطقون	تنطقون
تنفروا	تنفروا
تنفقون	تنفقون
تنكحوهن	تنكحوهن
تهتدوا	تهتدوا
تهتز	تهتز
تواب	تواب
توبة	توبة
توفى	توفى
تولوهم	تولوهم
تيسر	تيسر
ثاني	ثانى
ثعبان	ثعبان
ثقفتموهم	ثقفتموهم
ثقفوا	ثقفوا
ثقيلا	ثقيلا
ثلة	ثلة
ثياب	ثياب
ثيابهم	ثيابهم
جئتم	جئتم
جئتمونا	جئتمونا
جئتنا	جئتنا
جئتهم	جئتهم
جاءها	جاءها
جاعل	جاعل
جبارين	جبارين
جثيا	جثيا
جحيم	جحيم
جدلا	جدلا
جديدا	جديدا
جزءا	جزءا
جزينهم	جزينهم
جعلنكم	جعلنكم
جعلنهم	جعلنهم
جلدة	جلدة
جلود	جلود
جلودهم	جلودهم
جميل	جميل
جنب	جنب
جنبا	جنبا
جنتك	جنتك
جنتين	جنتين
جنوبهم	جنوبهم
جهداك	جهداك
جهزهم	جهزهم
جوع	جوع
جيبك	جيبك
حاضرة	حاضرة
حامية	حامية
حب	حب
حبالهم	حبالهم
حبل	حبل
حبه	حبه
حج	حج
حجابا	حجابا
حجتهم	حجتهم
حجر	حجر
حدائق	حدائق
حديد	حديد
حذر	حذر
حذركم	حذركم
حرثكم	حرثكم
حرجا	حرجا
حرقوه	حرقوه
حرير	حرير
حسابه	حسابه
حسابيه	حسابيه
حسان	حسان
حسبانا	حسبانا
حسبك	حسبك
حسبهم	حسبهم
حسبي	حسبى
حسرة	حسرة
حسرت	حسرت
حسنت	حسنت
حش	حش
حشر	حشر
حصيدا	حصيدا
حطة	حطة
حفظون	حفظون
حملا	حملا
حملت	حملت
حملها	حملها
حملهن	حملهن
حنفاء	حنفاء
حول	حول
حولكم	حولكم
حولهم	حولهم
حي	حى
خائفا	خائفا
خائنة	خائنة
خبالا	خبالا
خبرا	خبرا
خبيثة	خبيثة
خذوه	خذوه
خر	خر
خرجا	خرجا
خرجت	خرجت
خردل	خردل
خروا	خروا
خسين	خسين
خشعا	خشعا
خصمان	خصمان
خصيم	خصيم
خضرا	خضرا
خطبكم	خطبكم
خطيكم	خطيكم
خطين	خطين
خطينا	خطينا
خلا	خلا
خلفك	خلفك
خلقتنى	خلقتنى
خلقك	خلقك
خلقهن	خلقهن
خلل	خلل
خلله	خلله
خللها	خللها
خليفة	خليفة
خمرا	خمرا
خمسة	خمسة
خمسين	خمسين
خوار	خوار
داعى	داعى
دافع	دافع
دامت	دامت
دانية	دانية
دخرون	دخرون
دخل	دخل
دخلا	دخلا
دعاكم	دعاكم
دعانا	دعانا
دعوتهم	دعوتهم
دفع	دفع
دمرنا	دمرنا
دونك	دونك
دونهما	دونهما
دينه	دينه
ديني	دينى
ذاقوا	ذاقوا
ذرأ	ذرأ
ذرأكم	ذرأكم
ذرعا	ذرعا
ذرهم	ذرهم
ذريتهما	ذريتهما
ذكرنا	ذكرنا
ذكره	ذكره
ذمة	ذمة
ذنب	ذنب
ذنوبهم	ذنوبهم
ذوا	ذوا
ذوى	ذوى
رءوس	رءوس
رءوسكم	رءوسكم
رءيى	رءيى
رآها	رءاها
رأفة	رأفة
رأوه	رأوه
رئاء	رئاء
رابعهم	رابعهم
ربا	ربا
رجالكم	رجالكم
رجع	رجع
رجعتم	رجعتم
رجعوا	رجعوا
رحبت	رحبت
ردت	ردت
ردوها	ردوها
رسالته	رسالته
رسولكم	رسولكم
رسولهم	رسولهم
رصدا	رصدا
رضونه	رضونه
رعون	رعون
رغبون	رغبون
رفع	رفع
رقيب	رقيب
رقيبا	رقيبا
رميت	رميت
رهقا	رهقا
روحي	روحى
رودته	رودته
زاغت	زاغت
زبر	زبر
زبورا	زبورا
زجرة	زجرة
زخرف	زخرف
زدنهم	زدنهم
زعيم	زعيم
زفير	زفير
زكوة	زكوة
زلفي	زلفى
زمرا	زمرا
سألتكم	سألتكم
سأوريكم	سأوريكم
سابق	سابق
سادسهم	سادسهم
سافلها	سافلها
ساهون	ساهون
ساوى	ساوى
سباتا	سباتا
سبحا	سبحا
سبعا	سبعا
سبعين	سبعين
سبقكم	سبقكم
سبقونا	سبقونا
سبل	سبل
سبلنا	سبلنا
سبيلك	سبيلك
سجين	سجين
سحاب	سحاب
سخرها	سخرها
سدر	سدر
سديدا	سديدا
سراجا	سراجا
سراحا	سراحا
سراعا	سراعا
سرق	سرق
سرمدا	سرمدا
سرهم	سرهم
سعة	سعة
سعته	سعته
سعيكم	سعيكم
سعيهم	سعيهم
سفاهة	سفاهة
سقفا	سقفا
سقيم	سقيم
سكري	سكرى
سكن	سكن
سكنا	سكنا
سللة	سللة
سليم	سليم
سمان	سمان
سمع	سمع
سمعا	سمعا
سمعتموه	سمعتموه
سمعكم	سمعكم
سمعه	سمعه
سميا	سميا
سنبلت	سنبلت
سندخلهم	سندخلهم
سنستدرجهم	سنستدرجهم
سنكتب	سنكتب
سنلقى	سنلقى
سنن	سنن
سوءة	سوءة
سويته	سويته
سيء	سىء
سياته	سياته
سيجزون	سيجزون
سيجزيهم	سيجزيهم
سيجعل	سيجعل
سيرت	سيرت
سيصيب	سيصيب
شئتما	شئتما
شاقوا	شاقوا
شتى	شتى
شح	شح
شداد	شداد
شرا	شرا
شرابا	شرابا
شرح	شرح
شركؤا	شركؤا
شركاؤهم	شركاؤهم
شركائهم	شركائهم
شطره	شطره
شططا	شططا
شفا	شفا
شفاء	شفاء
شفعاء	شفعاء
شفعتهم	شفعتهم
شكر	شكر
شكرتم	شكرتم
شنان	شنان
شهاب	شهاب
شهداءكم	شهداءكم
شهدت	شهدت
شهدوا	شهدوا
شهدين	شهدين
شهرا	شهرا
شهرين	شهرين
شهوة	شهوة
شهودا	شهودا
شيبا	شيبا
شيخا	شيخا
شيطنا	شيطنا
صابرا	صابرا
صاحبكم	صاحبكم
صبر	صبر
صبرتم	صبرتم
صبرنا	صبرنا
صبغة	صبغة
صبيا	صبيا
صحبة	صحبة
صحفا	صحفا
صدري	صدرى
صدقت	صدقت
صدقهم	صدقهم
صديقا	صديقا
صرحا	صرحا
صرصرا	صرصرا
صغرون	صغرون
صغيرا	صغيرا
صغيرة	صغيرة
صفت	صفت
صلوة	صلوة
صلى	صلى
صنوان	صنوان
صوركم	صوركم
صيد	صيد
ضالين	ضالين
ضحى	ضحى
ضحىها	ضحىها
ضرارا	ضرارا
ضربا	ضربا
ضللت	ضللت
ضللتهم	ضللتهم
ضيف	ضيف
ضيفي	ضيفى
ضيق	ضيق
ضيقا	ضيقا
طئركم	طئركم
طائفتان	طائفتان
طاغون	طاغون
طاقة	طاقة
طالوت	طالوت
طباقا	طباقا
طرائق	طرائق
طريا	طريا
طريق	طريق
طريقا	طريقا
طسم	طسم
طغين	طغين
طفلا	طفلا
طلقتموهن	طلقتموهن
طلقها	طلقها
طلوع	طلوع
طهورا	طهورا
طولا	طولا
طوى	طوى
طويلا	طويلا
ظالم	ظالم
ظالمي	ظالمى
ظلمتم	ظلمتم
ظلمه	ظلمه
ظلمونا	ظلمونا
ظنكم	ظنكم
ظننا	ظننا
ظهرا	ظهرا
ظهرة	ظهرة
ظهره	ظهره
ظهرين	ظهرين
ظهورها	ظهورها
ظهير	ظهير
عادا	عادا
عاصف	عاصف
عاقرا	عاقرا
عالية	عالية
عبادا	عبادا
عبدت	عبدت
عبس	عبس
عتوا	عتوا
عتيا	عتيا
عتيد	عتيد
عجاف	عجاف
عجل	عجل
عجلا	عجلا
عجوز	عجوز
عجوزا	عجوزا
عجيب	عجيب
عدا	عدا
عدوة	عدوة
عدوكم	عدوكم
عدون	عدون
عدوه	عدوه
عذابها	عذابها
عذب	عذب
عذت	عذت
عذرا	عذرا
عربي	عربى
عرش	عرش
عرضا	عرضا
عرضها	عرضها
عرفوا	عرفوا
عسر	عسر
عسيتم	عسيتم
عشرا	عشرا
عصيا	عصيا
عقيم	عقيم
عكفون	عكفون
عكفين	عكفين
علمنه	علمنه
علمين	علمين
عملهم	عملهم
عنتم	عنتم
عوج	عوج
عورت	عورت
عيشة	عيشة
عينان	عينان
عينها	عينها
عينيك	عينيك
غثاء	غثاء
غرف	غرف
غشوة	غشوة
غشيهم	غشيهم
غضبن	غضبن
غضبى	غضبى
غلف	غلف
غلما	غلما
غمرة	غمرة
غنمتم	غنمتم
غورا	غورا
غيبت	غيبت
غيري	غيرى
فأتبعهم	فأتبعهم
فأتىهم	فأتىهم
فأجره	فأجره
فأجمعوا	فأجمعوا
فأحسن	فأحسن
فأخاف	فأخاف
فأذن	فأذن
فأراد	فأراد
فأصابهم	فأصابهم
فأصبحتم	فأصبحتم
فأقبل	فأقبل
فأقم	فأقم
فألقوه	فألقوه
فأمليت	فأمليت
فأن	فأن
فأنبئكم	فأنبئكم
فأنت	فأنت
فأنسىهم	فأنسىهم
فأنظرنى	فأنظرنى
فأنه	فأنه
فأهلكوا	فأهلكوا
فأوجس	فأوجس
فأوحينا	فأوحينا
فأى	فأى
فؤادك	فؤادك
فإذ	فإذ
فإلينا	فإلينا
فإنكم	فإنكم
فإيى	فإيى
فئتين	فئتين
فابعثوا	فٱبعثوا
فاتبعوا	فٱتبعوا
فاتبعونى	فٱتبعونى
فاتوهن	فاتوهن
فاختلط	فٱختلط
فادخلوا	فٱدخلوا
فادع	فٱدع
فادعوا	فٱدعوا
فادعوه	فٱدعوه
فاذهب	فٱذهب
فارتقب	فٱرتقب
فارجعوا	فٱرجعوا
فارهبون	فٱرهبون
فاز	فاز
فاستغفر	فٱستغفر
فاستغفروا	فٱستغفروا
فاستفتهم	فٱستفتهم
فاستقيموا	فٱستقيموا
فاستمعوا	فٱستمعوا
فاستوى	فٱستوى
فاصبروا	فٱصبروا
فاصفح	فٱصفح
فاضرب	فٱضرب
فاعبد	فٱعبد
فاعبده	فٱعبده
فاعف	فٱعف
فاقتلوا	فٱقتلوا
فاقرءوا	فٱقرءوا
فاكتبنا	فٱكتبنا
فالق	فالق
فالنار	فٱلنار
فامسحوا	فٱمسحوا
فامن	فامن
فامنا	فامنا
فانتشروا	فٱنتشروا
فبإذن	فبإذن
فبدل	فبدل
فبعث	فبعث
فبعدا	فبعدا
فبلغن	فبلغن
فتبارك	فتبارك
فتثير	فتثير
فتح	فتح
فتحت	فتحت
فتراء	ٱفتراء
فترىه	فترىه
فتصبح	فتصبح
فتقبل	فتقبل
فتقعد	فتقعد
فتكونا	فتكونا
فتلقى	فتلقى
فتلك	فتلك
فتمتعوا	فتمتعوا
فتمنوا	فتمنوا
فتنتم	فتنتم
فتنقلبوا	فتنقلبوا
فتنوا	فتنوا
فتوكل	فتوكل
فتيتكم	فتيتكم
فتيمموا	فتيمموا
فجاءوهم	فجاءوهم
فجاجا	فجاجا
فجعل	فجعل
فجعلنها	فجعلنها
فجعلهم	فجعلهم
فجمع	فجمع
فحاق	فحاق
فخذوه	فخذوه
فخذوهم	فخذوهم
فخلف	فخلف
فخلقنا	فخلقنا
فدعا	فدعا
فدعوهم	فدعوهم
فذروها	فذروها
فرآه	فرءاه
فرات	فرات
فرجها	فرجها
فرح	فرح
فرضتم	فرضتم
فرطنا	فرطنا
فرقوا	فرقوا
فروجهم	فروجهم
فزادتهم	فزادتهم
فزادهم	فزادهم
فزع	فزع
فسبحه	فسبحه
فسجد	فسجد
فسقوا	فسقوا
فسلوا	فسلوا
فسنيسره	فسنيسره
فسوق	فسوق
فسوى	فسوى
فسوىها	فسوىها
فسيروا	فسيروا
فسيعلمون	فسيعلمون
فشربون	فشربون
فصبر	فصبر
فصدهم	فصدهم
فصلنه	فصلنه
فضرب	فضرب
فضلتكم	فضلتكم
فطر	فطر
فظلموا	فظلموا
فعال	فعال
فعدة	فعدة
فعلتم	فعلتم
فعلم	فعلم
فعلن	فعلن
فعلي	فعلى
فعميت	فعميت
فعند	فعند
ففزع	ففزع
فقتل	فقتل
فقتله	فقتله
فقدره	فقدره
فقطع	فقطع
فقعوا	فقعوا
فقولوا	فقولوا
فقير	فقير
فقيرا	فقيرا
فكذب	فكذب
فكذبت	فكذبت
فكذبوا	فكذبوا
فكذبوهما	فكذبوهما
فكشفنا	فكشفنا
فكلا	فكلا
فكنتم	فكنتم
فلأمه	فلأمه
فلبث	فلبث
فلعلك	فلعلك
فلك	فلك
فلهن	فلهن
فليأتوا	فليأتوا
فليستجيبوا	فليستجيبوا
فليعمل	فليعمل
فليمدد	فليمدد
فمال	فمال
فمالون	فمالون
فمتع	فمتع
فمثله	فمثله
فمنكم	فمنكم
فنادوا	فنادوا
فنادى	فنادى
فنبذنهم	فنبذنهم
فنتبع	فنتبع
فنسى	فنسى
فنفخنا	فنفخنا
فوج	فوج
فوجدا	فوجدا
فوربك	فوربك
فوسوس	فوسوس
فوقه	فوقه
فوكه	فوكه
فولوا	فولوا
فيتبعون	فيتبعون
فيصيب	فيصيب
فيضعفه	فيضعفه
فيعذبه	فيعذبه
فيقسمان	فيقسمان
فيقولوا	فيقولوا
فيم	فيم
فيوفيهم	فيوفيهم
قادر	قادر
قالا	قالا
قالتا	قالتا
قبلا	قبلا
قبلتهم	قبلتهم
قبلنا	قبلنا
قبلها	قبلها
قتال	قتال
قتلنا	قتلنا
قتلوكم	قتلوكم
قتلوه	قتلوه
قدرا	قدرا
قدرنا	قدرنا
قدرين	قدرين
قرءنا	قرءنا
قرأت	قرأت
قرئ	قرئ
قرارا	قرارا
قربانا	قربانا
قرة	قرة
قرح	قرح
قردة	قردة
قرنا	قرنا
قرون	قرون
قرونا	قرونا
قرى	قرى
قريتكم	قريتكم
قرين	قرين
قرينا	قرينا
قرينه	قرينه
قست	قست
قسمة	قسمة
قصاص	قصاص
قصصنا	قصصنا
قصورا	قصورا
قضيتم	قضيتم
قضينا	قضينا
قطعت	قطعت
قطوفها	قطوفها
قلب	قلب
قم	قم
قنتت	قنتت
قنتون	قنتون
قواريرا	قواريرا
قولكم	قولكم
قوله	قوله
قولوا	قولوا
قولي	قولى
قومنا	قومنا
قومين	قومين
قيام	قيام
كأسا	كأسا
كأنهن	كأنهن
كاد	كاد
كاشف	كاشف
كالأعلم	كٱلأعلم
كالأنعم	كٱلأنعم
كالعهن	كٱلعهن
كاملة	كاملة
كانا	كانا
كبئر	كبئر
كبيرة	كبيرة
كبيرهم	كبيرهم
كتبت	كتبت
كتبيه	كتبيه
كدت	كدت
كذبتم	كذبتم
كراما	كراما
كرسيه	كرسيه
كرهوا	كرهوا
كسالى	كسالى
كشجرة	كشجرة
كشف	كشف
كشفت	كشفت
كفارا	كفارا
كفرة	كفرة
كفرنا	كفرنا
كفرهم	كفرهم
كفوا	كفوا
كفيه	كفيه
كلمح	كلمح
كماء	كماء
كنتن	كنتن
كهفهم	كهفهم
كهية	كهية
كوكبا	كوكبا
كيدكن	كيدكن
كيده	كيده
كيدهن	كيدهن
كيدي	كيدى
لآبائهم	لءابائهم
لآت	لءات
لآتية	لءاتية
لآتينهم	لءاتينهم
لآكلون	لءاكلون
لأحد	لأحد
لأزوجك	لأزوجك
لأصحب	لأصحب
لأظنك	لأظنك
لأظنه	لأظنه
لأقطعن	لأقطعن
لأكفرن	لأكفرن
لأمنتهم	لأمنتهم
لأنت	لأنت
لأنزل	لأنزل
لإبرهيم	لإبرهيم
لإلى	لإلى
لافتدوا	لٱفتدوا
لبثنا	لبثنا
لبدا	لبدا
لتأكلوا	لتأكلوا
لتبلغوا	لتبلغوا
لتبين	لتبين
لتجرى	لتجرى
لتسلن	لتسلن
لتعودن	لتعودن
لتكونن	لتكونن
لتكونوا	لتكونوا
لجعلكم	لجعلكم
لجعلنا	لجعلنا
لجعلنه	لجعلنه
لحم	لحم
لخبير	لخبير
لخلق	لخلق
لدا	لدا
لدن	لدن
لدنه	لدنه
لديه	لديه
لذة	لذة
لذكر	لذكر
لذهب	لذهب
لربك	لربك
لربه	لربه
لربها	لربها
لرجل	لرجل
لزاما	لزاما
لزلفى	لزلفى
لسانا	لسانا
لساني	لسانى
لستم	لستم
لسميع	لسميع
لسنة	لسنة
لسنت	لسنت
لصحبه	لصحبه
لضالون	لضالون
لعبادى	لعبادى
لعبين	لعبين
لعفو	لعفو
لعلك	لعلك
لعن	لعن
لعنا	لعنا
لعنه	لعنه
لغفلين	لغفلين
لغنى	لغنى
لغوب	لغوب
لفتىه	لفتىه
لفرعون	لفرعون
لفروجهم	لفروجهم
لفسدت	لفسدت
لقمن	لقمن
لقوا	لقوا
لكبيرة	لكبيرة
لكبيركم	لكبيركم
لكفور	لكفور
لكلمته	لكلمته
لكنت	لكنت
لكي	لكى
للأذقان	للأذقان
للإسلم	للإسلم
للخير	للخير
للرجال	للرجال
للسائل	للسائل
للسائلين	للسائلين
للشمس	للشمس
للطائفين	للطائفين
للطغين	للطغين
للعباد	للعباد
للغيب	للغيب
للكذب	للكذب
للمجرمين	للمجرمين
للمحسنين	للمحسنين
للمسرفين	للمسرفين
للمسلمين	للمسلمين
للنبى	للنبى
لليسرى	لليسرى
لمؤمن	لمؤمن
لمحضرون	لمحضرون
لمحى	لمحى
لمحيطة	لمحيطة
لمستم	لمستم
لمسكم	لمسكم
لمهتدون	لمهتدون
لميقتنا	لميقتنا
لنبوئنهم	لنبوئنهم
لنفتنهم	لنفتنهم
لهب	لهب
لهدى	لهدى
لهدىكم	لهدىكم
لهذا	لهذا
لوجدوا	لوجدوا
لولوا	لولوا
لوليه	لوليه
لونها	لونها
ليأكلون	ليأكلون
ليؤمنن	ليؤمنن
ليال	ليال
ليجزيهم	ليجزيهم
ليجمعنكم	ليجمعنكم
ليخرجكم	ليخرجكم
ليخرجن	ليخرجن
ليدحضوا	ليدحضوا
ليدخل	ليدخل
ليزدادوا	ليزدادوا
ليست	ليست
ليضلوا	ليضلوا
ليطهركم	ليطهركم
ليعبدوا	ليعبدوا
ليعذبهم	ليعذبهم
ليقطع	ليقطع
ليكة	ليكة
ليكونوا	ليكونوا
لينذركم	لينذركم
ليهديهم	ليهديهم
ليهلك	ليهلك
مؤذن	مؤذن
مؤصدة	مؤصدة
مائتين	مائتين
مائدة	مائدة
مابا	مابا
مات	مات
مبشرا	مبشرا
مبعوثون	مبعوثون
متبعون	متبعون
متتابعين	متتابعين
مترفوها	مترفوها
متشبه	متشبه
متعمدا	متعمدا
متكبر	متكبر
متين	متين
مثقلون	مثقلون
مجرمون	مجرمون
مجمع	مجمع
مجيد	مجيد
محجورا	محجورا
محدث	محدث
محرومون	محرومون
محصنين	محصنين
محله	محله
محيطا	محيطا
مختال	مختال
مخلدون	مخلدون
مخلقة	مخلقة
مخمصة	مخمصة
مد	مد
مدا	مدا
مدبرا	مدبرا
مددنها	مددنها
مذموما	مذموما
مرتفقا	مرتفقا
مرج	مرج
مرحا	مرحا
مرحبا	مرحبا
مرسل	مرسل
مرسلين	مرسلين
مرسىها	مرسىها
مرقوم	مرقوم
مزاجها	مزاجها
مزيد	مزيد
مستكبرا	مستكبرا
مستكبرون	مستكبرون
مستمر	مستمر
مسته	مسته
مسجدا	مسجدا
مسرف	مسرف
مسرفون	مسرفون
مسرورا	مسرورا
مسطورا	مسطورا
مسفحين	مسفحين
مسكم	مسكم
مسلما	مسلما
مسنا	مسنا
مسودا	مسودا
مسومة	مسومة
مشتركون	مشتركون
مشربهم	مشربهم
مشرقين	مشرقين
مشرك	مشرك
مشركة	مشركة
مشركون	مشركون
مشكورا	مشكورا
مصفوفة	مصفوفة
مصلحون	مصلحون
مضغة	مضغة
مضل	مضل
مطلع	مطلع
معاذ	معاذ
معجزي	معجزى
معذبهم	معذبهم
معذرتهم	معذرتهم
معروشت	معروشت
معلومت	معلومت
معيش	معيش
مغرم	مغرم
مغلولة	مغلولة
مغنون	مغنون
مفاتحه	مفاتحه
مفترى	مفترى
مفروضا	مفروضا
مقاليد	مقاليد
مقاما	مقاما
مقامي	مقامى
مقتدر	مقتدر
مقتصد	مقتصد
مقداره	مقداره
مقضيا	مقضيا
مكنكم	مكنكم
ملتحدا	ملتحدا
ملتنا	ملتنا
ملتهم	ملتهم
ملح	ملح
ملقون	ملقون
ملوما	ملوما
ملومين	ملومين
مليم	مليم
ممزق	ممزق
منازل	منازل
مناع	مناع
منثورا	منثورا
منزلين	منزلين
منسكا	منسكا
منضود	منضود
منظرين	منظرين
منقلبون	منقلبون
مننا	مننا
منيبين	منيبين
منير	منير
منيرا	منيرا
مواخر	مواخر
موتتنا	موتتنا
موته	موته
موتوا	موتوا
موثقا	موثقا
موعدهم	موعدهم
موقنين	موقنين
مولود	مولود
مولىنا	مولىنا
مولىه	مولىه
مولىهم	مولىهم
ميتة	ميتة
ميثقه	ميثقه
ميرث	ميرث
ميقت	ميقت
نأتى	نأتى
نؤتيه	نؤتيه
نائمون	نائمون
ناصر	ناصر
نافقوا	نافقوا
نافلة	نافلة
نبإ	نبإ
نباتا	نباتا
نباته	نباته
نبدل	نبدل
نبشرك	نبشرك
نبيهم	نبيهم
نتخذ	نتخذ
نتخذه	نتخذه
نتربص	نتربص
نجنى	نجنى
نجوى	نجوى
نجوىكم	نجوىكم
نجىنا	نجىنا
نجىهم	نجىهم
نجيا	نجيا
نحشر	نحشر
نحشرهم	نحشرهم
نخاف	نخاف
نخرج	نخرج
نخرجكم	نخرجكم
نخل	نخل
نخوض	نخوض
ندخلها	ندخلها
ندرى	ندرى
نذرت	نذرت
نرد	نرد
نرفع	نرفع
نزد	نزد
نزله	نزله
نسائهن	نسائهن
نسبا	نسبا
نسفا	نسفا
نسقيكم	نسقيكم
نسمع	نسمع
نسيتم	نسيتم
نصرنا	نصرنا
نضربها	نضربها
نضرة	نضرة
نعجة	نعجة
نعد	نعد
نعمتك	نعمتك
نغفر	نغفر
نفر	نفر
نفرا	نفرا
نفسها	نفسها
نفقة	نفقة
نقتل	نقتل
نقضهم	نقضهم
نقموا	نقموا
نقيرا	نقيرا
نك	نك
نكاحا	نكاحا
نكثوا	نكثوا
نكذب	نكذب
نكفر	نكفر
نكلا	نكلا
نكون	نكون
نمكن	نمكن
نملى	نملى
نموت	نموت
ننجى	ننجى
ننزل	ننزل
ننقصها	ننقصها
نهارا	نهارا
نهلك	نهلك
نهيت	نهيت
نوحيه	نوحيه
نورهم	نورهم
هباء	هباء
هداى	هداى
هدىنى	هدىنى
هلم	هلم
همت	همت
هوى	هوى
هين	هين
هيهات	هيهات
وآتوهم	وءاتوهم
وآتىكم	وءاتىكم
وآتىنى	وءاتىنى
وآتيتم	وءاتيتم
وآثارا	وءاثارا
وآمنتم	وءامنتم
وآيته	وءايته
وأبصر	وأبصر
وأبناؤكم	وأبناؤكم
وأتبعوا	وأتبعوا
وأتوا	وأتوا
وأتونى	وأتونى
وأجرا	وأجرا
وأحسنوا	وأحسنوا
وأحل	وأحل
وأخذ	وأخذ
وأخوتكم	وأخوتكم
وأخى	وأخى
وأدبرهم	وأدبرهم
وأذن	وأذن
وأذنت	وأذنت
وأرجلهم	وأرجلهم
وأرسل	وأرسل
وأزلفت	وأزلفت
وأزوجكم	وأزوجكم
وأشهدوا	وأشهدوا
وأصبح	وأصبح
وأطعموا	وأطعموا
وأطهر	وأطهر
وأعنب	وأعنب
وأقام	وأقام
وأقبل	وأقبل
وأقرضوا	وأقرضوا
وأقل	وأقل
وأكثر	وأكثر
وأكن	وأكن
وألحقنى	وألحقنى
وألق	وألق
وألقوا	وألقوا
وأنجينا	وأنجينا
وأنذرهم	وأنذرهم
وأنشأنا	وأنشأنا
وأنعم	وأنعم
وأنهرا	وأنهرا
وأهليهم	وأهليهم
وأوتينا	وأوتينا
وأوذوا	وأوذوا
وأورثنها	وأورثنها
وأولدا	وأولدا
وأيدنه	وأيدنه
وإخونكم	وإخونكم
وإخونهم	وإخونهم
وإقام	وإقام
وإلا	وإلا
وإله	وإله
وإلهكم	وإلهكم
وإنها	وإنها
وإيتاء	وإيتاء
وابتغ	وٱبتغ
وابتغاء	وٱبتغاء
وابعث	وٱبعث
واتقى	وٱتقى
واجتنبوا	وٱجتنبوا
واجعلنا	وٱجعلنا
واخشون	وٱخشون
واد	واد
وادع	وٱدع
وادعوه	وٱدعوه
واستغنى	وٱستغنى
واسجدوا	وٱسجدوا
واسمع	وٱسمع
واشهد	وٱشهد
واضمم	وٱضمم
واعملوا	وٱعملوا
واغلظ	وٱغلظ
واقترب	وٱقترب
والأبرص	وٱلأبرص
والأحبار	وٱلأحبار
والأعنب	وٱلأعنب
والأنصار	وٱلأنصار
والأولد	وٱلأولد
والإبكر	وٱلإبكر
والإكرام	وٱلإكرام
والإيمن	وٱلإيمن
والبغى	وٱلبغى
والبقيت	وٱلبقيت
والتقوى	وٱلتقوى
والتورىة	وٱلتورىة
والجار	وٱلجار
والحجارة	وٱلحجارة
والحساب	وٱلحساب
والحمد	وٱلحمد
والخمسة	وٱلخمسة
والخيل	وٱلخيل
والدار	وٱلدار
والدواب	وٱلدواب
والركع	وٱلركع
والرمان	وٱلرمان
والروح	وٱلروح
والزبر	وٱلزبر
والزكوة	وٱلزكوة
والساعة	وٱلساعة
والسبقون	وٱلسبقون
والسلم	وٱلسلم
والشجر	وٱلشجر
والشيطين	وٱلشيطين
والصبح	وٱلصبح
والصبين	وٱلصبين
والصدقين	وٱلصدقين
والصلحين	وٱلصلحين
والطيبت	وٱلطيبت
والعشى	وٱلعشى
والفتنة	وٱلفتنة
والفحشاء	وٱلفحشاء
والفرقان	وٱلفرقان
والفضة	وٱلفضة
والفلك	وٱلفلك
والفوحش	وٱلفوحش
والقنتين	وٱلقنتين
والكفار	وٱلكفار
والمؤتفكت	وٱلمؤتفكت
والمحروم	وٱلمحروم
والمرجان	وٱلمرجان
والمستضعفين	وٱلمستضعفين
والمسجد	وٱلمسجد
والمشركت	وٱلمشركت
والملك	وٱلملك
والنجم	وٱلنجم
والنساء	وٱلنساء
والولدن	وٱلولدن
والى	وٱلى
واليسع	وٱليسع
وامرأته	وٱمرأته
وانصرنا	وٱنصرنا
وبأيمنهم	وبأيمنهم
وباءو	وباءو
وبالحق	وبٱلحق
وبرا	وبرا
وبرزت	وبرزت
وبرزوا	وبرزوا
وبشير	وبشير
وبه	وبه
وتؤمنون	وتؤمنون
وتب	وتب
وتجعلون	وتجعلون
وتخرج	وتخرج
وترىهم	وترىهم
وتزهق	وتزهق
وتصريف	وتصريف
وتطمئن	وتطمئن
وتظنون	وتظنون
وتفصيل	وتفصيل
وتفصيلا	وتفصيلا
وتقطعوا	وتقطعوا
وتكونوا	وتكونوا
وتنحتون	وتنحتون
وتنذر	وتنذر
وتنسون	وتنسون
وتوفنا	وتوفنا
وتولوا	وتولوا
وثبت	وثبت
وثلث	وثلث
وجاءتهم	وجاءتهم
وجايء	وجاىء
وجبريل	وجبريل
وجدتم	وجدتم
وجدتموهم	وجدتموهم
وجدها	وجدها
وجعلنكم	وجعلنكم
وجلت	وجلت
وجمع	وجمع
وجنة	وجنة
وجنودهما	وجنودهما
وجهها	وجهها
وجهى	وجهى
وجوزنا	وجوزنا
وجيها	وجيها
وحفظا	وحفظا
وحقت	وحقت
وحيث	وحيث
وختم	وختم
وخر	وخر
وخسر	وخسر
وخفية	وخفية
وخلقته	وخلقته
ود	ود
ودا	ودا
وراءكم	وراءكم
وراءهم	وراءهم
ورائه	ورائه
وربت	وربت
وربع	وربع
ورد	ورد
ورسلا	ورسلا
ورسلى	ورسلى
ورفتا	ورفتا
ورق	ورق
وزروع	وزروع
وزكريا	وزكريا
وزلزلوا	وزلزلوا
وزنوا	وزنوا
وزوجك	وزوجك
وزوجنهم	وزوجنهم
وزورا	وزورا
وزيرا	وزيرا
وزينة	وزينة
وزينها	وزينها
وسبحن	وسبحن
وسبع	وسبع
وسعت	وسعت
وسعر	وسعر
وسعي	وسعى
وسل	وسل
وسلما	وسلما
وسلوا	وسلوا
وسيعلم	وسيعلم
وسيق	وسيق
وشددنا	وشددنا
وشراب	وشراب
وشفاء	وشفاء
وشهد	وشهد
وصحبته	وصحبته
وصد	وصد
وصرفنا	وصرفنا
وصلوت	وصلوت
وصموا	وصموا
وصوركم	وصوركم
وصينا	وصينا
وضاق	وضاق
وضاقت	وضاقت
وضربت	وضربت
وضعتها	وضعتها
وطبع	وطبع
وطرا	وطرا
وطفقا	وطفقا
وظل	وظل
وظللنا	وظللنا
وظلموا	وظلموا
وعاء	وعاء
وعادا	وعادا
وعدكم	وعدكم
وعدها	وعدها
وعدهم	وعدهم
وعدوكم	وعدوكم
وعسى	وعسى
وعصوا	وعصوا
وعصى	وعصى
وعصينا	وعصينا
وعصيهم	وعصيهم
وعلم	وعلم
وعلمنه	وعلمنه
وعليه	وعليه
وعهدهم	وعهدهم
وغرتكم	وغرتكم
وفار	وفار
وفتحت	وفتحت
وفرحوا	وفرحوا
وفصله	وفصله
وفضلنهم	وفضلنهم
وفيكم	وفيكم
وقبل	وقبل
وقتل	وقتل
وقتلهم	وقتلهم
وقتلوهم	وقتلوهم
وقذف	وقذف
وقر	وقر
وقرون	وقرون
وقضينا	وقضينا
وقطعنهم	وقطعنهم
وقعت	وقعت
وقعودا	وقعودا
وقفوا	وقفوا
وقلن	وقلن
وقنا	وقنا
وقهم	وقهم
وقودها	وقودها
وقومهما	وقومهما
وكتب	وكتب
وكتبنا	وكتبنا
وكرها	وكرها
وكرهوا	وكرهوا
وكفروا	وكفروا
وكلمته	وكلمته
وكهلا	وكهلا
ولآمرنهم	ولءامرنهم
ولأجر	ولأجر
ولأدخلنهم	ولأدخلنهم
ولأصلبنكم	ولأصلبنكم
ولأنعمكم	ولأنعمكم
ولؤلؤا	ولؤلؤا
ولباسهم	ولباسهم
ولتبلغوا	ولتبلغوا
ولتطمئن	ولتطمئن
ولتعلمن	ولتعلمن
ولدار	ولدار
ولدن	ولدن
ولدي	ولدى
ولدينا	ولدينا
ولذى	ولذى
ولسليمن	ولسليمن
ولسوف	ولسوف
ولعنهم	ولعنهم
ولقائه	ولقائه
ولكنكم	ولكنكم
وللآخرة	وللءاخرة
وللنساء	وللنساء
ولنبلونكم	ولنبلونكم
ولنذيقنهم	ولنذيقنهم
ولها	ولها
ولهن	ولهن
ولولدى	ولولدى
وليأخذوا	وليأخذوا
وليتق	وليتق
وليتم	وليتم
وليزيدن	وليزيدن
وليقولوا	وليقولوا
وليمحص	وليمحص
ولينا	ولينا
ولينذروا	ولينذروا
وليهم	وليهم
ومأجوج	ومأجوج
ومأوىكم	ومأوىكم
ومثلا	ومثلا
ومصدقا	ومصدقا
ومعصيت	ومعصيت
ومقام	ومقام
ومقاما	ومقاما
ومنا	ومنا
ونا	ونا
ونادوا	ونادوا
ونبئهم	ونبئهم
ونجعل	ونجعل
ونجعلهم	ونجعلهم
ونجوىهم	ونجوىهم
ونحيا	ونحيا
ونخل	ونخل
وندينه	وندينه
ونزع	ونزع
ونسى	ونسى
ونصحت	ونصحت
ونصروا	ونصروا
ونعلم	ونعلم
ونعمة	ونعمة
ونفخت	ونفخت
ونقص	ونقص
ونقول	ونقول
ونميت	ونميت
ونور	ونور
وهدوا	وهدوا
وهموا	وهموا
وهن	وهن
ووجدك	ووجدك
ووجوه	ووجوه
ووحينا	ووحينا
ووفيت	ووفيت
ووقىهم	ووقىهم
وولدا	وولدا
ويؤت	ويؤت
ويؤخركم	ويؤخركم
ويؤمن	ويؤمن
ويبشر	ويبشر
ويبين	ويبين
ويتبع	ويتبع
ويتخذ	ويتخذ
ويتم	ويتم
ويحذركم	ويحذركم
ويحلفون	ويحلفون
ويحيى	ويحيى
ويدخلكم	ويدخلكم
ويدخلهم	ويدخلهم
ويدرءون	ويدرءون
ويذهب	ويذهب
ويريكم	ويريكم
ويستخلف	ويستخلف
ويستغفرون	ويستغفرون
ويسخرون	ويسخرون
ويسعون	ويسعون
ويضرب	ويضرب
ويطوف	ويطوف
ويعلمون	ويعلمون
ويعمل	ويعمل
ويفسدون	ويفسدون
ويفعلون	ويفعلون
ويقذفون	ويقذفون
ويقطعون	ويقطعون
ويقيمون	ويقيمون
ويلعبوا	ويلعبوا
ويلكم	ويلكم
وينذرونكم	وينذرونكم
ويهديكم	ويهديكم
ويهديهم	ويهديهم
ويونس	ويونس
يأب	يأب
يأتيكما	يأتيكما
يأتينا	يأتينا
يأتينى	يأتينى
يأجوج	يأجوج
يأخذهم	يأخذهم
يأفكون	يأفكون
يأكله	يأكله
يأكلهن	يأكلهن
يؤاخذ	يؤاخذ
يؤتيهم	يؤتيهم
يؤخر	يؤخر
يؤده	يؤده
يؤفك	يؤفك
يؤمرون	يؤمرون
يإبليس	يإبليس
يئس	يئس
يئسوا	يئسوا
يابست	يابست
يايس	يايس
يبايعونك	يبايعونك
يبدين	يبدين
يبشرك	يبشرك
يبكون	يبكون
يتخذونك	يتخذونك
يتخذوه	يتخذوه
يتخفتون	يتخفتون
يتدبرون	يتدبرون
يتربصن	يتربصن
يترقب	يترقب
يتزكى	يتزكى
يتضرعون	يتضرعون
يتطهرون	يتطهرون
يتعد	يتعد
يتفطرن	يتفطرن
يتفكروا	يتفكروا
يتماسا	يتماسا
يتنزعون	يتنزعون
يتوبوا	يتوبوا
يتوفون	يتوفون
يتولون	يتولون
يتيما	يتيما
يجتبى	يجتبى
يجتنبون	يجتنبون
يجدلونك	يجدلونك
يجعلون	يجعلون
يجمعكم	يجمعكم
يجهدوا	يجهدوا
يجير	يجير
يحادون	يحادون
يحاوره	يحاوره
يحدث	يحدث
يحذر	يحذر
يحذرون	يحذرون
يحشر	يحشر
يحض	يحض
يحملون	يحملون
يحيطون	يحيطون
يختص	يختص
يخصفان	يخصفان
يخوف	يخوف
يدخلوها	يدخلوها
يذا	يذا
يذهبن	يذهبن
يذهبوا	يذهبوا
يذوقون	يذوقون
ير	ير
يراءون	يراءون
يرب	يرب
يرثها	يرثها
يرثون	يرثون
يرحمكم	يرحمكم
يردون	يردون
يرزقون	يرزقون
يرفع	يرفع
يرونها	يرونها
يرىكم	يرىكم
يريدوا	يريدوا
يزالون	يزالون
يزجى	يزجى
يزرون	يزرون
يزكيهم	يزكيهم
يزيدهم	يزيدهم
يسبحن	يسبحن
يستجيب	يستجيب
يستحى	يستحى
يستخفون	يستخفون
يستذنك	يستذنك
يستذنونك	يستذنونك
يستطع	يستطع
يستطيع	يستطيع
يستعجل	يستعجل
يستغفر	يستغفر
يستغفرون	يستغفرون
يستنكف	يستنكف
يستويان	يستويان
يسحبون	يسحبون
يسرنه	يسرنه
يسقون	يسقون
يسلكم	يسلكم
يسمعها	يسمعها
يسمعوا	يسمعوا
يشإ	يشإ
يشاقق	يشاقق
يشرب	يشرب
يصدر	يصدر
يصدعون	يصدعون
يصدنك	يصدنك
يصعد	يصعد
يصل	يصل
يصلحون	يصلحون
يصلوا	يصلوا
يصلىها	يصلىها
يصىحبى	يصىحبى
يصيبكم	يصيبكم
يضله	يضله
يضلوك	يضلوك
يطاف	يطاف
يطعم	يطعم
يطعمه	يطعمه
يطمثهن	يطمثهن
يطوف	يطوف
يظن	يظن
يظهر	يظهر
يعبادى	يعبادى
يعرشون	يعرشون
يعرفونه	يعرفونه
يعزب	يعزب
يعطوا	يعطوا
يعظم	يعظم
يعقب	يعقب
يعلمها	يعلمها
يعودون	يعودون
يعيدكم	يعيدكم
يغرنكم	يغرنكم
يغيروا	يغيروا
يغيظ	يغيظ
يفتح	يفتح
يفتيكم	يفتيكم
يفرحون	يفرحون
يفرعون	يفرعون
يفرقوا	يفرقوا
يفرقون	يفرقون
يفعلوا	يفعلوا
يفلحون	يفلحون
يقتلوا	يقتلوا
يقرءون	يقرءون
يقرض	يقرض
يقص	يقص
يقصون	يقصون
يقلب	يقلب
يقومنا	يقومنا
يكتب	يكتب
يكسب	يكسب
يكف	يكف
يكلف	يكلف
يلبسون	يلبسون
يلتفت	يلتفت
يلحقوا	يلحقوا
يلقونه	يلقونه
يلهث	يلهث
يلوط	يلوط
يليتنا	يليتنا
يمترون	يمترون
يمسسنى	يمسسنى
يمسكهن	يمسكهن
يمسنا	يمسنا
يمن	يمن
ينادون	ينادون
ينال	ينال
ينالهم	ينالهم
ينالوا	ينالوا
ينبئكم	ينبئكم
ينتصرون	ينتصرون
ينته	ينته
ينتهوا	ينتهوا
ينجيكم	ينجيكم
ينزغنك	ينزغنك
ينزفون	ينزفون
ينساء	ينساء
ينسلون	ينسلون
ينصرنى	ينصرنى
ينصرونه	ينصرونه
ينصرونهم	ينصرونهم
ينظروا	ينظروا
ينقذون	ينقذون
ينكثون	ينكثون
ينكح	ينكح
ينهىكم	ينهىكم
ينيب	ينيب
يهتدوا	يهتدوا
يهدين	يهدين
يهديه	يهديه
يهرعون	يهرعون
يهلكون	يهلكون
يهمن	يهمن
يهيج	يهيج
يورى	يورى
يوصى	يوصى
يوعظ	يوعظ
يوف	يوف
يوفون	يوفون
يوق	يوق
يونس	يونس
ءأتخذ	ءأتخذ
ءأرباب	ءأرباب
ءأسجد	ءأسجد
ءأسلمتم	ءأسلمتم
ءأشفقتم	ءأشفقتم
ءأشكر	ءأشكر
ءأقررتم	ءأقررتم
ءألد	ءألد
ءألهتنا	ءألهتنا
ءأمنتم	ءأمنتم
آباء	ءاباء
آباءى	ءاباءى
آبائك	ءابائك
آتت	ءاتت
آتهم	ءاتهم
آتوا	ءاتوا
آتوه	ءاتوه
آتى	ءاتى
آتىك	ءاتىك
آتىن	ءاتىن
آتىنا	ءاتىنا
آتىنى	ءاتىنى
آتىها	ءاتىها
آتيتك	ءاتيتك
آتيتكم	ءاتيتكم
آتيتنا	ءاتيتنا
آتيتنى	ءاتيتنى
آتيتهن	ءاتيتهن
آتينها	ءاتينها
آتيه	ءاتيه
آتيهم	ءاتيهم
آثارهما	ءاثارهما
آثر	ءاثر
آثرك	ءاثرك
آثم	ءاثم
آثما	ءاثما
آخذ	ءاخذ
آخذين	ءاخذين
آخران	ءاخران
آخره	ءاخره
آخرون	ءاخرون
آذاننا	ءاذاننا
آذنتكم	ءاذنتكم
آذنك	ءاذنك
آذوا	ءاذوا
آذيتمونا	ءاذيتمونا
آزر	ءازر
آسفونا	ءاسفونا
آسن	ءاسن
آسى	ءاسى
آعجمى	ءاعجمى
آلهتى	ءالهتى
آمره	ءامره
آمنة	ءامنة
آمنكم	ءامنكم
آمين	ءامين
آن	ءان
آنائ	ءانائ
آنس	ءانس
آنستم	ءانستم
آنفا	ءانفا
آنية	ءانية
آيتها	ءايتها
آيتين	ءايتين
أءلقى	أءلقى
أءنزل	أءنزل
أؤنبئكم	أؤنبئكم
أئذا	أئذا
أئفكا	أئفكا
أبابيل	أبابيل
أباكم	أباكم
أبالله	أبٱلله
أبانا	أبانا
أباه	أباه
أباهم	أباهم
أبتغى	أبتغى
أبحر	أبحر
أبدله	أبدله
أبرئ	أبرئ
أبرموا	أبرموا
أبسلوا	أبسلوا
أبشر	أبشر
أبشرا	أبشرا
أبشرتمونى	أبشرتمونى
أبصركم	أبصركم
أبصرها	أبصرها
أبصرهن	أبصرهن
أبغى	أبغى
أبغيكم	أبغيكم
أبق	أبق
أبقى	أبقى
أبكارا	أبكارا
أبكم	أبكم
أبلغه	أبلغه
أبلغوا	أبلغوا
أبنؤا	أبنؤا
أبناءنا	أبناءنا
أبنائكم	أبنائكم
أبوك	أبوك
أبوهما	أبوهما
أبويك	أبويك
أبويكم	أبويكم
أبينا	أبينا
أبيهم	أبيهم
أتأخذونه	أتأخذونه
أتأمرون	أتأمرون
أتبعك	أتبعك
أتبعه	أتبعه
أتبنون	أتبنون
أتت	أتت
أتتخذ	أتتخذ
أتتخذنا	أتتخذنا
أتتركون	أتتركون
أتتك	أتتك
أتتكم	أتتكم
أتتهم	أتتهم
أتجدلوننى	أتجدلوننى
أتجعل	أتجعل
أتحاجوننا	أتحاجوننا
أتحجونى	أتحجونى
أتحدثونهم	أتحدثونهم
أتخذتم	أتخذتم
أتخذنهم	أتخذنهم
أتخشونهم	أتخشونهم
أتدعون	أتدعون
أتذر	أتذر
أتراب	أتراب
أترفتم	أترفتم
أترفوا	أترفوا
أتريد	أتريد
أتستبدلون	أتستبدلون
أتصبرون	أتصبرون
أتعجبين	أتعجبين
أتعداننى	أتعداننى
أتقتلون	أتقتلون
أتقن	أتقن
أتقىكم	أتقىكم
أتل	أتل
أتلوا	أتلوا
أتمدونن	أتمدونن
أتمم	أتمم
أتممت	أتممت
أتمها	أتمها
أتموا	أتموا
أتنبون	أتنبون
أتنهىنا	أتنهىنا
أتهتدى	أتهتدى
أتهلكنا	أتهلكنا
أتواصوا	أتواصوا
أتوب	أتوب
أتوك	أتوك
أتوكؤا	أتوكؤا
أتوه	أتوه
أتىنا	أتىنا
أتيا	أتيا
أتيت	أتيت
أتين	أتين
أثاما	أثاما
أثخنتموهم	أثخنتموهم
أثرة	أثرة
أثرى	أثرى
أثقالكم	أثقالكم
أثقالها	أثقالها
أثقلت	أثقلت
أثم	أثم
أثيما	أثيما
أجاجا	أجاجا
أجرمنا	أجرمنا
أجرها	أجرها
أجزعنا	أجزعنا
أجسامهم	أجسامهم
أجعلتم	أجعلتم
أجعلنا	أجعلنا
أجلنا	أجلنا
أجمعوا	أجمعوا
أجنة	أجنة
أجنحة	أجنحة
أجيب	أجيب
أجيبت	أجيبت
أجيبوا	أجيبوا
أحبارهم	أحبارهم
أحدث	أحدث
أحدكما	أحدكما
أحدنا	أحدنا
أحرص	أحرص
أحس	أحس
أحسب	أحسب
أحسنه	أحسنه
أحسوا	أحسوا
أحصرتم	أحصرتم
أحصروا	أحصروا
أحصن	أحصن
أحصى	أحصى
أحصىه	أحصىه
أحصىها	أحصىها
أحصىهم	أحصىهم
أحضرت	أحضرت
أحطت	أحطت
أحطنا	أحطنا
أحقابا	أحقابا
أحكم	أحكم
أحكمت	أحكمت
أحللنا	أحللنا
أحلمهم	أحلمهم
أحلنا	أحلنا
أحمد	أحمد
أحمل	أحمل
أحملكم	أحملكم
أحوى	أحوى
أحي	أحى
أحيا	أحيا
أحياكم	أحياكم
أحيط	أحيط
أحيهم	أحيهم
أحيينها	أحيينها
أخا	أخا
أخالفكم	أخالفكم
أخبارها	أخبارها
أختك	أختك
أخذا	أخذا
أخذة	أخذة
أخذتم	أخذتم
أخذتها	أخذتها
أخذه	أخذه
أخذوا	أخذوا
أخرتن	أخرتن
أخرتنا	أخرتنا
أخرتنى	أخرتنى
أخرجت	أخرجت
أخرجتك	أخرجتك
أخرجتم	أخرجتم
أخرجك	أخرجك
أخرجكم	أخرجكم
أخرجنى	أخرجنى
أخرجه	أخرجه
أخرجوكم	أخرجوكم
أخرجوهم	أخرجوهم
أخرقتها	أخرقتها
أخرىكم	أخرىكم
أخرىهم	أخرىهم
أخزى	أخزى
أخزيته	أخزيته
أخطأتم	أخطأتم
أخطأنا	أخطأنا
أخفى	أخفى
أخفيتم	أخفيتم
أخفيها	أخفيها
أخلد	أخلد
أخلده	أخلده
أخلصنهم	أخلصنهم
أخلفنا	أخلفنا
أخلفوا	أخلفوا
أخلق	أخلق
أخنه	أخنه
أخوتكم	أخوتكم
أخوك	أخوك
أخولكم	أخولكم
أخويكم	أخويكم
أدباركم	أدباركم
أدبارها	أدبارها
أدخلنى	أدخلنى
أدخلوا	أدخلوا
أدر	أدر
أدركه	أدركه
أدرىكم	أدرىكم
أدعوتموهم	أدعوتموهم
أدعياءكم	أدعياءكم
أدعيائهم	أدعيائهم
أدلك	أدلك
أدهى	أدهى
أدوا	أدوا
أذاعوا	أذاعوا
أذاقهم	أذاقهم
أذبحك	أذبحك
أذكركم	أذكركم
أذكره	أذكره
أذنت	أذنت
أذنيه	أذنيه
أذهب	أذهب
أذهبتم	أذهبتم
أذىهم	أذىهم
أرءيتك	أرءيتك
أرادا	أرادا
أراذلنا	أراذلنا
أراغب	أراغب
أربى	أربى
أرجائها	أرجائها
أرجع	أرجع
أرجل	أرجل
أرجلكم	أرجلكم
أرحامهن	أرحامهن
أردت	أردت
أردن	أردن
أردنه	أردنه
أردىكم	أردىكم
أرسلنه	أرسلنه
أرسلوا	أرسلوا
أرسىها	أرسىها
أرضا	أرضا
أرضعت	أرضعت
أرضعن	أرضعن
أرضعنكم	أرضعنكم
أرضعيه	أرضعيه
أرضهم	أرضهم
أرضى	أرضى
أرضيتم	أرضيتم
أركسهم	أركسهم
أركسوا	أركسوا
أرهطى	أرهطى
أرىكهم	أرىكهم
أريكم	أريكم
أرينك	أرينك
أرينه	أرينه
أزا	أزا
أزاغ	أزاغ
أزرى	أزرى
أزفت	أزفت
أزلفت	أزلفت
أزوجهن	أزوجهن
أزيد	أزيد
أسأتم	أسأتم
أسباطا	أسباطا
أسبب	أسبب
أستجب	أستجب
أستخلصه	أستخلصه
أستغفر	أستغفر
أستغفرت	أستغفرت
أستكبرت	أستكبرت
أسحر	أسحر
أسخط	أسخط
أسرف	أسرف
أسرفوا	أسرفوا
أسرهم	أسرهم
أسروا	أسروا
أسفارا	أسفارا
أسفارنا	أسفارنا
أسفر	أسفر
أسكنت	أسكنت
أسكنوهن	أسكنوهن
أسلحتهم	أسلحتهم
أسلفت	أسلفت
أسلفتم	أسلفتم
أسلك	أسلك
أسلما	أسلما
أسلمنا	أسلمنا
أسمئه	أسمئه
أسمعهم	أسمعهم
أسورة	أسورة
أشاء	أشاء
أشداء	أشداء
أشدهما	أشدهما
أشراطها	أشراطها
أشركت	أشركت
أشركتمون	أشركتمون
أشركنا	أشركنا
أشقىها	أشقىها
أشكوا	أشكوا
أشهدتهم	أشهدتهم
أشهدوا	أشهدوا
أشياء	أشياء
أشياعكم	أشياعكم
أصابت	أصابت
أصابته	أصابته
أصابه	أصابه
أصابها	أصابها
أصب	أصب
أصبتم	أصبتم
أصبح	أصبح
أصبحوا	أصبحوا
أصبرهم	أصبرهم
أصبنهم	أصبنهم
أصحبهم	أصحبهم
أصدقت	أصدقت
أصطفى	أصطفى
أصل	أصل
أصلبكم	أصلبكم
أصلها	أصلها
أصلوتك	أصلوتك
أصنام	أصنام
أصنمكم	أصنمكم
أصوافها	أصوافها
أصوتكم	أصوتكم
أصوتهم	أصوتهم
أصولها	أصولها
أصيب	أصيب
أضاء	أضاء
أضاءت	أضاءت
أضاعوا	أضاعوا
أضحك	أضحك
أضطره	أضطره
أضعافا	أضعافا
أضعف	أضعف
أضعفا	أضعفا
أضغنكم	أضغنكم
أضغنهم	أضغنهم
أضلانا	أضلانا
أضللتم	أضللتم
أضللن	أضللن
أضلنا	أضلنا
أضلنى	أضلنى
أضلوا	أضلوا
أضلونا	أضلونا
أضيع	أضيع
أطاع	أطاع
أطاعونا	أطاعونا
أطعتم	أطعتم
أطعتموهم	أطعتموهم
أطعمه	أطعمه
أطعمهم	أطعمهم
أطعنكم	أطعنكم
أطغيته	أطغيته
أطفأها	أطفأها
أطمع	أطمع
أطوارا	أطوارا
أظفركم	أظفركم
أعثرنا	أعثرنا
أعجب	أعجب
أعجبكم	أعجبكم
أعجزت	أعجزت
أعجلتم	أعجلتم
أعجلك	أعجلك
أعجمي	أعجمى
أعجميا	أعجميا
أعرضتم	أعرضتم
أعز	أعز
أعصر	أعصر
أعصى	أعصى
أعطوا	أعطوا
أعطينك	أعطينك
أعظك	أعظك
أعظكم	أعظكم
أعقابنا	أعقابنا
أعلنت	أعلنت
أعلنتم	أعلنتم
أعملا	أعملا
أعممكم	أعممكم
أعناب	أعناب
أعناق	أعناق
أعناقهم	أعناقهم
أعنده	أعنده
أعهد	أعهد
أعيبها	أعيبها
أعيذها	أعيذها
أعينهن	أعينهن
أغرقنهم	أغرقنهم
أغرقوا	أغرقوا
أغشيت	أغشيت
أغفلنا	أغفلنا
أغللا	أغللا
أغنت	أغنت
أغنىهم	أغنىهم
أغوينا	أغوينا
أغوينهم	أغوينهم
أفأصفىكم	أفأصفىكم
أفأمنتم	أفأمنتم
أفأنبئكم	أفأنبئكم
أفأنتم	أفأنتم
أفاتخذتم	أفٱتخذتم
أفاض	أفاض
أفاق	أفاق
أفبنعمة	أفبنعمة
أفبهذا	أفبهذا
أفتأتون	أفتأتون
أفتؤمنون	أفتؤمنون
أفتتخذونه	أفتتخذونه
أفترى	أفترى
أفتطمعون	أفتطمعون
أفتعبدون	أفتعبدون
أفتمرونه	أفتمرونه
أفتنا	أفتنا
أفتهلكنا	أفتهلكنا
أفحسب	أفحسب
أفحسبتم	أفحسبتم
أفحكم	أفحكم
أفسحر	أفسحر
أفسدوها	أفسدوها
أفصح	أفصح
أفضى	أفضى
أفطال	أفطال
أفعصيت	أفعصيت
أفعيينا	أفعيينا
أفك	أفك
أفكلما	أفكلما
أفلت	أفلت
أفما	أفما
أفنان	أفنان
أفنجعل	أفنجعل
أفنضرب	أفنضرب
أقبل	أقبل
أقبلنا	أقبلنا
أقتت	أقتت
أقتل	أقتل
أقتلت	أقتلت
أقدامكم	أقدامكم
أقربهم	أقربهم
أقررتم	أقررتم
أقررنا	أقررنا
أقطار	أقطار
أقطارها	أقطارها
أقفالها	أقفالها
أقلت	أقلت
أقلعي	أقلعى
أقلم	أقلم
أقلمهم	أقلمهم
أقمتم	أقمتم
أقوتها	أقوتها
أقوم	أقوم
أك	أك
أكاد	أكاد
أكان	أكان
أكبرنه	أكبرنه
أكذبتم	أكذبتم
أكرمكم	أكرمكم
أكرمن	أكرمن
أكرمي	أكرمى
أكره	أكره
أكرهتنا	أكرهتنا
أكفاركم	أكفاركم
أكفر	أكفر
أكفرت	أكفرت
أكفرتم	أكفرتم
أكفره	أكفره
أكفلنيها	أكفلنيها
أكلا	أكلا
أكلم	أكلم
أكلون	أكلون
أكمامها	أكمامها
أكملت	أكملت
أكننا	أكننا
أكننتم	أكننتم
ألتنهم	ألتنهم
ألحقتم	ألحقتم
ألحقنا	ألحقنا
ألد	ألد
ألربك	ألربك
ألزمنه	ألزمنه
ألست	ألست
ألفا	ألفا
ألفافا	ألفافا
ألفت	ألفت
ألفوا	ألفوا
ألفين	ألفين
ألفينا	ألفينا
ألقها	ألقها
ألقىه	ألقىه
ألقىها	ألقىها
ألقيا	ألقيا
ألكم	ألكم
ألهم	ألهم
ألهىكم	ألهىكم
ألوح	ألوح
ألوف	ألوف
أمات	أمات
أماته	أماته
أماذا	أماذا
أمامه	أمامه
أمانيهم	أمانيهم
أمتا	أمتا
أمتعكن	أمتعكن
أمتنا	أمتنا
أمثالها	أمثالها
أمثلها	أمثلها
أمرتك	أمرتك
أمرتنى	أمرتنى
أمرتهم	أمرتهم
أمسكن	أمسكن
أمسكهما	أمسكهما
أمشاج	أمشاج
أمضى	أمضى
أمطرت	أمطرت
أمعاءهم	أمعاءهم
أملا	أملا
أمليت	أمليت
أمنا	أمنا
أمنته	أمنته
أمنيته	أمنيته
أمها	أمها
أمهلهم	أمهلهم
أميون	أميون
أنبأك	أنبأك
أنبأهم	أنبأهم
أنبئهم	أنبئهم
أنبائكم	أنبائكم
أنبائها	أنبائها
أنبتت	أنبتت
أنبتكم	أنبتكم
أنبتنا	أنبتنا
أنبنا	أنبنا
أنبونى	أنبونى
أنتما	أنتما
أنجىكم	أنجىكم
أنجىنا	أنجىنا
أنجىهم	أنجىهم
أنجيتنا	أنجيتنا
أنحن	أنحن
أندعوا	أندعوا
أنذرتكم	أنذرتكم
أنذركم	أنذركم
أنذرنكم	أنذرنكم
أنذرهم	أنذرهم
أنزلتموه	أنزلتموه
أنزلنها	أنزلنها
أنزلنى	أنزلنى
أنساب	أنساب
أنسجد	أنسجد
أنسوكم	أنسوكم
أنسىنيه	أنسىنيه
أنشأتم	أنشأتم
أنشأنه	أنشأنه
أنشأنهن	أنشأنهن
أنشأها	أنشأها
أنشره	أنشره
أنصارا	أنصارا
أنصتوا	أنصتوا
أنصح	أنصح
أنطعم	أنطعم
أنطق	أنطق
أنطقنا	أنطقنا
أنظر	أنظر
أنظرنى	أنظرنى
أنعمكم	أنعمكم
أنعمها	أنعمها
أنعمهم	أنعمهم
أنفقت	أنفقت
أنقض	أنقض
أنكالا	أنكالا
أنكثا	أنكثا
أنكحك	أنكحك
أنكر	أنكر
أنلزمكموها	أنلزمكموها
أننا	أننا
أنهر	أنهر
أنهكما	أنهكما
أنهىكم	أنهىكم
أهدك	أهدك
أهدكم	أهدكم
أهديكم	أهديكم
أهكذا	أهكذا
أهلكت	أهلكت
أهلكتهم	أهلكتهم
أهلكنى	أهلكنى
أهلهن	أهلهن
أهليكم	أهليكم
أهليهم	أهليهم
أهمتهم	أهمتهم
أهنن	أهنن
أهواءكم	أهواءكم
أهون	أهون
أهوى	أهوى
أوأمن	أوأمن
أوبى	أوبى
أوت	أوت
أوتادا	أوتادا
أوتوه	أوتوه
أوتيت	أوتيت
أوجفتم	أوجفتم
أوحيت	أوحيت
أودية	أودية
أوديتهم	أوديتهم
أوذى	أوذى
أوذينا	أوذينا
أورثنا	أورثنا
أورثوا	أورثوا
أوزار	أوزار
أوزارا	أوزارا
أوزارها	أوزارها
أوسط	أوسط
أوسطهم	أوسطهم
أوعظت	أوعظت
أوف	أوف
أوقدوا	أوقدوا
أوكلما	أوكلما
أولئكم	أولئكم
أولت	أولت
أولما	أولما
أولىهم	أولىهم
أولىهما	أولىهما
أولياؤكم	أولياؤكم
أولياؤه	أولياؤه
أوليائكم	أوليائكم
أوليائهم	أوليائهم
أوه	أوه
أوهن	أوهن
أوى	أوى
أوينا	أوينا
أيأمركم	أيأمركم
أيا	أيا
أيبتغون	أيبتغون
أيتها	أيتها
أيحب	أيحب
أيحسبون	أيحسبون
أيد	أيد
أيدتك	أيدتك
أيدك	أيدك
أيديهما	أيديهما
أيشركون	أيشركون
أيطمع	أيطمع
أيعدكم	أيعدكم
أيقاظا	أيقاظا
أيما	أيما
أيمسكه	أيمسكه
أينا	أينا
أيوب	أيوب
أيود	أيود
إثمه	إثمه
إجرامى	إجرامى
إحدىهن	إحدىهن
إحسانا	إحسانا
إخراج	إخراج
إخراجا	إخراجا
إخراجكم	إخراجكم
إخراجهم	إخراجهم
إخوتك	إخوتك
إخوتى	إخوتى
إخون	إخون
إخونكم	إخونكم
إخونهم	إخونهم
إدا	إدا
إدريس	إدريس
إذنه	إذنه
إرم	إرم
إستبرق	إستبرق
إسرارا	إسرارا
إسرارهم	إسرارهم
إسرافا	إسرافا
إسلمكم	إسلمكم
إسلمهم	إسلمهم
إصرا	إصرا
إصرهم	إصرهم
إصرى	إصرى
إصلاح	إصلاح
إصلح	إصلح
إطعام	إطعام
إطعم	إطعم
إعراضا	إعراضا
إعراضهم	إعراضهم
إعصار	إعصار
إفكا	إفكا
إقامتكم	إقامتكم
إكراه	إكراه
إكرههن	إكرههن
إل	إل
إلحافا	إلحافا
إلفهم	إلفهم
إلياس	إلياس
إليكما	إليكما
إمام	إمام
إمرا	إمرا
إنسن	إنسن
إنسيا	إنسيا
إنشاء	إنشاء
إنهما	إنهما
إنهن	إنهن
إنىه	إنىه
إي	إى
إيابهم	إيابهم
إياك	إياك
اؤتمن	ٱؤتمن
ائتيا	ٱئتيا
ائذن	ٱئذن
ابتدعوها	ٱبتدعوها
ابتغوا	ٱبتغوا
ابتغيت	ٱبتغيت
ابعث	ٱبعث
ابلعي	ٱبلعى
ابنت	ٱبنت
ابنتي	ٱبنتى
ابنك	ٱبنك
ابنه	ٱبنه
ابيضت	ٱبيضت
اتباع	ٱتباع
اتبعتم	ٱتبعتم
اتبعتنى	ٱتبعتنى
اتبعكما	ٱتبعكما
اتبعن	ٱتبعن
اتبعنى	ٱتبعنى
اتبعوك	ٱتبعوك
اتبعون	ٱتبعون
اتبعوهم	ٱتبعوهم
اتخذها	ٱتخذها
اتخذونى	ٱتخذونى
اتخذوه	ٱتخذوه
اتخذوها	ٱتخذوها
اتخذوهم	ٱتخذوهم
اتخذي	ٱتخذى
اتسق	ٱتسق
اتقيتن	ٱتقيتن
اتل	ٱتل
اثاقلتم	ٱثاقلتم
اثنا	ٱثنا
اثنان	ٱثنان
اثنتى	ٱثنتى
اثنى	ٱثنى
اجتبه	ٱجتبه
اجتبىكم	ٱجتبىكم
اجتبىه	ٱجتبىه
اجتبيتها	ٱجتبيتها
اجتثت	ٱجتثت
اجترحوا	ٱجترحوا
اجتمعت	ٱجتمعت
اجتمعوا	ٱجتمعوا
اجعلوا	ٱجعلوا
اجهروا	ٱجهروا
احتمل	ٱحتمل
احتملوا	ٱحتملوا
احشروا	ٱحشروا
احمل	ٱحمل
اخترتك	ٱخترتك
اخترنهم	ٱخترنهم
اختصموا	ٱختصموا
اختلط	ٱختلط
اختلفا	ٱختلفا
اختلفتم	ٱختلفتم
اختلق	ٱختلق
اخرجوا	ٱخرجوا
اخسوا	ٱخسوا
اخلفنى	ٱخلفنى
اداركوا	ٱداركوا
ادخل	ٱدخل
ادخلا	ٱدخلا
ادخلى	ٱدخلى
ادرك	ٱدرك
ادعهن	ٱدعهن
ادعونى	ٱدعونى
ادعوهم	ٱدعوهم
ادفعوا	ٱدفعوا
اذكر	ٱذكر
اذكرنى	ٱذكرنى
ارتابوا	ٱرتابوا
ارتدوا	ٱرتدوا
ارجعون	ٱرجعون
ارجعي	ٱرجعى
ارحمهما	ٱرحمهما
اركب	ٱركب
اركبوا	ٱركبوا
اركض	ٱركض
استبدال	ٱستبدال
استجارك	ٱستجارك
استجرت	ٱستجرت
استجره	ٱستجره
استجيب	ٱستجيب
استحفظوا	ٱستحفظوا
استحق	ٱستحق
استحقا	ٱستحقا
استحوذ	ٱستحوذ
استحياء	ٱستحياء
استخرجها	ٱستخرجها
استخلف	ٱستخلف
استذن	ٱستذن
استذنك	ٱستذنك
استذنوك	ٱستذنوك
استرق	ٱسترق
استزلهم	ٱستزلهم
استسقى	ٱستسقى
استسقىه	ٱستسقىه
استضعفونى	ٱستضعفونى
استطاع	ٱستطاع
استطعما	ٱستطعما
استطعنا	ٱستطعنا
استعجالهم	ٱستعجالهم
استعجلتم	ٱستعجلتم
استعلى	ٱستعلى
استغفار	ٱستغفار
استقر	ٱستقر
استكبر	ٱستكبر
استكبرتم	ٱستكبرتم
استكثرتم	ٱستكثرتم
استمتعتم	ٱستمتعتم
استمع	ٱستمع
استمعوه	ٱستمعوه
استنصره	ٱستنصره
استنصروكم	ٱستنصروكم
استنكفوا	ٱستنكفوا
استهزءوا	ٱستهزءوا
استهوته	ٱستهوته
استوقد	ٱستوقد
استويت	ٱستويت
استويتم	ٱستويتم
استيس	ٱستيس
استيسوا	ٱستيسوا
اسطعوا	ٱسطعوا
اسلك	ٱسلك
اسودت	ٱسودت
اشتدت	ٱشتدت
اشترى	ٱشترى
اشتهت	ٱشتهت
اشدد	ٱشدد
اشرح	ٱشرح
اشمأزت	ٱشمأزت
اشهدوا	ٱشهدوا
اصبر	ٱصبر
اصبروا	ٱصبروا
اصرف	ٱصرف
اصطفىك	ٱصطفىك
اصطفىه	ٱصطفىه
اصطفيتك	ٱصطفيتك
اصطفينا	ٱصطفينا
اصطفينه	ٱصطفينه
اصنع	ٱصنع
اضربوه	ٱضربوه
اضطررتم	ٱضطررتم
اطرحوه	ٱطرحوه
اطلعت	ٱطلعت
اطمأن	ٱطمأن
اطمأننتم	ٱطمأننتم
اطمس	ٱطمس
اطيرنا	ٱطيرنا
اعبدونى	ٱعبدونى
اعتدوا	ٱعتدوا
اعتدينا	ٱعتدينا
اعترفوا	ٱعترفوا
اعترىك	ٱعترىك
اعتزلتموهم	ٱعتزلتموهم
اعتزلهم	ٱعتزلهم
اعتزلوكم	ٱعتزلوكم
اعتمر	ٱعتمر
اعدلوا	ٱعدلوا
اعمل	ٱعمل
اغترف	ٱغترف
اغدوا	ٱغدوا
افتح	ٱفتح
افتدت	ٱفتدت
افتدى	ٱفتدى
افترينا	ٱفترينا
افعل	ٱفعل
اقتتل	ٱقتتل
اقتحم	ٱقتحم
اقتده	ٱقتده
اقتربت	ٱقتربت
اقترفتموها	ٱقترفتموها
اقتلوه	ٱقتلوه
اقذفيه	ٱقذفيه
اقرءوا	ٱقرءوا
اقضوا	ٱقضوا
اقعدوا	ٱقعدوا
اقنتي	ٱقنتى
اكتالوا	ٱكتالوا
اكتتبها	ٱكتتبها
اكتسب	ٱكتسب
اكتسبت	ٱكتسبت
اكتسبن	ٱكتسبن
اكشف	ٱكشف
اكفر	ٱكفر
الآثمين	ٱلءاثمين
الآفاق	ٱلءافاق
الآفلين	ٱلءافلين
الآلهة	ٱلءالهة
الآمرون	ٱلءامرون
الآمنين	ٱلءامنين
الآن	ٱلءان
الآية	ٱلءاية
الأبتر	ٱلأبتر
الأبيض	ٱلأبيض
الأتقى	ٱلأتقى
الأثيم	ٱلأثيم
الأجل	ٱلأجل
الأجلين	ٱلأجلين
الأحبار	ٱلأحبار
الأحلم	ٱلأحلم
الأحمال	ٱلأحمال
الأحياء	ٱلأحياء
الأخ	ٱلأخ
الأخت	ٱلأخت
الأختين	ٱلأختين
الأخدود	ٱلأخدود
الأخسرين	ٱلأخسرين
الأخضر	ٱلأخضر
الأخلاء	ٱلأخلاء
الأذقان	ٱلأذقان
الأذل	ٱلأذل
الأذلين	ٱلأذلين
الأرذلون	ٱلأرذلون
الأسباب	ٱلأسباب
الأسري	ٱلأسرى
الأسفل	ٱلأسفل
الأسود	ٱلأسود
الأشر	ٱلأشر
الأشرار	ٱلأشرار
الأشهر	ٱلأشهر
الأصنام	ٱلأصنام
الأصوات	ٱلأصوات
الأصوت	ٱلأصوت
الأطفل	ٱلأطفل
الأعجمين	ٱلأعجمين
الأعداء	ٱلأعداء
الأعز	ٱلأعز
الأعناق	ٱلأعناق
الأغنياء	ٱلأغنياء
الأفدة	ٱلأفدة
الأقاويل	ٱلأقاويل
الأقدام	ٱلأقدام
الأقدمون	ٱلأقدمون
الأقربين	ٱلأقربين
الأقصا	ٱلأقصا
الأكرم	ٱلأكرم
الأكل	ٱلأكل
الأكمام	ٱلأكمام
الأمانة	ٱلأمانة
الأماني	ٱلأمانى
الأمد	ٱلأمد
الأمل	ٱلأمل
الأمم	ٱلأمم
الأمنت	ٱلأمنت
الأموت	ٱلأموت
الأنامل	ٱلأنامل
الأهلة	ٱلأهلة
الأوثن	ٱلأوثن
الأوفى	ٱلأوفى
الأيد	ٱلأيد
الأيدى	ٱلأيدى
الأيمى	ٱلأيمى
الإربة	ٱلإربة
الإصباح	ٱلإصباح
الإصلح	ٱلإصلح
الإنفاق	ٱلإنفاق
الاسم	ٱلٱسم
البائس	ٱلبائس
البارئ	ٱلبارئ
البحران	ٱلبحران
البدو	ٱلبدو
البروج	ٱلبروج
البسط	ٱلبسط
البشير	ٱلبشير
البطشة	ٱلبطشة
البغاء	ٱلبغاء
البغضاء	ٱلبغضاء
البغي	ٱلبغى
البقعة	ٱلبقعة
البكم	ٱلبكم
البلؤا	ٱلبلؤا
البلدة	ٱلبلدة
البلغة	ٱلبلغة
البنين	ٱلبنين
البوار	ٱلبوار
البيان	ٱلبيان
التئبون	ٱلتئبون
التبعين	ٱلتبعين
التجرة	ٱلتجرة
التذكرة	ٱلتذكرة
التراب	ٱلتراب
التراث	ٱلتراث
التراقي	ٱلتراقى
التعفف	ٱلتعفف
التغابن	ٱلتغابن
التقتا	ٱلتقتا
التقيتم	ٱلتقيتم
التكاثر	ٱلتكاثر
التلاق	ٱلتلاق
التماثيل	ٱلتماثيل
التناد	ٱلتناد
التناوش	ٱلتناوش
التهلكة	ٱلتهلكة
التوب	ٱلتوب
التوبين	ٱلتوبين
الثابت	ٱلثابت
الثاقب	ٱلثاقب
الثالثة	ٱلثالثة
الثرى	ٱلثرى
الثقال	ٱلثقال
الثقلان	ٱلثقلان
الثلثان	ٱلثلثان
الثلثة	ٱلثلثة
الثمن	ٱلثمن
الجارية	ٱلجارية
الجان	ٱلجان
الجاهل	ٱلجاهل
الجبار	ٱلجبار
الجدار	ٱلجدار
الجرز	ٱلجرز
الجزاء	ٱلجزاء
الجزية	ٱلجزية
الجلاء	ٱلجلاء
الجمعة	ٱلجمعة
الجمل	ٱلجمل
الجميل	ٱلجميل
الجنات	ٱلجنات
الجنب	ٱلجنب
الجنود	ٱلجنود
الجوارح	ٱلجوارح
الجودى	ٱلجودى
الجوع	ٱلجوع
الجياد	ٱلجياد
الحاج	ٱلحاج
الحافرة	ٱلحافرة
الحب	ٱلحب
الحبك	ٱلحبك
الحجارة	ٱلحجارة
الحجة	ٱلحجة
الحجرت	ٱلحجرت
الحرم	ٱلحرم
الحرور	ٱلحرور
الحزبين	ٱلحزبين
الحسبين	ٱلحسبين
الحسرة	ٱلحسرة
الحسنت	ٱلحسنت
الحسنيين	ٱلحسنيين
الحشر	ٱلحشر
الحصيد	ٱلحصيد
الحطب	ٱلحطب
الحكام	ٱلحكام
الحلقوم	ٱلحلقوم
الحلية	ٱلحلية
الحليم	ٱلحليم
الحمار	ٱلحمار
الحمدون	ٱلحمدون
الحمية	ٱلحمية
الحمير	ٱلحمير
الحنث	ٱلحنث
الحوارين	ٱلحوارين
الحوايا	ٱلحوايا
الحول	ٱلحول
الحيوان	ٱلحيوان
الخائضين	ٱلخائضين
الخاطين	ٱلخاطين
الخالص	ٱلخالص
الخالية	ٱلخالية
الخبء	ٱلخبء
الخبيثت	ٱلخبيثت
الخرصون	ٱلخرصون
الخرطوم	ٱلخرطوم
الخشعين	ٱلخشعين
الخصم	ٱلخصم
الخطفة	ٱلخطفة
الخطون	ٱلخطون
الخلدون	ٱلخلدون
الخلدين	ٱلخلدين
الخلطاء	ٱلخلطاء
الخلفين	ٱلخلفين
الخلود	ٱلخلود
الخناس	ٱلخناس
الخياط	ٱلخياط
الخيام	ٱلخيام
الخيل	ٱلخيل
الداعي	ٱلداعى
الدبر	ٱلدبر
الدخلين	ٱلدخلين
الدرك	ٱلدرك
الدماء	ٱلدماء
الدوائر	ٱلدوائر
الديار	ٱلديار
الذباب	ٱلذباب
الذكران	ٱلذكران
الذكور	ٱلذكور
الذنب	ٱلذنب
الرأس	ٱلرأس
الرأى	ٱلرأى
الراجفة	ٱلراجفة
الرادفة	ٱلرادفة
الربنيون	ٱلربنيون
الرجع	ٱلرجع
الرجعى	ٱلرجعى
الرزاق	ٱلرزاق
الرسخون	ٱلرسخون
الرسولا	ٱلرسولا
الرشدون	ٱلرشدون
الرشيد	ٱلرشيد
الرضاعة	ٱلرضاعة
الرضعة	ٱلرضعة
الرعاء	ٱلرعاء
الرعد	ٱلرعد
الرفث	ٱلرفث
الرفد	ٱلرفد
الرقيب	ٱلرقيب
الركعون	ٱلركعون
الرهب	ٱلرهب
الروع	ٱلروع
الروم	ٱلروم
الرياح	ٱلرياح
الزاد	ٱلزاد
الزانى	ٱلزانى
الزانية	ٱلزانية
الزبانية	ٱلزبانية
الزبد	ٱلزبد
الزبور	ٱلزبور
الزجاجة	ٱلزجاجة
الزراع	ٱلزراع
الزرع	ٱلزرع
الزرعون	ٱلزرعون
الزنى	ٱلزنى
الزهدين	ٱلزهدين
الزينة	ٱلزينة
السئحون	ٱلسئحون
السائل	ٱلسائل
الساق	ٱلساق
السبقون	ٱلسبقون
السبل	ٱلسبل
السبيلا	ٱلسبيلا
السجدون	ٱلسجدون
السجل	ٱلسجل
السحرون	ٱلسحرون
السخرين	ٱلسخرين
السدرة	ٱلسدرة
السدين	ٱلسدين
السراء	ٱلسراء
السرائر	ٱلسرائر
السرد	ٱلسرد
السعي	ٱلسعى
السفلى	ٱلسفلى
السقاية	ٱلسقاية
السقف	ٱلسقف
السوأى	ٱلسوأى
السوى	ٱلسوى
السيارة	ٱلسيارة
السير	ٱلسير
السيل	ٱلسيل
الشتاء	ٱلشتاء
الشح	ٱلشح
الشراب	ٱلشراب
الشرك	ٱلشرك
الشعر	ٱلشعر
الشعرى	ٱلشعرى
الشفعين	ٱلشفعين
الشقة	ٱلشقة
الشكور	ٱلشكور
الشهور	ٱلشهور
الشوكة	ٱلشوكة
الصاخة	ٱلصاخة
الصافون	ٱلصافون
الصخر	ٱلصخر
الصخرة	ٱلصخرة
الصدع	ٱلصدع
الصدفين	ٱلصدفين
الصدق	ٱلصدق
الصديق	ٱلصديق
الصديقون	ٱلصديقون
الصرح	ٱلصرح
الصفا	ٱلصفا
الصفح	ٱلصفح
الصفنت	ٱلصفنت
الصلب	ٱلصلب
الصلح	ٱلصلح
الصلوت	ٱلصلوت
الصمد	ٱلصمد
الضأن	ٱلضأن
الضراء	ٱلضراء
الضرر	ٱلضرر
الضعف	ٱلضعف
الضعفاء	ٱلضعفاء
الطائفتين	ٱلطائفتين
الطارق	ٱلطارق
الطالب	ٱلطالب
الطامة	ٱلطامة
الطريقة	ٱلطريقة
الطفل	ٱلطفل
الظانين	ٱلظانين
الظلة	ٱلظلة
الظمان	ٱلظمان
الظنونا	ٱلظنونا
الظهيرة	ٱلظهيرة
العادين	ٱلعادين
العالين	ٱلعالين
العبدون	ٱلعبدون
العبدين	ٱلعبدين
العداوة	ٱلعداوة
العدو	ٱلعدو
العرم	ٱلعرم
العزم	ٱلعزم
العسرة	ٱلعسرة
العشاء	ٱلعشاء
العشار	ٱلعشار
العشير	ٱلعشير
العصف	ٱلعصف
العظام	ٱلعظام
العقد	ٱلعقد
العقيم	ٱلعقيم
العكف	ٱلعكف
العلقة	ٱلعلقة
العلمؤا	ٱلعلمؤا
العلمون	ٱلعلمون
العليا	ٱلعليا
العماد	ٱلعماد
العملون	ٱلعملون
العنت	ٱلعنت
العين	ٱلعين
العيون	ٱلعيون
الغائبين	ٱلغائبين
الغار	ٱلغار
الغاون	ٱلغاون
الغراب	ٱلغراب
الغربي	ٱلغربى
الغرفة	ٱلغرفة
الغرفت	ٱلغرفت
الغرق	ٱلغرق
الغروب	ٱلغروب
الغشية	ٱلغشية
الغضب	ٱلغضب
الغفرين	ٱلغفرين
الغفلت	ٱلغفلت
الغلم	ٱلغلم
الغمم	ٱلغمم
الفؤاد	ٱلفؤاد
الفئتان	ٱلفئتان
الفتاح	ٱلفتاح
الفتحين	ٱلفتحين
الفتية	ٱلفتية
الفجرة	ٱلفجرة
الفرار	ٱلفرار
الفراق	ٱلفراق
الفرحين	ٱلفرحين
الفريضة	ٱلفريضة
الفزع	ٱلفزع
الفسوق	ٱلفسوق
الفصلين	ٱلفصلين
الفقر	ٱلفقر
الفقير	ٱلفقير
الفلق	ٱلفلق
الفيل	ٱلفيل
القادر	ٱلقادر
القاضية	ٱلقاضية
القالين	ٱلقالين
القانع	ٱلقانع
القبلة	ٱلقبلة
القتلى	ٱلقتلى
القدرون	ٱلقدرون
القدير	ٱلقدير
القرح	ٱلقرح
القردة	ٱلقردة
القريتين	ٱلقريتين
القرين	ٱلقرين
القسط	ٱلقسط
القسمة	ٱلقسمة
القصوى	ٱلقصوى
القطر	ٱلقطر
القعدون	ٱلقعدون
القلئد	ٱلقلئد
القلب	ٱلقلب
القنتين	ٱلقنتين
القنطين	ٱلقنطين
القهر	ٱلقهر
الكذاب	ٱلكذاب
الكرة	ٱلكرة
الكعبين	ٱلكعبين
الكفرة	ٱلكفرة
الكفور	ٱلكفور
الكلب	ٱلكلب
الكللة	ٱلكللة
الكنس	ٱلكنس
الكنوز	ٱلكنوز
الكوافر	ٱلكوافر
الكوثر	ٱلكوثر
اللت	ٱللت
اللعبين	ٱللعبين
اللعنون	ٱللعنون
اللمم	ٱللمم
اللهب	ٱللهب
اللهو	ٱللهو
اللوامة	ٱللوامة
المؤمن	ٱلمؤمن
الماب	ٱلماب
الماعون	ٱلماعون
المبثوث	ٱلمبثوث
المبذرين	ٱلمبذرين
المبركة	ٱلمبركة
المتربصين	ٱلمتربصين
المتصدقين	ٱلمتصدقين
المتطهرين	ٱلمتطهرين
المتعال	ٱلمتعال
المتكبر	ٱلمتكبر
المتكلفين	ٱلمتكلفين
المتلقيان	ٱلمتلقيان
المتنفسون	ٱلمتنفسون
المتوكلين	ٱلمتوكلين
المتين	ٱلمتين
المثانى	ٱلمثانى
المثلت	ٱلمثلت
المثلي	ٱلمثلى
المجرم	ٱلمجرم
المجلس	ٱلمجلس
المجيبون	ٱلمجيبون
المحال	ٱلمحال
المحتظر	ٱلمحتظر
المحرم	ٱلمحرم
المخاض	ٱلمخاض
المخبتين	ٱلمخبتين
المخرجين	ٱلمخرجين
المخسرين	ٱلمخسرين
المدثر	ٱلمدثر
المدحضين	ٱلمدحضين
المر	المر
المراضع	ٱلمراضع
المرافق	ٱلمرافق
المرجومين	ٱلمرجومين
المرضى	ٱلمرضى
المرعى	ٱلمرعى
المرفود	ٱلمرفود
المرفوع	ٱلمرفوع
المزمل	ٱلمزمل
المزن	ٱلمزن
المس	ٱلمس
المساق	ٱلمساق
المسبحون	ٱلمسبحون
المسبحين	ٱلمسبحين
المستبين	ٱلمستبين
المستخرين	ٱلمستخرين
المستضعفين	ٱلمستضعفين
المستقدمين	ٱلمستقدمين
المستقر	ٱلمستقر
المستكبرين	ٱلمستكبرين
المستهزءين	ٱلمستهزءين
المسجور	ٱلمسجور
المسجونين	ٱلمسجونين
المسخر	ٱلمسخر
المسكنة	ٱلمسكنة
المسلمون	ٱلمسلمون
المسومة	ٱلمسومة
المسيء	ٱلمسىء
المشركت	ٱلمشركت
المشعر	ٱلمشعر
المص	المص
المصباح	ٱلمصباح
المصطفين	ٱلمصطفين
المصلح	ٱلمصلح
المصور	ٱلمصور
المصيطرون	ٱلمصيطرون
المضطر	ٱلمضطر
المضعفون	ٱلمضعفون
المضغة	ٱلمضغة
المضلين	ٱلمضلين
المطمئنة	ٱلمطمئنة
المطهرون	ٱلمطهرون
المطهرين	ٱلمطهرين
المطوعين	ٱلمطوعين
المعارج	ٱلمعارج
المعتبين	ٱلمعتبين
المعتدون	ٱلمعتدون
المعذبين	ٱلمعذبين
المعذرون	ٱلمعذرون
المعروف	ٱلمعروف
المعز	ٱلمعز
المعصرت	ٱلمعصرت
المعمور	ٱلمعمور
المعوقين	ٱلمعوقين
المغرب	ٱلمغرب
المغربين	ٱلمغربين
المغرقين	ٱلمغرقين
المغشى	ٱلمغشى
المغضوب	ٱلمغضوب
المفترين	ٱلمفترين
المفتون	ٱلمفتون
المفر	ٱلمفر
المفسد	ٱلمفسد
المفسدون	ٱلمفسدون
المفلحين	ٱلمفلحين
المقابر	ٱلمقابر
المقامة	ٱلمقامة
المقبوحين	ٱلمقبوحين
المقتر	ٱلمقتر
المقتسمين	ٱلمقتسمين
المقدسة	ٱلمقدسة
المقنطرة	ٱلمقنطرة
المكذبون	ٱلمكذبون
المكنون	ٱلمكنون
المكيدون	ٱلمكيدون
الملة	ٱلملة
الملعونة	ٱلملعونة
الملقين	ٱلملقين
الملكين	ٱلملكين
الملوك	ٱلملوك
الممات	ٱلممات
المناد	ٱلمناد
المنام	ٱلمنام
المنتصرين	ٱلمنتصرين
المنزلون	ٱلمنزلون
المنشات	ٱلمنشات
المنشون	ٱلمنشون
المنصورون	ٱلمنصورون
المنفوش	ٱلمنفوش
المنون	ٱلمنون
المهتدون	ٱلمهتدون
المهتدي	ٱلمهتدى
المهدون	ٱلمهدون
المهلكين	ٱلمهلكين
المهيمن	ٱلمهيمن
الموءدة	ٱلموءدة
الموتة	ٱلموتة
المودة	ٱلمودة
المورود	ٱلمورود
الموزين	ٱلموزين
الموسع	ٱلموسع
الموعود	ٱلموعود
الموقدة	ٱلموقدة
الموقنين	ٱلموقنين
المولود	ٱلمولود
الميثق	ٱلميثق
الميعد	ٱلميعد
الميل	ٱلميل
الناقور	ٱلناقور
النبإ	ٱلنبإ
النجدين	ٱلنجدين
النجم	ٱلنجم
النجوة	ٱلنجوة
النحل	ٱلنحل
النخيل	ٱلنخيل
الندمين	ٱلندمين
النسوة	ٱلنسوة
النسيء	ٱلنسىء
النصب	ٱلنصب
النصرين	ٱلنصرين
النصف	ٱلنصف
النطفة	ٱلنطفة
النظرين	ٱلنظرين
النعاس	ٱلنعاس
النعم	ٱلنعم
النعمة	ٱلنعمة
النفاق	ٱلنفاق
النفثت	ٱلنفثت
النفوس	ٱلنفوس
النون	ٱلنون
الهدهد	ٱلهدهد
الهلكين	ٱلهلكين
الهيم	ٱلهيم
الواد	ٱلواد
الوارث	ٱلوارث
الوتين	ٱلوتين
الوثاق	ٱلوثاق
الوحوش	ٱلوحوش
الودود	ٱلودود
الورد	ٱلورد
الوريد	ٱلوريد
الوزن	ٱلوزن
الوسطى	ٱلوسطى
الوسواس	ٱلوسواس
الوعظين	ٱلوعظين
الوقود	ٱلوقود
الوكيل	ٱلوكيل
الولدين	ٱلولدين
الولية	ٱلولية
الويل	ٱلويل
الياقوت	ٱلياقوت
اليسر	ٱليسر
امتحن	ٱمتحن
امتلأت	ٱمتلأت
امرأ	ٱمرأ
امرأتين	ٱمرأتين
امرؤا	ٱمرؤا
امشوا	ٱمشوا
انبعاثهم	ٱنبعاثهم
انبعث	ٱنبعث
انتبذت	ٱنتبذت
انتثرت	ٱنتثرت
انتصر	ٱنتصر
انتظروا	ٱنتظروا
انتقمنا	ٱنتقمنا
انسلخ	ٱنسلخ
انشزوا	ٱنشزوا
انصرفوا	ٱنصرفوا
انطلقتم	ٱنطلقتم
انظرنا	ٱنظرنا
انظرونا	ٱنظرونا
انفخوا	ٱنفخوا
انفصام	ٱنفصام
انفضوا	ٱنفضوا
انفطرت	ٱنفطرت
انقص	ٱنقص
انقلب	ٱنقلب
انكدرت	ٱنكدرت
اهبط	ٱهبط
اهبطا	ٱهبطا
اهتديت	ٱهتديت
اهتديتم	ٱهتديتم
اهدنا	ٱهدنا
بأبصرهم	بأبصرهم
بأحسنها	بأحسنها
بأحكم	بأحكم
بأخ	بأخ
بأخيك	بأخيك
بأرجلهن	بأرجلهن
بأسماء	بأسماء
بأسه	بأسه
بأسهم	بأسهم
بأشياعهم	بأشياعهم
بأصحب	بأصحب
بأعدائكم	بأعدائكم
بأفواهكم	بأفواهكم
بأفوهكم	بأفوهكم
بأكواب	بأكواب
بألسنة	بألسنة
بألسنتكم	بألسنتكم
بألف	بألف
بأمانيكم	بأمانيكم
بأمرهم	بأمرهم
بأنكم	بأنكم
بأننا	بأننا
بأهدى	بأهدى
بأهلكم	بأهلكم
بأهوائهم	بأهوائهم
بأوعيتهم	بأوعيتهم
بأيدى	بأيدى
بأيدينا	بأيدينا
بأيىم	بأيىم
بأييد	بأييد
بأييكم	بأييكم
بإبرهيم	بإبرهيم
بإثمى	بإثمى
بإخراج	بإخراج
بإلحاد	بإلحاد
بإممهم	بإممهم
بإيمن	بإيمن
بإيمنكم	بإيمنكم
بإيمنهم	بإيمنهم
بإيمنهن	بإيمنهن
باتخاذكم	بٱتخاذكم
باخذيه	باخذيه
باخرين	باخرين
بادون	بادون
بادى	بادى
بارزة	بارزة
بازغا	بازغا
بازغة	بازغة
باسرة	باسرة
باسطوا	باسطوا
باسقت	باسقت
باطنه	باطنه
باق	باق
بالأبصر	بٱلأبصر
بالأحقاف	بٱلأحقاف
بالأخسرين	بٱلأخسرين
بالأذن	بٱلأذن
بالأزلم	بٱلأزلم
بالأسحار	بٱلأسحار
بالألقب	بٱلألقب
بالأمن	بٱلأمن
بالأنف	بٱلأنف
بالإفك	بٱلإفك
بالبصر	بٱلبصر
بالبيت	بٱلبيت
بالتقوى	بٱلتقوى
بالتورىة	بٱلتورىة
بالجبت	بٱلجبت
بالجنب	بٱلجنب
بالجنة	بٱلجنة
بالجنود	بٱلجنود
بالحج	بٱلحج
بالحجاب	بٱلحجاب
بالحر	بٱلحر
بالحسنت	بٱلحسنت
بالخاطئة	بٱلخاطئة
بالخلق	بٱلخلق
بالخنس	بٱلخنس
بالخيرت	بٱلخيرت
بالدهن	بٱلدهن
بالذكر	بٱلذكر
بالرسل	بٱلرسل
بالروح	بٱلروح
بالساحل	بٱلساحل
بالساق	بٱلساق
بالساهرة	بٱلساهرة
بالسن	بٱلسن
بالسنين	بٱلسنين
بالسوق	بٱلسوق
بالشفق	بٱلشفق
بالشكرين	بٱلشكرين
بالشمس	بٱلشمس
بالشهداء	بٱلشهداء
بالشهدة	بٱلشهدة
بالشهر	بٱلشهر
بالطاغية	بٱلطاغية
بالطغوت	بٱلطغوت
بالطيب	بٱلطيب
بالعبد	بٱلعبد
بالعرف	بٱلعرف
بالعصبة	بٱلعصبة
بالعقود	بٱلعقود
بالعمرة	بٱلعمرة
بالعهد	بٱلعهد
بالعين	بٱلعين
بالغمم	بٱلغمم
بالفتح	بٱلفتح
بالقارعة	بٱلقارعة
بالقعود	بٱلقعود
بالقلم	بٱلقلم
بالمرحمة	بٱلمرحمة
بالمعتدين	بٱلمعتدين
بالمغفرة	بٱلمغفرة
بالملإ	بٱلملإ
بالملئكة	بٱلملئكة
بالملك	بٱلملك
بالمن	بٱلمن
بالمنكر	بٱلمنكر
بالناصية	بٱلناصية
بالنبين	بٱلنبين
بالنوصى	بٱلنوصى
بالهزل	بٱلهزل
بالوحى	بٱلوحى
بالوصيد	بٱلوصيد
بالوعيد	بٱلوعيد
بانية	بانية
بايعتم	بايعتم
ببابل	ببابل
بباسط	بباسط
ببدر	ببدر
ببدنك	ببدنك
ببضعة	ببضعة
ببطن	ببطن
ببعضها	ببعضها
ببغيهم	ببغيهم
ببكة	ببكة
ببلغه	ببلغه
ببلغيه	ببلغيه
ببنيه	ببنيه
ببهتن	ببهتن
ببيعكم	ببيعكم
بتاركى	بتاركى
بتحية	بتحية
بث	بث
بثالث	بثالث
بثلثة	بثلثة
بثمره	بثمره
بثمن	بثمن
بثي	بثى
بجالوت	بجالوت
بجبار	بجبار
بجذع	بجذع
بجناحيه	بجناحيه
بجنتيهم	بجنتيهم
بجنوده	بجنوده
بحجارة	بحجارة
بحديث	بحديث
بحر	بحر
بحرب	بحرب
بحسبان	بحسبان
بحق	بحق
بحكمه	بحكمه
بحمدك	بحمدك
بحملين	بحملين
بحيرة	بحيرة
بخارج	بخارج
بخالصة	بخالصة
بخزنين	بخزنين
بخس	بخس
بخسا	بخسا
بخل	بخل
بخلقكم	بخلقكم
بخلقهن	بخلقهن
بخمرهن	بخمرهن
بخمسة	بخمسة
بخيلك	بخيلك
بدءوكم	بدءوكم
بدأ	بدأ
بدأكم	بدأكم
بدأنا	بدأنا
بدخان	بدخان
بدعا	بدعا
بدعاء	بدعاء
بدعائك	بدعائك
بدل	بدل
بدلا	بدلا
بدلنهم	بدلنهم
بدم	بدم
بدين	بدين
بدينار	بدينار
بدينكم	بدينكم
بذبح	بذبح
بذكرهم	بذكرهم
بذنبه	بذنبه
بذنوبكم	بذنوبكم
بذنوبنا	بذنوبنا
برءؤا	برءؤا
برءوسكم	برءوسكم
برأس	برأس
برأسى	برأسى
براء	براء
برادى	برادى
بربه	بربه
بربوة	بربوة
برجال	برجال
برجلك	برجلك
برحمتنا	برحمتنا
برد	برد
بردهن	بردهن
بررة	بررة
برزخا	برزخا
برزق	برزق
برزقين	برزقين
برزون	برزون
برسلتى	برسلتى
برسلنا	برسلنا
برسلى	برسلى
برسول	برسول
برسوله	برسوله
برسولهم	برسولهم
برشيد	برشيد
برق	برق
برقه	برقه
بركت	بركت
بركنه	بركنه
برهنان	برهنان
بروج	بروج
بريا	بريا
بريون	بريون
بسؤال	بسؤال
بسا	بسا
بساحتهم	بساحتهم
بساطا	بساطا
بسبب	بسبب
بسحرك	بسحرك
بسحره	بسحره
بسحرهما	بسحرهما
بسخط	بسخط
بسطة	بسطة
بسطت	بسطت
بسكرى	بسكرى
بسمعهم	بسمعهم
بسور	بسور
بشرر	بشرر
بشرككم	بشرككم
بشرنك	بشرنك
بشروهن	بشروهن
بشرىكم	بشرىكم
بشق	بشق
بشماله	بشماله
بشهاب	بشهاب
بشهدتهم	بشهدتهم
بشهيد	بشهيد
بصئر	بصئر
بصاحبكم	بصاحبكم
بصاحبهم	بصاحبهم
بصحاف	بصحاف
بصدقة	بصدقة
بصدقهم	بصدقهم
بصرت	بصرت
بصره	بصره
بصطة	بصطة
بصلاتك	بصلاتك
بصوتك	بصوتك
بضارهم	بضارهم
بضارين	بضارين
بضعة	بضعة
بضعتنا	بضعتنا
بضنين	بضنين
بضياء	بضياء
بطائنها	بطائنها
بطانة	بطانة
بطرا	بطرا
بطرت	بطرت
بطريقتكم	بطريقتكم
بطش	بطش
بطشتنا	بطشتنا
بطغوىها	بطغوىها
بطني	بطنى
بطونه	بطونه
بظلام	بظلام
بظهر	بظهر
بعاد	بعاد
بعبادة	بعبادة
بعبده	بعبده
بعثر	بعثر
بعثرت	بعثرت
بعثكم	بعثكم
بعثنكم	بعثنكم
بعثه	بعثه
بعدتهم	بعدتهم
بعدك	بعدك
بعدكم	بعدكم
بعدهن	بعدهن
بعذابكم	بعذابكم
بعرشها	بعرشها
بعزة	بعزة
بعصم	بعصم
بعظم	بعظم
بعلا	بعلا
بعلمين	بعلمين
بعلها	بعلها
بعلى	بعلى
بعهدكم	بعهدكم
بعهدهم	بعهدهم
بعهدى	بعهدى
بعورة	بعورة
بعوضة	بعوضة
بغائبين	بغائبين
بغت	بغت
بغرور	بغرور
بغم	بغم
بغيظكم	بغيظكم
بغيظهم	بغيظهم
بغيكم	بغيكم
بفتنين	بفتنين
بفضل	بفضل
بقبس	بقبس
بقبول	بقبول
بقدرها	بقدرها
بقرآن	بقرءان
بقربان	بقربان
بقريب	بقريب
بقلها	بقلها
بقميصى	بقميصى
بقنطار	بقنطار
بقى	بقى
بقية	بقية
بقيت	بقيت
بقيعة	بقيعة
بكأس	بكأس
بكاف	بكاف
بكاهن	بكاهن
بكت	بكت
بكتبكم	بكتبكم
بكتبى	بكتبى
بكر	بكر
بكفرك	بكفرك
بكفرين	بكفرين
بكيدهن	بكيدهن
بلؤا	بلؤا
بلحيتى	بلحيتى
بلدا	بلدا
بلغنى	بلغنى
بلغوه	بلغوه
بلغيه	بلغيه
بلقائ	بلقائ
بلونا	بلونا
بلونهم	بلونهم
بليغا	بليغا
بليل	بليل
بم	بم
بمؤمن	بمؤمن
بمال	بمال
بمثلها	بمثلها
بمخرجين	بمخرجين
بمزحزحه	بمزحزحه
بمستيقنين	بمستيقنين
بمسمع	بمسمع
بمصر	بمصر
بمصرخكم	بمصرخكم
بمصرخى	بمصرخى
بمصيطر	بمصيطر
بمعجز	بمعجز
بمغفرة	بمغفرة
بمفازة	بمفازة
بمفازتهم	بمفازتهم
بمقدار	بمقدار
بمقعدهم	بمقعدهم
بمكرهن	بمكرهن
بملكنا	بملكنا
بملوم	بملوم
بمنشرين	بمنشرين
بموسى	بموسى
بموقع	بموقع
بميت	بميت
بميتين	بميتين
بميثقهم	بميثقهم
بنات	بنات
بناتك	بناتك
بناصيتها	بناصيتها
بنان	بنان
بنانه	بنانه
بنخل	بنخل
بنصب	بنصب
بنصر	بنصر
بنعمته	بنعمته
بنفسك	بنفسك
بنميم	بنميم
بنهر	بنهر
بنور	بنور
بنورهم	بنورهم
بنون	بنون
بنيه	بنيه
بهتن	بهتن
بهجة	بهجة
بهد	بهد
بهدى	بهدى
بهدية	بهدية
بهديتكم	بهديتكم
بواد	بواد
بوجهه	بوجهه
بوحدة	بوحدة
بورقكم	بورقكم
بورك	بورك
بولدتى	بولدتى
بولده	بولده
بولدها	بولدها
بيان	بيان
بيانه	بيانه
بيته	بيته
بيتها	بيتها
بيحيى	بيحيى
بيدي	بيدى
بيس	بيس
بينهن	بينهن
بيوتنا	بيوتنا
بيوتهن	بيوتهن
بيوسف	بيوسف
تأتنا	تأتنا
تأتوا	تأتوا
تأتوننا	تأتوننا
تأتونى	تأتونى
تأثيم	تأثيم
تأثيما	تأثيما
تأجرنى	تأجرنى
تأخذ	تأخذ
تأخذكم	تأخذكم
تأخذه	تأخذه
تأخذهم	تأخذهم
تأخذونه	تأخذونه
تأخذونها	تأخذونها
تأسوا	تأسوا
تأكله	تأكله
تأكلوها	تأكلوها
تأمرك	تأمرك
تأمرنا	تأمرنا
تأمرهم	تأمرهم
تأمروننا	تأمروننا
تأمرونى	تأمرونى
تأمرين	تأمرين
تأمنا	تأمنا
تؤاخذنا	تؤاخذنا
تؤاخذنى	تؤاخذنى
تؤتوا	تؤتوا
تؤتون	تؤتون
تؤتونهن	تؤتونهن
تؤتوه	تؤتوه
تؤثرون	تؤثرون
تؤدوا	تؤدوا
تؤذوا	تؤذوا
تؤذوننى	تؤذوننى
تؤزهم	تؤزهم
تئبت	تئبت
تابا	تابا
تارك	تارك
تايسوا	تايسوا
تباب	تباب
تبارا	تبارا
تبايعتم	تبايعتم
تبتغون	تبتغون
تبتيلا	تبتيلا
تبخلوا	تبخلوا
تبدونها	تبدونها
تبدوه	تبدوه
تبذر	تبذر
تبذيرا	تبذيرا
تبرءوا	تبرءوا
تبرأنا	تبرأنا
تبرج	تبرج
تبرجن	تبرجن
تبرنا	تبرنا
تبروا	تبروا
تبروهم	تبروهم
تبسطها	تبسطها
تبسل	تبسل
تبشرون	تبشرون
تبشروهن	تبشروهن
تبصرة	تبصرة
تبعثون	تبعثون
تبعنى	تبعنى
تبعوا	تبعوا
تبغ	تبغ
تبغوا	تبغوا
تبغونها	تبغونها
تبغى	تبغى
تبقى	تبقى
تبكون	تبكون
تبلغ	تبلغ
تبلوا	تبلوا
تبلى	تبلى
تبوءا	تبوءا
تبوءو	تبوءو
تبوأ	تبوأ
تبوئ	تبوئ
تبور	تبور
تبيد	تبيد
تبيض	تبيض
تبيعا	تبيعا
تبينا	تبينا
تبينت	تبينت
تتبدلوا	تتبدلوا
تتبعان	تتبعان
تتبعن	تتبعن
تتبعها	تتبعها
تتبعونا	تتبعونا
تتبيب	تتبيب
تتجافى	تتجافى
تتخذ	تتخذ
تترا	تترا
تتركه	تتركه
تتركوا	تتركوا
تتفرقوا	تتفرقوا
تتفكروا	تتفكروا
تتقلب	تتقلب
تتكبر	تتكبر
تتلون	تتلون
تتمارى	تتمارى
تتمنوا	تتمنوا
تتنجوا	تتنجوا
تتنزل	تتنزل
تتوبا	تتوبا
تثبيتا	تثبيتا
تثريب	تثريب
تثقفنهم	تثقفنهم
تثير	تثير
تجتنبوا	تجتنبوا
تجدلك	تجدلك
تجدلوا	تجدلوا
تجرتهم	تجرتهم
تجرمون	تجرمون
تجروا	تجروا
تجرون	تجرون
تجريان	تجريان
تجسسوا	تجسسوا
تجعلونه	تجعلونه
تجمعوا	تجمعوا
تجهروا	تجهروا
تجوع	تجوع
تحاوركما	تحاوركما
تحبرون	تحبرون
تحبسونهما	تحبسونهما
تحبط	تحبط
تحبوا	تحبوا
تحبونها	تحبونها
تحبونهم	تحبونهم
تحتك	تحتك
تحته	تحته
تحتى	تحتى
تحدث	تحدث
تحذرون	تحذرون
تحرثون	تحرثون
تحرص	تحرص
تحرك	تحرك
تحرم	تحرم
تحرموا	تحرموا
تحروا	تحروا
تحرير	تحرير
تحس	تحس
تحسب	تحسب
تحسبنهم	تحسبنهم
تحسبها	تحسبها
تحسبهم	تحسبهم
تحسبوه	تحسبوه
تحسدوننا	تحسدوننا
تحسنوا	تحسنوا
تحسونهم	تحسونهم
تحصنا	تحصنا
تحصنون	تحصنون
تحصوه	تحصوه
تحضون	تحضون
تحكم	تحكم
تحكموا	تحكموا
تحلة	تحلة
تحلقوا	تحلقوا
تحلوا	تحلوا
تحملنا	تحملنا
تحنث	تحنث
تحي	تحى
تحيد	تحيد
تحيطوا	تحيطوا
تحيون	تحيون
تخاصم	تخاصم
تخافا	تخافا
تخافت	تخافت
تخافن	تخافن
تخافوا	تخافوا
تخافونهم	تخافونهم
تخافوهم	تخافوهم
تخافي	تخافى
تخالطوهم	تخالطوهم
تختانون	تختانون
تختصموا	تختصموا
تختصمون	تختصمون
تخرجوا	تخرجوا
تخرجوهن	تخرجوهن
تخرصون	تخرصون
تخرق	تخرق
تخزنا	تخزنا
تخزني	تخزنى
تخسروا	تخسروا
تخسير	تخسير
تخشع	تخشع
تخشوا	تخشوا
تخشون	تخشون
تخشوه	تخشوه
تخشى	تخشى
تخشىه	تخشىه
تخضعن	تخضعن
تخطه	تخطه
تخفوا	تخفوا
تخفوها	تخفوها
تخفيف	تخفيف
تخلدون	تخلدون
تخلف	تخلف
تخلفه	تخلفه
تخلق	تخلق
تخلقونه	تخلقونه
تخوف	تخوف
تخونوا	تخونوا
تخويفا	تخويفا
تخيرون	تخيرون
تداينتم	تداينتم
تدخرون	تدخرون
تدخل	تدخل
تدخلوها	تدخلوها
تدرك	تدرك
تدرون	تدرون
تدعهم	تدعهم
تدعوننا	تدعوننا
تدعونه	تدعونه
تدعى	تدعى
تدمر	تدمر
تدهن	تدهن
تدور	تدور
تديرونها	تديرونها
تذبحوا	تذبحوا
تذرنى	تذرنى
تذرهم	تذرهم
تذروه	تذروه
تذليلا	تذليلا
تذهب	تذهب
تذهبوا	تذهبوا
تذهبون	تذهبون
تذهل	تذهل
تذودان	تذودان
ترآ	ترءا
تراءت	تراءت
تربص	تربص
تربصوا	تربصوا
تربصون	تربصون
ترتابوا	ترتابوا
ترتدوا	ترتدوا
ترثوا	ترثوا
ترجعونها	ترجعونها
ترجعوهن	ترجعوهن
ترجمون	ترجمون
ترجوا	ترجوا
ترجون	ترجون
ترجوها	ترجوها
ترجى	ترجى
ترد	ترد
تردى	تردى
ترزقانه	ترزقانه
ترضون	ترضون
ترضونها	ترضونها
ترضىها	ترضىها
ترضيتم	ترضيتم
ترفع	ترفع
ترفعوا	ترفعوا
ترقب	ترقب
ترقى	ترقى
تركبون	تركبون
تركتموها	تركتموها
تركضوا	تركضوا
تركنا	تركنا
تركنها	تركنها
تركنوا	تركنوا
ترمى	ترمى
ترميهم	ترميهم
ترن	ترن
ترهبون	ترهبون
ترهقنى	ترهقنى
ترهقها	ترهقها
ترود	ترود
ترونهم	ترونهم
ترىهم	ترىهم
تريحون	تريحون
ترين	ترين
تريني	ترينى
تزال	تزال
تزداد	تزداد
تزدرى	تزدرى
تزرعون	تزرعون
تزرعونه	تزرعونه
تزغ	تزغ
تزكوا	تزكوا
تزور	تزور
تزولا	تزولا
تزيدوننى	تزيدوننى
تزيلوا	تزيلوا
تسؤكم	تسؤكم
تساءلون	تساءلون
تسبح	تسبح
تسبحون	تسبحون
تسبوا	تسبوا
تسبيحهم	تسبيحهم
تستأنسوا	تستأنسوا
تستترون	تستترون
تستخرون	تستخرون
تستخفونها	تستخفونها
تسترضعوا	تسترضعوا
تستطع	تستطع
تستطيعوا	تستطيعوا
تستطيعون	تستطيعون
تستعجل	تستعجل
تستعجلوه	تستعجلوه
تستغفرون	تستغفرون
تستغيثون	تستغيثون
تستفت	تستفت
تستفتحوا	تستفتحوا
تستفتيان	تستفتيان
تستقدمون	تستقدمون
تستقسموا	تستقسموا
تستكثر	تستكثر
تستمعون	تستمعون
تستهزءون	تستهزءون
تسجدوا	تسجدوا
تسحرون	تسحرون
تسخروا	تسخروا
تسخرون	تسخرون
تسر	تسر
تسرحون	تسرحون
تسريح	تسريح
تسطع	تسطع
تسعا	تسعا
تسفكون	تسفكون
تسكن	تسكن
تسكنون	تسكنون
تسل	تسل
تسلمون	تسلمون
تسلن	تسلن
تسلنى	تسلنى
تسمعوا	تسمعوا
تسموا	تسموا
تسمى	تسمى
تسمية	تسمية
تسنيم	تسنيم
تسوروا	تسوروا
تسوى	تسوى
تسيمون	تسيمون
تشبهت	تشبهت
تشتهى	تشتهى
تشتهيه	تشتهيه
تشخص	تشخص
تشطط	تشطط
تشقون	تشقون
تشكروا	تشكروا
تشمت	تشمت
تشيع	تشيع
تصبحون	تصبحون
تصبر	تصبر
تصبكم	تصبكم
تصحبنى	تصحبنى
تصدق	تصدق
تصدقوا	تصدقوا
تصدقون	تصدقون
تصدون	تصدون
تصدونا	تصدونا
تصدى	تصدى
تصرف	تصرف
تصعدون	تصعدون
تصعر	تصعر
تصف	تصف
تصلحوا	تصلحوا
تصلى	تصلى
تصنعون	تصنعون
تصوموا	تصوموا
تصيبن	تصيبن
تصيبنا	تصيبنا
تصيبوا	تصيبوا
تصير	تصير
تضار	تضار
تضاروهن	تضاروهن
تضحكون	تضحكون
تضحى	تضحى
تضربوا	تضربوا
تضرعوا	تضرعوا
تضرونه	تضرونه
تضروه	تضروه
تضعوا	تضعوا
تضعون	تضعون
تضليل	تضليل
تطرد	تطرد
تطعمون	تطعمون
تطعه	تطعه
تطمئن	تطمئن
تطهرن	تطهرن
تطهرهم	تطهرهم
تطهيرا	تطهيرا
تطوها	تطوها
تطوهم	تطوهم
تطيرنا	تطيرنا
تطيعوه	تطيعوه
تظلموا	تظلموا
تظمؤا	تظمؤا
تظن	تظن
تعاسرتم	تعاسرتم
تعاونوا	تعاونوا
تعبثون	تعبثون
تعبرون	تعبرون
تعتدونها	تعتدونها
تعتدوها	تعتدوها
تعجب	تعجب
تعجبون	تعجبون
تعد	تعد
تعدل	تعدل
تعذب	تعذب
تعرج	تعرج
تعرض	تعرض
تعرضن	تعرضن
تعرضوا	تعرضوا
تعرضون	تعرضون
تعرفهم	تعرفهم
تعرى	تعرى
تعزموا	تعزموا
تعظون	تعظون
تعلمن	تعلمن
تعلمها	تعلمها
تعلمهم	تعلمهم
تعلمونهم	تعلمونهم
تعلمونهن	تعلمونهن
تعلموهم	تعلموهم
تعمدت	تعمدت
تعمل	تعمل
تعودون	تعودون
تعولوا	تعولوا
تغتسلوا	تغتسلوا
تغرب	تغرب
تغشىها	تغشىها
تغفلون	تغفلون
تغلبون	تغلبون
تغمضوا	تغمضوا
تغيض	تغيض
تغيظا	تغيظا
تفتؤا	تفتؤا
تفتح	تفتح
تفتروا	تفتروا
تفتنون	تفتنون
تفتني	تفتنى
تفثهم	تفثهم
تفجر	تفجر
تفدوهم	تفدوهم
تفرح	تفرح
تفرحوا	تفرحوا
تفرضوا	تفرضوا
تفرق	تفرق
تفرون	تفرون
تفسحوا	تفسحوا
تفسقون	تفسقون
تفسيرا	تفسيرا
تفشلا	تفشلا
تفصيلا	تفصيلا
تفضحون	تفضحون
تفعل	تفعل
تفعلوه	تفعلوه
تفقدون	تفقدون
تفقهون	تفقهون
تفكهون	تفكهون
تفلحوا	تفلحوا
تفندون	تفندون
تفوت	تفوت
تفور	تفور
تفيء	تفىء
تق	تق
تقاته	تقاته
تقاسموا	تقاسموا
تقبلوا	تقبلوا
تقتل	تقتل
تقتلنى	تقتلنى
تقتلونهم	تقتلونهم
تقتلوه	تقتلوه
تقتيلا	تقتيلا
تقدم	تقدم
تقربكم	تقربكم
تقربون	تقربون
تقربوها	تقربوها
تقربوهن	تقربوهن
تقرضهم	تقرضهم
تقرضوا	تقرضوا
تقسطوا	تقسطوا
تقسموا	تقسموا
تقشعر	تقشعر
تقصروا	تقصروا
تقصص	تقصص
تقضى	تقضى
تقع	تقع
تقعد	تقعد
تقف	تقف
تقل	تقل
تقلبون	تقلبون
تقنطوا	تقنطوا
تقهر	تقهر
تقولن	تقولن
تقوله	تقوله
تقوىهم	تقوىهم
تقويم	تقويم
تقىة	تقىة
تقيموا	تقيموا
تكبيرا	تكبيرا
تكتبوه	تكتبوه
تكتبوها	تكتبوها
تكتموا	تكتموا
تكتمونه	تكتمونه
تكذبوا	تكذبوا
تكذيب	تكذيب
تكرمون	تكرمون
تكره	تكره
تكفر	تكفر
تكلمهم	تكلمهم
تكلمون	تكلمون
تكليما	تكليما
تكنزون	تكنزون
تلاوته	تلاوته
تلبثوا	تلبثوا
تلبسوا	تلبسوا
تلبسون	تلبسون
تلظى	تلظى
تلفح	تلفح
تلقائ	تلقائ
تلقوا	تلقوا
تلقون	تلقون
تلقونه	تلقونه
تلقوه	تلقوه
تلكم	تلكم
تلكما	تلكما
تلمزوا	تلمزوا
تلهكم	تلهكم
تلهى	تلهى
تلهيهم	تلهيهم
تلوا	تلوا
تلوته	تلوته
تلومونى	تلومونى
تلون	تلون
تلىها	تلىها
تليت	تليت
تلين	تلين
تمار	تمار
تماما	تماما
تمت	تمت
تمترن	تمترن
تمتعون	تمتعون
تمر	تمر
تمرحون	تمرحون
تمسسكم	تمسسكم
تمسسه	تمسسه
تمسكوا	تمسكوا
تمسكوهن	تمسكوهن
تمسون	تمسون
تمشون	تمشون
تمكرون	تمكرون
تملكهم	تملكهم
تملى	تملى
تمنعهم	تمنعهم
تمنن	تمنن
تمنها	تمنها
تمهيدا	تمهيدا
تموتون	تموتون
تميز	تميز
تنابزوا	تنابزوا
تناصرون	تناصرون
تناله	تناله
تنالوا	تنالوا
تنبئهم	تنبئهم
تنبتوا	تنبتوا
تنبونه	تنبونه
تنتشرون	تنتشرون
تنتصران	تنتصران
تنجيتم	تنجيتم
تنجيكم	تنجيكم
تنحتون	تنحتون
تنزع	تنزع
تنزعتم	تنزعتم
تنزعوا	تنزعوا
تنزلت	تنزلت
تنس	تنس
تنسوا	تنسوا
تنصروا	تنصروا
تنصروه	تنصروه
تنفد	تنفد
تنفذوا	تنفذوا
تنفذون	تنفذون
تنفس	تنفس
تنفعكم	تنفعكم
تنفعها	تنفعها
تنفعهم	تنفعهم
تنقذ	تنقذ
تنقص	تنقص
تنقصوا	تنقصوا
تنقضوا	تنقضوا
تنقم	تنقم
تنقمون	تنقمون
تنكح	تنكح
تنكرون	تنكرون
تنكصون	تنكصون
تنكيلا	تنكيلا
تنهر	تنهر
تنهرهما	تنهرهما
تنهون	تنهون
تنهى	تنهى
تنيا	تنيا
تهجرون	تهجرون
تهدوا	تهدوا
توارت	توارت
تواعدتم	تواعدتم
تواعدوهن	تواعدوهن
توبتهم	توبتهم
توجل	توجل
توجه	توجه
تود	تود
تورون	تورون
توسوس	توسوس
توصون	توصون
توصية	توصية
توعظون	توعظون
توفته	توفته
توفتهم	توفتهم
توفنى	توفنى
توفون	توفون
توفىهم	توفىهم
توفيتنى	توفيتنى
توفيقى	توفيقى
توقدون	توقدون
توقنون	توقنون
توكلوا	توكلوا
توكيدها	توكيدها
تول	تول
تولاه	تولاه
تولج	تولج
تولون	تولون
تويه	تويه
تيمموا	تيمموا
ثابت	ثابت
ثاقب	ثاقب
ثالث	ثالث
ثاويا	ثاويا
ثبات	ثبات
ثبتنك	ثبتنك
ثبوتها	ثبوتها
ثجاجا	ثجاجا
ثقالا	ثقالا
ثلثا	ثلثا
ثلثون	ثلثون
ثلثي	ثلثى
ثلثين	ثلثين
ثمر	ثمر
ثمرة	ثمرة
ثمني	ثمنى
ثمنين	ثمنين
ثمودا	ثمودا
ثوب	ثوب
ثيابا	ثيابا
ثيابكم	ثيابكم
ثيابهن	ثيابهن
ثيبت	ثيبت
جئتك	جئتك
جئنكم	جئنكم
جئنهم	جئنهم
جاءتك	جاءتك
جاءتنا	جاءتنا
جاءته	جاءته
جاءتها	جاءتها
جائر	جائر
جابوا	جابوا
جاثية	جاثية
جار	جار
جارية	جارية
جاز	جاز
جاعلك	جاعلك
جالوت	جالوت
جامدة	جامدة
جاوزا	جاوزا
جاوزه	جاوزه
جبال	جبال
جباههم	جباههم
جبلا	جبلا
جحدوا	جحدوا
جد	جد
جدارا	جدارا
جدال	جدال
جدد	جدد
جدر	جدر
جدلتم	جدلتم
جدلتنا	جدلتنا
جدلنا	جدلنا
جدلوك	جدلوك
جذذا	جذذا
جذع	جذع
جذوة	جذوة
جذوع	جذوع
جراد	جراد
جرحتم	جرحتم
جرزا	جرزا
جرف	جرف
جزء	جزء
جزاؤكم	جزاؤكم
جزوعا	جزوعا
جزيتهم	جزيتهم
جعلا	جعلا
جعلتم	جعلتم
جعلته	جعلته
جعلها	جعلها
جفاء	جفاء
جلبيبهن	جلبيبهن
جلودا	جلودا
جلودكم	جلودكم
جلىها	جلىها
جما	جما
جمال	جمال
جمع	جمع
جمعكم	جمعكم
جمعنكم	جمعنكم
جمعنهم	جمعنهم
جمعه	جمعه
جمعهم	جمعهم
جمعوا	جمعوا
جملة	جملة
جملت	جملت
جن	جن
جنته	جنته
جنتي	جنتى
جنحوا	جنحوا
جندا	جندا
جندنا	جندنا
جنفا	جنفا
جنوبكم	جنوبكم
جنوبها	جنوبها
جنودا	جنودا
جنوده	جنوده
جنيا	جنيا
جهادا	جهادا
جهاده	جهاده
جهارا	جهارا
جهدا	جهدا
جهدهم	جهدهم
جهر	جهر
جهلون	جهلون
جهولا	جهولا
جو	جو
جوفه	جوفه
جيدها	جيدها
جيوبهن	جيوبهن
حاج	حاج
حاجزا	حاجزا
حاجك	حاجك
حاجوك	حاجوك
حاد	حاد
حارب	حارب
حاسد	حاسد
حاضرا	حاضرا
حاضري	حاضرى
حافظ	حافظ
حافين	حافين
حام	حام
حبب	حبب
حبط	حبط
حتما	حتما
حثيثا	حثيثا
حجتنا	حجتنا
حجج	حجج
حججتم	حججتم
حجرا	حجرا
حجزين	حجزين
حجوركم	حجوركم
حداد	حداد
حدب	حدب
حدوده	حدوده
حديدا	حديدا
حذرهم	حذرهم
حذرون	حذرون
حرا	حرا
حرام	حرام
حراما	حراما
حرثه	حرثه
حرد	حرد
حرسا	حرسا
حرصت	حرصت
حرصتم	حرصتم
حرض	حرض
حرضا	حرضا
حرف	حرف
حرمها	حرمها
حرمهما	حرمهما
حريص	حريص
حزبه	حزبه
حزنا	حزنا
حسابك	حسابك
حسبت	حسبت
حسبته	حسبته
حسبتهم	حسبتهم
حسبه	حسبه
حسبين	حسبين
حسد	حسد
حسدا	حسدا
حسنهن	حسنهن
حسوما	حسوما
حسير	حسير
حسيسها	حسيسها
حشرت	حشرت
حشرتنى	حشرتنى
حصاده	حصاده
حصب	حصب
حصحص	حصحص
حصدتم	حصدتم
حصرت	حصرت
حصونهم	حصونهم
حصيرا	حصيرا
حضروه	حضروه
حطبا	حطبا
حفرة	حفرة
حفظ	حفظ
حفظا	حفظا
حفظة	حفظة
حفظت	حفظت
حفظهما	حفظهما
حفظوا	حفظوا
حفي	حفى
حفيا	حفيا
حقبا	حقبا
حقيق	حقيق
حكمة	حكمة
حكمت	حكمت
حكمتم	حكمتم
حكمه	حكمه
حلا	حلا
حلاف	حلاف
حلفتم	حلفتم
حلل	حلل
حللتم	حللتم
حليهم	حليهم
حمئة	حمئة
حمارك	حمارك
حمالة	حمالة
حمر	حمر
حملتم	حملتم
حملنكم	حملنكم
حملوا	حملوا
حمولة	حمولة
حمية	حمية
حميدا	حميدا
حنيذ	حنيذ
حنين	حنين
حوبا	حوبا
حوتهما	حوتهما
حور	حور
حولا	حولا
حولك	حولك
حولين	حولين
حياتكم	حياتكم
حية	حية
حيتانهم	حيتانهم
حيران	حيران
حيلة	حيلة
حينئذ	حينئذ
حيوك	حيوك
حييتم	حييتم
خائبين	خائبين
خائفين	خائفين
خاسئا	خاسئا
خاسرة	خاسرة
خاصة	خاصة
خاضوا	خاضوا
خاطئة	خاطئة
خاطبهم	خاطبهم
خافت	خافت
خافضة	خافضة
خافوا	خافوا
خافية	خافية
خالصا	خالصا
خالك	خالك
خانوا	خانوا
خبت	خبت
خبث	خبث
خبزا	خبزا
ختار	ختار
ختم	ختم
ختمه	ختمه
خدعهم	خدعهم
خدك	خدك
خذها	خذها
خذولا	خذولا
خرابها	خرابها
خرجتم	خرجتم
خرجن	خرجن
خرقها	خرقها
خروج	خروج
خزائنه	خزائنه
خسرا	خسرا
خسرانا	خسرانا
خسفنا	خسفنا
خشب	خشب
خشعون	خشعون
خشوعا	خشوعا
خشيت	خشيت
خشيته	خشيته
خصاصة	خصاصة
خصمون	خصمون
خصيما	خصيما
خضعين	خضعين
خطابا	خطابا
خطبة	خطبة
خطبك	خطبك
خطبكما	خطبكما
خطبكن	خطبكن
خطف	خطف
خطية	خطية
خطيتكم	خطيتكم
خطيته	خطيته
خطيتهم	خطيتهم
خطيتى	خطيتى
خطيهم	خطيهم
خفافا	خفافا
خفتكم	خفتكم
خفف	خفف
خفى	خفى
خفيا	خفيا
خفيفا	خفيفا
خلة	خلة
خلتك	خلتك
خلتكم	خلتكم
خلد	خلد
خلصوا	خلصوا
خلطوا	خلطوا
خلفة	خلفة
خلفتمونى	خلفتمونى
خلفكم	خلفكم
خلفنا	خلفنا
خلفها	خلفها
خلفوا	خلفوا
خلقتك	خلقتك
خلقته	خلقته
خلقنهما	خلقنهما
خلقنى	خلقنى
خلقها	خلقها
خللكم	خللكم
خللهما	خللهما
خمدون	خمدون
خمدين	خمدين
خمر	خمر
خمسه	خمسه
خمط	خمط
خنزير	خنزير
خوان	خوان
خوانا	خوانا
خوض	خوض
خوضهم	خوضهم
خوفهم	خوفهم
خولنكم	خولنكم
خولنه	خولنه
خوله	خوله
خيانة	خيانة
خيانتك	خيانتك
خيرت	خيرت
خيفته	خيفته
خيل	خيل
دأب	دأب
دأبا	دأبا
دائبين	دائبين
دائم	دائم
دائمون	دائمون
داحضة	داحضة
داخرين	داخرين
داركم	داركم
دافق	دافق
داموا	داموا
دان	دان
دبره	دبره
دحورا	دحورا
دحىها	دحىها
دخان	دخان
دخرين	دخرين
دخلتموه	دخلتموه
دخله	دخله
دخلون	دخلون
دخلوه	دخلوه
دراستهم	دراستهم
درست	درست
دركا	دركا
درهم	درهم
درى	درى
دسىها	دسىها
دعؤا	دعؤا
دعاءكم	دعاءكم
دعاءه	دعاءه
دعاءي	دعاءى
دعاؤكم	دعاؤكم
دعائهم	دعائهم
دعان	دعان
دعاه	دعاه
دعوت	دعوت
دعوتك	دعوتك
دعوتكم	دعوتكم
دعوتكما	دعوتكما
دعى	دعى
دعيتم	دعيتم
دفء	دفء
دفعتم	دفعتم
دكاء	دكاء
دكة	دكة
دكت	دكت
دلهم	دلهم
دلوه	دلوه
دليلا	دليلا
دما	دما
دماءكم	دماءكم
دماؤها	دماؤها
دمتم	دمتم
دمر	دمر
دمرنهم	دمرنهم
دنا	دنا
دهاقا	دهاقا
دولة	دولة
دونكم	دونكم
دوننا	دوننا
دونها	دونها
ديارا	ديارا
ديرنا	ديرنا
ذاقا	ذاقا
ذاهب	ذاهب
ذبابا	ذبابا
ذبح	ذبح
ذرأنا	ذرأنا
ذراعا	ذراعا
ذراعيه	ذراعيه
ذرعها	ذرعها
ذرنا	ذرنا
ذرنى	ذرنى
ذروا	ذروا
ذرونا	ذرونا
ذرونى	ذرونى
ذريتنا	ذريتنا
ذق	ذق
ذكرانا	ذكرانا
ذكرت	ذكرت
ذكرتم	ذكرتم
ذكرك	ذكرك
ذكركم	ذكركم
ذكرهم	ذكرهم
ذكرىها	ذكرىها
ذكرىهم	ذكرىهم
ذكيتم	ذكيتم
ذلكما	ذلكما
ذللا	ذللا
ذلول	ذلول
ذلولا	ذلولا
ذنبك	ذنبك
ذنبه	ذنبه
ذنوب	ذنوب
ذنوبا	ذنوبا
ذهاب	ذهاب
ذهبا	ذهبا
ذهبت	ذهبت
ذهبنا	ذهبنا
ذهبوا	ذهبوا
ذواتا	ذواتا
ذواتى	ذواتى
رءياك	رءياك
رآك	رءاك
رأته	رأته
رأتهم	رأتهم
رأسي	رأسى
رأوك	رأوك
رأوها	رأوها
رأوهم	رأوهم
رأيتموه	رأيتموه
رأينه	رأينه
رابيا	رابيا
رابية	رابية
راد	راد
رادوه	رادوه
راسيت	راسيت
رافعة	رافعة
راق	راق
راكعا	راكعا
ران	ران
رباط	رباط
ربحت	ربحت
ربطنا	ربطنا
ربما	ربما
ربنين	ربنين
ربوة	ربوة
ربيانى	ربيانى
ربيون	ربيون
رتقا	رتقا
رجا	رجا
رجت	رجت
رجسا	رجسا
رجسهم	رجسهم
رجعت	رجعت
رجعك	رجعك
رجعنا	رجعنا
رجعه	رجعه
رجلان	رجلان
رجما	رجما
رجوما	رجوما
رحالهم	رحالهم
رحل	رحل
رحلة	رحلة
رحله	رحله
رحما	رحما
رحماء	رحماء
رحمتك	رحمتك
رحمتي	رحمتى
رحمنا	رحمنا
رحمنهم	رحمنهم
رحمه	رحمه
رحيق	رحيق
رخاء	رخاء
ردآ	ردءا
رددت	رددت
رددنا	رددنا
رددنه	رددنه
ردف	ردف
ردما	ردما
ردها	ردها
ردوه	ردوه
رزقنا	رزقنا
رزقنه	رزقنه
رزقهن	رزقهن
رزقوا	رزقوا
رسالة	رسالة
رسلك	رسلك
رسلكم	رسلكم
رسلى	رسلى
رسولها	رسولها
رشده	رشده
رشيد	رشيد
رضيا	رضيا
رضيتم	رضيتم
رطب	رطب
رطبا	رطبا
رعايتها	رعايتها
رعبا	رعبا
رعنا	رعنا
رعوها	رعوها
رغبا	رغبا
رفث	رفث
رفرف	رفرف
رفعت	رفعت
رفعه	رفعه
رفعها	رفعها
رفيع	رفيع
رفيقا	رفيقا
رق	رق
رقود	رقود
ركاب	ركاب
ركاما	ركاما
ركبا	ركبا
ركبانا	ركبانا
ركبك	ركبك
ركبوا	ركبوا
ركزا	ركزا
ركعا	ركعا
ركعون	ركعون
ركن	ركن
ركوبهم	ركوبهم
رمزا	رمزا
رمضان	رمضان
رمى	رمى
رميم	رميم
رهبة	رهبة
رهط	رهط
رهطك	رهطك
رهوا	رهوا
رهين	رهين
رهينة	رهينة
رواكد	رواكد
روحا	روحا
روحه	روحه
رودتن	رودتن
رودتنى	رودتنى
رودوه	رودوه
روضات	روضات
روضة	روضة
رويدا	رويدا
ريبة	ريبة
ريبهم	ريبهم
ريحكم	ريحكم
ريع	ريع
زادته	زادته
زادتهم	زادتهم
زادوكم	زادوكم
زادوهم	زادوهم
زاغ	زاغ
زاغوا	زاغوا
زالت	زالت
زالتا	زالتا
زان	زان
زانية	زانية
زاهق	زاهق
زبد	زبد
زبدا	زبدا
زبرا	زبرا
زجاجة	زجاجة
زجرا	زجرا
زحزح	زحزح
زحفا	زحفا
زخرفها	زخرفها
زد	زد
زدنى	زدنى
زرتم	زرتم
زرع	زرع
زرقا	زرقا
زعم	زعم
زعمت	زعمت
زقوم	زقوم
زكى	زكى
زكىها	زكىها
زكيا	زكيا
زكية	زكية
زلتم	زلتم
زلزالا	زلزالا
زلزالها	زلزالها
زلزلة	زلزلة
زلزلت	زلزلت
زلفة	زلفة
زلقا	زلقا
زللتم	زللتم
زمهريرا	زمهريرا
زنجبيلا	زنجبيلا
زنيم	زنيم
زهرة	زهرة
زهوقا	زهوقا
زوال	زوال
زوجا	زوجا
زوجان	زوجان
زوجت	زوجت
زوجك	زوجك
زوجنكها	زوجنكها
زوجه	زوجه
زيادة	زيادة
زيتها	زيتها
زيتونة	زيتونة
زيد	زيد
زيغ	زيغ
زينتكم	زينتكم
زينته	زينته
سأتلوا	سأتلوا
سأرهقه	سأرهقه
سأستغفر	سأستغفر
سأصرف	سأصرف
سأصليه	سأصليه
سأل	سأل
سألتك	سألتك
سألتم	سألتم
سألتموه	سألتموه
سألتموهن	سألتموهن
سألقى	سألقى
سألك	سألك
سألها	سألها
سألهم	سألهم
سألوا	سألوا
سأنبئك	سأنبئك
سأنزل	سأنزل
سؤلك	سؤلك
سئحت	سئحت
سئل	سئل
سئلت	سئلت
سئلوا	سئلوا
ساءت	ساءت
سائبة	سائبة
سائغ	سائغ
سائغا	سائغا
سائق	سائق
سائل	سائل
سابقوا	سابقوا
ساتيكم	ساتيكم
ساجدا	ساجدا
ساحر	ساحر
سادتنا	سادتنا
ساق	ساق
ساقطا	ساقطا
ساقيها	ساقيها
ساكنا	ساكنا
سبإ	سبإ
سبتهم	سبتهم
سبحان	سبحان
سبحوا	سبحوا
سبعون	سبعون
سبغت	سبغت
سبقا	سبقا
سبقوا	سبقوا
سبقون	سبقون
سبقين	سبقين
سبيلنا	سبيلنا
سبيلهم	سبيلهم
ستجدون	ستجدون
ستدعون	ستدعون
ستذكرونهن	ستذكرونهن
سترا	سترا
ستغلبون	ستغلبون
ستكتب	ستكتب
ستين	ستين
سجدوا	سجدوا
سجرت	سجرت
سجى	سجى
سحار	سحار
سحران	سحران
سحرهم	سحرهم
سحروا	سحروا
سحيق	سحيق
سخرنا	سخرنا
سخرنها	سخرنها
سخط	سخط
سدرة	سدرة
سدى	سدى
سرابا	سرابا
سرابيلهم	سرابيلهم
سرادقها	سرادقها
سربا	سربا
سربيل	سربيل
سرجا	سرجا
سرحوهن	سرحوهن
سرقين	سرقين
سركم	سركم
سريا	سريا
سطحت	سطحت
سعدوا	سعدوا
سعرت	سعرت
سعو	سعو
سعوا	سعوا
سعيا	سعيا
سعيه	سعيه
سعيها	سعيها
سفرة	سفرة
سفرنا	سفرنا
سفلين	سفلين
سفه	سفه
سفها	سفها
سفينة	سفينة
سفيها	سفيها
سفيهنا	سفيهنا
سقاية	سقاية
سقط	سقط
سقطوا	سقطوا
سقنه	سقنه
سقيت	سقيت
سكت	سكت
سكرا	سكرا
سكرة	سكرة
سكرت	سكرت
سكرتهم	سكرتهم
سكنتم	سكنتم
سكينا	سكينا
سكينة	سكينة
سل	سل
سلسبيلا	سلسبيلا
سلسلا	سلسلا
سلسلة	سلسلة
سلطنه	سلطنه
سلطنيه	سلطنيه
سلفا	سلفا
سلقوكم	سلقوكم
سلككم	سلككم
سلكنه	سلكنه
سلمتم	سلمتم
سلمون	سلمون
سلهم	سلهم
سم	سم
سماء	سماء
سمدون	سمدون
سمرا	سمرا
سمعت	سمعت
سمعتم	سمعتم
سمكها	سمكها
سموات	سموات
سموم	سموم
سموهم	سموهم
سمىكم	سمىكم
سميتها	سميتها
سمين	سمين
سنؤتيهم	سنؤتيهم
سنا	سنا
سنابل	سنابل
سنبلة	سنبلة
سنبله	سنبله
سنجزى	سنجزى
سندع	سندع
سنرود	سنرود
سنريهم	سنريهم
سنزيد	سنزيد
سنسمه	سنسمه
سنشد	سنشد
سنطيعكم	سنطيعكم
سنعذبهم	سنعذبهم
سنعيدها	سنعيدها
سنفرغ	سنفرغ
سنقتل	سنقتل
سنقرئك	سنقرئك
سنمتعهم	سنمتعهم
سننظر	سننظر
سهولها	سهولها
سوءتكم	سوءتكم
سواعا	سواعا
سود	سود
سور	سور
سوط	سوط
سوقه	سوقه
سول	سول
سوى	سوى
سوىك	سوىك
سوىه	سوىه
سوىها	سوىها
سيؤتينا	سيؤتينا
سيئا	سيئا
سيئه	سيئه
سياتنا	سياتنا
سيارة	سيارة
سيبطله	سيبطله
سيت	سيت
سيحلفون	سيحلفون
سيدخلهم	سيدخلهم
سيدخلون	سيدخلون
سيدها	سيدها
سيذكر	سيذكر
سيرا	سيرا
سيرتها	سيرتها
سيرحمهم	سيرحمهم
سيريكم	سيريكم
سيصلى	سيصلى
سيصيبهم	سيصيبهم
سيطوقون	سيطوقون
سيغفر	سيغفر
سيغلبون	سيغلبون
سيكفرون	سيكفرون
سيكون	سيكون
سيل	سيل
سيماهم	سيماهم
سيناء	سيناء
سينالهم	سينالهم
سينين	سينين
سيهديهم	سيهديهم
سيهزم	سيهزم
شأنهم	شأنهم
شاكر	شاكر
شاكلته	شاكلته
شانئك	شانئك
شبه	شبه
شجرت	شجرت
شجرتها	شجرتها
شجرها	شجرها
شحومهما	شحومهما
شخصة	شخصة
شدادا	شدادا
شرابه	شرابه
شرع	شرع
شرعا	شرعا
شرعة	شرعة
شرعوا	شرعوا
شرقيا	شرقيا
شرقية	شرقية
شركاءهم	شركاءهم
شركاؤكم	شركاؤكم
شركاؤنا	شركاؤنا
شره	شره
شروا	شروا
شريعة	شريعة
شطئ	شطئ
شطه	شطه
شعائر	شعائر
شعب	شعب
شعوبا	شعوبا
شعيب	شعيب
شغفها	شغفها
شغل	شغل
شغلتنا	شغلتنا
شفعؤا	شفعؤا
شفعؤنا	شفعؤنا
شفعاءكم	شفعاءكم
شفعين	شفعين
شقا	شقا
شقاقي	شقاقى
شققنا	شققنا
شقوا	شقوا
شقوتنا	شقوتنا
شقى	شقى
شكرا	شكرا
شكرون	شكرون
شكرين	شكرين
شكله	شكله
شمائلهم	شمائلهم
شمخت	شمخت
شمسا	شمسا
شهابا	شهابا
شهدتم	شهدتم
شهدتهم	شهدتهم
شهدتهما	شهدتهما
شهدون	شهدون
شهود	شهود
شهيدين	شهيدين
شهيقا	شهيقا
شواظ	شواظ
شورى	شورى
شية	شية
شيخ	شيخ
شيطين	شيطين
شيطينهم	شيطينهم
شيع	شيع
شيعة	شيعة
شيوخا	شيوخا
ص	ص
صابرة	صابرة
صاحبه	صاحبه
صاحبهم	صاحبهم
صادق	صادق
صادقا	صادقا
صال	صال
صالوا	صالوا
صبا	صبا
صباح	صباح
صببنا	صببنا
صبحا	صبحا
صبحهم	صبحهم
صبرك	صبرك
صبرون	صبرون
صبوا	صبوا
صخرة	صخرة
صد	صد
صددتم	صددتم
صددنكم	صددنكم
صدرا	صدرا
صدقا	صدقا
صدقتكم	صدقتكم
صدقتنا	صدقتنا
صدقتهن	صدقتهن
صدقكم	صدقكم
صدقنا	صدقنا
صدقنهم	صدقنهم
صدودا	صدودا
صدوكم	صدوكم
صديد	صديد
صديق	صديق
صديقة	صديقة
صديقكم	صديقكم
صر	صر
صرة	صرة
صرح	صرح
صرصر	صرصر
صرطك	صرطك
صرطى	صرطى
صرعى	صرعى
صرف	صرف
صرفا	صرفا
صرفت	صرفت
صرفكم	صرفكم
صرفنه	صرفنه
صرمين	صرمين
صريخ	صريخ
صعدا	صعدا
صعقا	صعقا
صعودا	صعودا
صغار	صغار
صغت	صغت
صغرين	صغرين
صغير	صغير
صفحا	صفحا
صفر	صفر
صفراء	صفراء
صفصفا	صفصفا
صفوان	صفوان
صلاته	صلاته
صلاتي	صلاتى
صلبوه	صلبوه
صلدا	صلدا
صلوا	صلوا
صلوت	صلوت
صلوتك	صلوتك
صلوتهم	صلوتهم
صلوه	صلوه
صليا	صليا
صما	صما
صمتون	صمتون
صنع	صنع
صنعا	صنعا
صنعة	صنعة
صوابا	صوابا
صواع	صواع
صواف	صواف
صوت	صوت
صوتك	صوتك
صورة	صورة
صورنكم	صورنكم
صوما	صوما
صومع	صومع
صياصيهم	صياصيهم
صيام	صيام
صياما	صياما
ضاحكا	ضاحكا
ضاحكة	ضاحكة
ضاقت	ضاقت
ضالا	ضالا
ضامر	ضامر
ضبحا	ضبحا
ضدا	ضدا
ضربت	ضربت
ضربوه	ضربوه
ضريع	ضريع
ضعفاء	ضعفاء
ضعفوا	ضعفوا
ضغثا	ضغثا
ضللة	ضللة
ضللك	ضللك
ضللنا	ضللنا
ضنكا	ضنكا
ضياء	ضياء
ضير	ضير
ضيزى	ضيزى
ضيفه	ضيفه
طئر	طئر
طئره	طئره
طئرهم	طئرهم
طئف	طئف
طائعين	طائعين
طائف	طائف
طائفتين	طائفتين
طاب	طاب
طاعم	طاعم
طال	طال
طبتم	طبتم
طبق	طبق
طبقا	طبقا
طبن	طبن
طحىها	طحىها
طردتهم	طردتهم
طرف	طرف
طرفا	طرفا
طرفك	طرفك
طرفهم	طرفهم
طرفى	طرفى
طريقة	طريقة
طس	طس
طعاما	طعاما
طعامك	طعامك
طعامه	طعامه
طعمتم	طعمتم
طعمه	طعمه
طعموا	طعموا
طغا	طغا
طغوا	طغوا
طلبا	طلبا
طلع	طلع
طلعت	طلعت
طلقكن	طلقكن
طمست	طمست
طه	طه
طهرا	طهرا
طوبى	طوبى
طور	طور
طوفون	طوفون
طيبتكم	طيبتكم
طيبين	طيبين
طير	طير
طينا	طينا
ظعنكم	ظعنكم
ظفر	ظفر
ظلا	ظلا
ظلة	ظلة
ظلت	ظلت
ظللا	ظللا
ظلله	ظلله
ظللها	ظللها
ظلمة	ظلمة
ظلمك	ظلمك
ظلمنا	ظلمنا
ظلوما	ظلوما
ظليل	ظليل
ظليلا	ظليلا
ظمأ	ظمأ
ظننت	ظننت
ظنه	ظنه
ظنوا	ظنوا
ظهرك	ظهرك
ظهرها	ظهرها
ظهروهم	ظهروهم
ظهريا	ظهريا
ظهوركم	ظهوركم
ظهوره	ظهوره
ظهورهما	ظهورهما
عائدون	عائدون
عائلا	عائلا
عابد	عابد
عابري	عابرى
عاتية	عاتية
عادون	عادون
عاديتم	عاديتم
عارض	عارض
عارضا	عارضا
عاصفة	عاصفة
عاقب	عاقب
عاقبتم	عاقبتم
عاقر	عاقر
عاكفا	عاكفا
عاليا	عاليا
عالين	عالين
عامل	عامل
عاملة	عاملة
عامهم	عامهم
عامين	عامين
عبادتكم	عبادتكم
عبادتي	عبادتى
عبادكم	عبادكم
عبثا	عبثا
عبدتم	عبدتم
عبدنهم	عبدنهم
عبدي	عبدى
عبرة	عبرة
عبوسا	عبوسا
عتت	عتت
عتل	عتل
عتو	عتو
عثر	عثر
عجاب	عجاب
عجبت	عجبت
عجبوا	عجبوا
عجلنا	عجلنا
عجولا	عجولا
عدتم	عدتم
عدتهم	عدتهم
عدونا	عدونا
عدوهم	عدوهم
عدوى	عدوى
عذابهما	عذابهما
عربا	عربا
عرشك	عرشك
عرشه	عرشه
عرشها	عرشها
عرضة	عرضة
عرضتم	عرضتم
عرضنا	عرضنا
عرضهم	عرضهم
عرف	عرف
عرفا	عرفا
عرفت	عرفت
عرفها	عرفها
عريض	عريض
عزا	عزا
عزة	عزة
عزلت	عزلت
عزما	عزما
عزمت	عزمت
عزموا	عزموا
عزير	عزير
عزين	عزين
عسرا	عسرا
عسرة	عسرة
عسعس	عسعس
عسق	عسق
عسل	عسل
عسير	عسير
عسيرا	عسيرا
عشاء	عشاء
عشرون	عشرون
عشية	عشية
عشيرتك	عشيرتك
عشيرتهم	عشيرتهم
عصانى	عصانى
عصاى	عصاى
عصفا	عصفا
عصوك	عصوك
عصونى	عصونى
عصيب	عصيب
عصيته	عصيته
عضدا	عضدا
عضدك	عضدك
عضوا	عضوا
عضين	عضين
عطاؤنا	عطاؤنا
عطفه	عطفه
عطلت	عطلت
عظامه	عظامه
عفريت	عفريت
عفونا	عفونا
عفى	عفى
عقبا	عقبا
عقبتهما	عقبتهما
عقبه	عقبه
عقبها	عقبها
عقدت	عقدت
عقدتم	عقدتم
عقلوه	عقلوه
عقيما	عقيما
علا	علا
علق	علق
علمؤا	علمؤا
علمتك	علمتك
علمتموهن	علمتموهن
علمتنا	علمتنا
علمته	علمته
علمني	علمنى
علمهم	علمهم
علموا	علموا
علمي	علمى
عليكما	عليكما
عليون	عليون
عليين	عليين
عم	عم
عمتك	عمتك
عمتكم	عمتكم
عمرا	عمرا
عمرك	عمرك
عمره	عمره
عمروها	عمروها
عمك	عمك
عملتم	عملتم
عملته	عملته
عملك	عملك
عملي	عملى
عموا	عموا
عمون	عمون
عميا	عميا
عميق	عميق
عمين	عمين
عنقك	عنقك
عنقه	عنقه
عنيدا	عنيدا
عهدت	عهدت
عهدنا	عهدنا
عهده	عهده
عهدي	عهدى
عوان	عوان
عورة	عورة
عوقب	عوقب
عوقبتم	عوقبتم
عيدا	عيدا
عيلة	عيلة
عيناك	عيناك
عيناه	عيناه
عيني	عينى
عينين	عينين
عيونا	عيونا
غائبة	غائبة
غائبين	غائبين
غاسق	غاسق
غافر	غافر
غبرة	غبرة
غداءنا	غداءنا
غدقا	غدقا
غدوا	غدوا
غدوت	غدوت
غدوها	غدوها
غر	غر
غرابا	غرابا
غراما	غراما
غربت	غربت
غربية	غربية
غرفا	غرفا
غرفة	غرفة
غرقا	غرقا
غرك	غرك
غروبها	غروبها
غرور	غرور
غزلها	غزلها
غزى	غزى
غسق	غسق
غسلين	غسلين
غشى	غشى
غشية	غشية
غصبا	غصبا
غصة	غصة
غضبوا	غضبوا
غطاء	غطاء
غطاءك	غطاءك
غفارا	غفارا
غفر	غفر
غفرانك	غفرانك
غفلا	غفلا
غلا	غلا
غلاظ	غلاظ
غلبا	غلبا
غلبهم	غلبهم
غلبوا	غلبوا
غلبون	غلبون
غلت	غلت
غلظة	غلظة
غلمان	غلمان
غم	غم
غما	غما
غمة	غمة
غمرت	غمرت
غمرتهم	غمرتهم
غنم	غنم
غنمي	غنمى
غواش	غواش
غول	غول
غوى	غوى
غوين	غوين
غوينا	غوينا
غيا	غيا
غيبه	غيبه
غيث	غيث
غيرها	غيرها
غيظ	غيظ
فأبوا	فأبوا
فأبين	فأبين
فأتبع	فأتبع
فأتبعنا	فأتبعنا
فأتبعوهم	فأتبعوهم
فأتت	فأتت
فأتمهن	فأتمهن
فأتموا	فأتموا
فأتونا	فأتونا
فأتوهن	فأتوهن
فأتى	فأتى
فأتيا	فأتيا
فأتياه	فأتياه
فأثبكم	فأثبكم
فأثبهم	فأثبهم
فأثرن	فأثرن
فأجاءها	فأجاءها
فأحكم	فأحكم
فأحيكم	فأحيكم
فأحيينا	فأحيينا
فأحيينه	فأحيينه
فأخذتكم	فأخذتكم
فأخذه	فأخذه
فأخرجنهم	فأخرجنهم
فأخرجهما	فأخرجهما
فأخلفتكم	فأخلفتكم
فأخلفتم	فأخلفتم
فأدخلوا	فأدخلوا
فأدلى	فأدلى
فأذاقهم	فأذاقهم
فأذقها	فأذقها
فأذنوا	فأذنوا
فأرادوا	فأرادوا
فأردت	فأردت
فأردنا	فأردنا
فأرسله	فأرسله
فأرسلوا	فأرسلوا
فأرسلون	فأرسلون
فأرونى	فأرونى
فأرىه	فأرىه
فأزلهما	فأزلهما
فأسرها	فأسرها
فأسقط	فأسقط
فأسقينكموه	فأسقينكموه
فأسكنه	فأسكنه
فأشارت	فأشارت
فأشهدوا	فأشهدوا
فأصابه	فأصابه
فأصابها	فأصابها
فأصبتكم	فأصبتكم
فأصبحت	فأصبحت
فأصحب	فأصحب
فأصدق	فأصدق
فأصلح	فأصلح
فأصمهم	فأصمهم
فأضلونا	فأضلونا
فأطاعوه	فأطاعوه
فأطلع	فأطلع
فأعذبهم	فأعذبهم
فأعقبهم	فأعقبهم
فأعينونى	فأعينونى
فأغرقنه	فأغرقنه
فأغرينا	فأغرينا
فأغشينهم	فأغشينهم
فأغنى	فأغنى
فأغوينكم	فأغوينكم
فأفوز	فأفوز
فأقامه	فأقامه
فأقبره	فأقبره
فأقبلت	فأقبلت
فأقبلوا	فأقبلوا
فأقمت	فأقمت
فأكثرت	فأكثرت
فأكثروا	فأكثروا
فأكرمه	فأكرمه
فأكلا	فأكلا
فأكله	فأكله
فأكون	فأكون
فألف	فألف
فألقه	فألقه
فألقىها	فألقىها
فألقياه	فألقياه
فألقيه	فألقيه
فألهمها	فألهمها
فأماته	فأماته
فأمتعه	فأمتعه
فأمطر	فأمطر
فأمكن	فأمكن
فأمه	فأمه
فأنا	فأنا
فأنتم	فأنتم
فأنجىه	فأنجىه
فأنجينكم	فأنجينكم
فأنجينهم	فأنجينهم
فأنذر	فأنذر
فأنذرتكم	فأنذرتكم
فأنسىه	فأنسىه
فأنشأنا	فأنشأنا
فأنشرنا	فأنشرنا
فأنفخ	فأنفخ
فأنفقوا	فأنفقوا
فأنقذكم	فأنقذكم
فأهلكته	فأهلكته
فأهلكنا	فأهلكنا
فأوا	فأوا
فأوردهم	فأوردهم
فأورى	فأورى
فأوعى	فأوعى
فأوف	فأوف
فأوفوا	فأوفوا
فأوقد	فأوقد
فأيدنا	فأيدنا
فأين	فأين
فأينما	فأينما
فؤاد	فؤاد
فإطعام	فإطعام
فإلم	فإلم
فإلهكم	فإلهكم
فإليه	فإليه
فإمساك	فإمساك
فئتكم	فئتكم
فاءت	فاءت
فاءو	فاءو
فابتغوا	فٱبتغوا
فات	فات
فاتباع	فٱتباع
فاتبع	فٱتبع
فاتبعنى	فٱتبعنى
فاتبعها	فٱتبعها
فاتت	فاتت
فاتخذ	فٱتخذ
فاتخذت	فٱتخذت
فاتخذتموهم	فٱتخذتموهم
فاتخذه	فٱتخذه
فاتخذوه	فٱتخذوه
فاتلوها	فٱتلوها
فاتهم	فاتهم
فاتوا	فاتوا
فاتوهم	فاتوهم
فاتىهم	فاتىهم
فاتينا	فاتينا
فاثبتوا	فٱثبتوا
فاجتبه	فٱجتبه
فاجتنبوا	فٱجتنبوا
فاجتنبوه	فٱجتنبوه
فاجرا	فاجرا
فاجلدوا	فٱجلدوا
فاجلدوهم	فٱجلدوهم
فاجنح	فٱجنح
فاحترقت	فٱحترقت
فاحتمل	فٱحتمل
فاحذرهم	فٱحذرهم
فاحذروا	فٱحذروا
فاحذروه	فٱحذروه
فاحذروهم	فٱحذروهم
فاختلفوا	فٱختلفوا
فاخران	فاخران
فاخشوهم	فٱخشوهم
فاخلع	فٱخلع
فادخلوها	فٱدخلوها
فادخلى	فٱدخلى
فادرءوا	فٱدرءوا
فادرتم	فٱدرتم
فادعوهم	فٱدعوهم
فادفعوا	فٱدفعوا
فاذكرونى	فٱذكرونى
فاذهبا	فٱذهبا
فاذوهما	فاذوهما
فارتد	فٱرتد
فارتدا	فٱرتدا
فارتقبهم	فٱرتقبهم
فارجع	فٱرجع
فارجعنا	فٱرجعنا
فارزقوهم	فٱرزقوهم
فارض	فارض
فارغب	فٱرغب
فارقوهن	فارقوهن
فازره	فازره
فاستبشروا	فٱستبشروا
فاستجبتم	فٱستجبتم
فاستحبوا	فٱستحبوا
فاستخف	فٱستخف
فاستذنوك	فٱستذنوك
فاستشهدوا	فٱستشهدوا
فاستعصم	فٱستعصم
فاستغثه	فٱستغثه
فاستغفروه	فٱستغفروه
فاستغلظ	فٱستغلظ
فاستقم	فٱستقم
فاستقيما	فٱستقيما
فاستكبرتم	فٱستكبرتم
فاستمتعتم	فٱستمتعتم
فاستمتعوا	فٱستمتعوا
فاستمسك	فٱستمسك
فاستمع	فٱستمع
فاسجد	فٱسجد
فاسجدوا	فٱسجدوا
فاسعوا	فٱسعوا
فاسق	فاسق
فاسقا	فاسقا
فاسلك	فٱسلك
فاسلكوه	فٱسلكوه
فاسلكى	فٱسلكى
فاسمعون	فٱسمعون
فاشهدوا	فٱشهدوا
فاصدع	فٱصدع
فاصطادوا	فٱصطادوا
فاضربوا	فٱضربوا
فاطلع	فٱطلع
فاطهروا	فٱطهروا
فاعبدنى	فٱعبدنى
فاعبدوا	فٱعبدوا
فاعتبروا	فٱعتبروا
فاعتدوا	فٱعتدوا
فاعترفنا	فٱعترفنا
فاعترفوا	فٱعترفوا
فاعتزلوا	فٱعتزلوا
فاعتزلون	فٱعتزلون
فاعتلوه	فٱعتلوه
فاعدلوا	فٱعدلوا
فاعفوا	فٱعفوا
فاعل	فاعل
فاعمل	فٱعمل
فاغسلوا	فٱغسلوا
فافتح	فٱفتح
فافرق	فٱفرق
فافسحوا	فٱفسحوا
فافعلوا	فٱفعلوا
فاقتلوهم	فٱقتلوهم
فاقذفيه	فٱقذفيه
فاقرة	فاقرة
فاقصص	فٱقصص
فاقض	فٱقض
فاقطعوا	فٱقطعوا
فاقع	فاقع
فاقعدوا	فٱقعدوا
فاكتبوه	فٱكتبوه
فالتقطه	فٱلتقطه
فالتقمه	فٱلتقمه
فالتقى	فٱلتقى
فالتليت	فٱلتليت
فالتمسوا	فٱلتمسوا
فالجريت	فٱلجريت
فالحق	فٱلحق
فالحكم	فٱلحكم
فالحملت	فٱلحملت
فالزجرت	فٱلزجرت
فالسبقت	فٱلسبقت
فالصلحت	فٱلصلحت
فالعصفت	فٱلعصفت
فالفرقت	فٱلفرقت
فالمدبرت	فٱلمدبرت
فالمغيرت	فٱلمغيرت
فالمقسمت	فٱلمقسمت
فالملقيت	فٱلملقيت
فالموريت	فٱلموريت
فالن	فٱلن
فامتحنوهن	فٱمتحنوهن
فامشوا	فٱمشوا
فامنت	فامنت
فامنن	فٱمنن
فان	فان
فانبجست	فٱنبجست
فانبذ	فٱنبذ
فانتبذت	فٱنتبذت
فانتصر	فٱنتصر
فانتهوا	فٱنتهوا
فانتهى	فٱنتهى
فانسلخ	فٱنسلخ
فانشزوا	فٱنشزوا
فانصب	فٱنصب
فانصرنا	فٱنصرنا
فانطلقوا	فٱنطلقوا
فانظرى	فٱنظرى
فانفجرت	فٱنفجرت
فانفذوا	فٱنفذوا
فانفروا	فٱنفروا
فانفلق	فٱنفلق
فانقلبوا	فٱنقلبوا
فانكحوا	فٱنكحوا
فانكحوهن	فٱنكحوهن
فانهار	فٱنهار
فاه	فاه
فاهبط	فٱهبط
فاهجر	فٱهجر
فاهدوهم	فٱهدوهم
فاوى	فاوى
فاوىكم	فاوىكم
فباءو	فباءو
فبايعهن	فبايعهن
فبدأ	فبدأ
فبدت	فبدت
فبذلك	فبذلك
فبرأه	فبرأه
فبشر	فبشر
فبشرنه	فبشرنه
فبشرنها	فبشرنها
فبصرت	فبصرت
فبصرك	فبصرك
فبظلم	فبظلم
فبعزتك	فبعزتك
فبغى	فبغى
فبم	فبم
فبهت	فبهت
فبهدىهم	فبهدىهم
فتأتون	فتأتون
فتأتيهم	فتأتيهم
فتأكل	فتأكل
فتبسم	فتبسم
فتبهتهم	فتبهتهم
فتحسسوا	فتحسسوا
فتحوا	فتحوا
فتخبت	فتخبت
فتخرجوه	فتخرجوه
فتخشى	فتخشى
فتخطفه	فتخطفه
فتدلى	فتدلى
فتذروها	فتذروها
فتذكر	فتذكر
فترة	فترة
فتردى	فتردى
فترضى	فترضى
فتركه	فتركه
فتزل	فتزل
فتستجيبون	فتستجيبون
فتشبه	فتشبه
فتشقى	فتشقى
فتصبحوا	فتصبحوا
فتصيبكم	فتصيبكم
فتطاول	فتطاول
فتطردهم	فتطردهم
فتعاطى	فتعاطى
فتعالين	فتعالين
فتعرفونها	فتعرفونها
فتعسا	فتعسا
فتفجر	فتفجر
فتفرق	فتفرق
فتفشلوا	فتفشلوا
فتقبلها	فتقبلها
فتقطعوا	فتقطعوا
فتقول	فتقول
فتكفرون	فتكفرون
فتكن	فتكن
فتكونون	فتكونون
فتكوى	فتكوى
فتم	فتم
فتماروا	فتماروا
فتمثل	فتمثل
فتمسكم	فتمسكم
فتنادوا	فتنادوا
فتنتك	فتنتك
فتنتكم	فتنتكم
فتنته	فتنته
فتنتهم	فتنتهم
فتنزعوا	فتنزعوا
فتنفخ	فتنفخ
فتنفعه	فتنفعه
فتنه	فتنه
فتهاجروا	فتهاجروا
فتهجد	فتهجد
فتوبوا	فتوبوا
فتوكلوا	فتوكلوا
فتولوا	فتولوا
فتونا	فتونا
فتى	فتى
فتىها	فتىها
فتيان	فتيان
فتية	فتية
فثبتوا	فثبتوا
فثبطهم	فثبطهم
فثم	فثم
فج	فج
فجاء	فجاء
فجاءته	فجاءته
فجاءها	فجاءها
فجاسوا	فجاسوا
فجرت	فجرت
فجزاء	فجزاء
فجزاؤه	فجزاؤه
فجعلتم	فجعلتم
فجعلنا	فجعلنا
فجعلنهن	فجعلنهن
فجمعنهم	فجمعنهم
فجوة	فجوة
فجورها	فجورها
فحاسبنها	فحاسبنها
فحبطت	فحبطت
فحدث	فحدث
فحسبه	فحسبه
فحشر	فحشر
فحكمه	فحكمه
فحملته	فحملته
فحيوا	فحيوا
فخانتاهما	فخانتاهما
فخذها	فخذها
فخر	فخر
فخراج	فخراج
فخسفنا	فخسفنا
فخشينا	فخشينا
فخلق	فخلق
فخلوا	فخلوا
فخورا	فخورا
فداء	فداء
فدخلوا	فدخلوا
فدكتا	فدكتا
فدلىهما	فدلىهما
فدمدم	فدمدم
فدمرنها	فدمرنها
فدمرنهم	فدمرنهم
فذاقت	فذاقت
فذاقوا	فذاقوا
فذبحوها	فذبحوها
فذرنى	فذرنى
فذروه	فذروه
فذلكم	فذلكم
فذلكن	فذلكن
فذنك	فذنك
فذو	فذو
فذوقوه	فذوقوه
فرأوه	فرأوه
فراتا	فراتا
فراق	فراق
فربكم	فربكم
فرت	فرت
فرث	فرث
فرجالا	فرجالا
فرجت	فرجت
فرجع	فرجع
فرجعنك	فرجعنك
فرجعوا	فرجعوا
فرجل	فرجل
فرحين	فرحين
فرددنه	فرددنه
فردوا	فردوا
فردوه	فردوه
فردي	فردى
فررتم	فررتم
فرش	فرش
فرشا	فرشا
فرشنها	فرشنها
فرضنا	فرضنا
فرطا	فرطا
فرطت	فرطت
فرطتم	فرطتم
فرغا	فرغا
فرغت	فرغت
فرق	فرق
فرقا	فرقا
فرقانا	فرقانا
فرقة	فرقة
فرقت	فرقت
فرقنا	فرقنا
فرقنه	فرقنه
فرهن	فرهن
فرهين	فرهين
فروج	فروج
فروجهن	فروجهن
فروح	فروح
فريا	فريا
فريقان	فريقان
فزادوهم	فزادوهم
فزده	فزده
فزعوا	فزعوا
فزيلنا	فزيلنا
فزين	فزين
فزينوا	فزينوا
فسأكتبها	فسأكتبها
فساد	فساد
فسالت	فسالت
فساهم	فساهم
فستبصر	فستبصر
فستذكرون	فستذكرون
فسترضع	فسترضع
فسحقا	فسحقا
فسخرنا	فسخرنا
فسق	فسق
فسقا	فسقا
فسقنه	فسقنه
فسقى	فسقى
فسلكه	فسلكه
فسلم	فسلم
فسلموا	فسلموا
فسله	فسله
فسلوهم	فسلوهم
فسلوهن	فسلوهن
فسوىك	فسوىك
فسوىهن	فسوىهن
فسيأتيهم	فسيأتيهم
فسيؤتيه	فسيؤتيه
فسيحشرهم	فسيحشرهم
فسيحوا	فسيحوا
فسيدخلهم	فسيدخلهم
فسيرى	فسيرى
فسيكفيكهم	فسيكفيكهم
فسينغضون	فسينغضون
فسينفقونها	فسينفقونها
فشدوا	فشدوا
فشربوا	فشربوا
فشرد	فشرد
فشلتم	فشلتم
فشهدة	فشهدة
فصالا	فصالا
فصب	فصب
فصبروا	فصبروا
فصدقت	فصدقت
فصرف	فصرف
فصرهن	فصرهن
فصعق	فصعق
فصكت	فصكت
فصلي	فصلى
فضحكت	فضحكت
فضربنا	فضربنا
فضلكم	فضلكم
فطاف	فطاف
فطال	فطال
فطبع	فطبع
فطرت	فطرت
فطركم	فطركم
فطرنا	فطرنا
فطرهن	فطرهن
فطفق	فطفق
فطل	فطل
فطلقوهن	فطلقوهن
فطمسنا	فطمسنا
فطهر	فطهر
فطور	فطور
فطوعت	فطوعت
فظا	فظا
فظلت	فظلت
فظلتم	فظلتم
فظلوا	فظلوا
فظن	فظن
فظنوا	فظنوا
فعاقبتم	فعاقبتم
فعاقبوا	فعاقبوا
فعتوا	فعتوا
فعجب	فعجب
فعجل	فعجل
فعدتهن	فعدتهن
فعدلك	فعدلك
فعرفهم	فعرفهم
فعززنا	فعززنا
فعصوا	فعصوا
فعصى	فعصى
فعظوهن	فعظوهن
فعفونا	فعفونا
فعقر	فعقر
فعقروا	فعقروا
فعلتك	فعلتك
فعلته	فعلته
فعلتها	فعلتها
فعلموا	فعلموا
فعلنا	فعلنا
فعله	فعله
فعلون	فعلون
فعليكم	فعليكم
فعليهم	فعليهم
فعليهن	فعليهن
فعموا	فعموا
فغشىها	فغشىها
فغشيهم	فغشيهم
فغفر	فغفر
فغفرنا	فغفرنا
فغلبوا	فغلبوا
فغلوه	فغلوه
فغوى	فغوى
ففتحنا	ففتحنا
ففتقنهما	ففتقنهما
ففدية	ففدية
ففررت	ففررت
ففروا	ففروا
ففريقا	ففريقا
ففسق	ففسق
ففسقوا	ففسقوا
ففهمنها	ففهمنها
فقالت	فقالت
فقبضت	فقبضت
فقتلا	فقتلا
فقدر	فقدر
فقدرنا	فقدرنا
فقدموا	فقدموا
فقذفنها	فقذفنها
فقرأه	فقرأه
فقراء	فقراء
فقربه	فقربه
فقست	فقست
فقضى	فقضى
فقضىهن	فقضىهن
فقلت	فقلت
فقليلا	فقليلا
فقنا	فقنا
فقولى	فقولى
فك	فك
فكأين	فكأين
فكاتبوهم	فكاتبوهم
فكبت	فكبت
فكبر	فكبر
فكبكبوا	فكبكبوا
فكثركم	فكثركم
فكذبنا	فكذبنا
فكذلك	فكذلك
فكر	فكر
فكرهتموه	فكرهتموه
فكسونا	فكسونا
فكف	فكف
فكفرت	فكفرت
فكفرته	فكفرته
فكفى	فكفى
فكلوه	فكلوه
فكلى	فكلى
فكهون	فكهون
فكيدون	فكيدون
فكيدونى	فكيدونى
فلأقطعن	فلأقطعن
فلأنفسكم	فلأنفسكم
فلأنفسهم	فلأنفسهم
فلانا	فلانا
فلبئس	فلبئس
فلبثت	فلبثت
فلتقم	فلتقم
فلذلك	فلذلك
فلسوف	فلسوف
فلعرفتهم	فلعرفتهم
فلعنة	فلعنة
فلقتلوكم	فلقتلوكم
فلكل	فلكل
فللذكر	فللذكر
فللولدين	فللولدين
فلمسوه	فلمسوه
فلنأتينك	فلنأتينك
فلنأتينهم	فلنأتينهم
فلنحيينه	فلنحيينه
فلنذيقن	فلنذيقن
فلنسلن	فلنسلن
فلنعم	فلنعم
فلنقصن	فلنقصن
فلننبئن	فلننبئن
فلنولينك	فلنولينك
فلهما	فلهما
فليأت	فليأت
فليأتكم	فليأتكم
فليأتنا	فليأتنا
فليأكل	فليأكل
فليؤد	فليؤد
فليؤمن	فليؤمن
فليبتكن	فليبتكن
فليتقوا	فليتقوا
فليتنافس	فليتنافس
فليحذر	فليحذر
فليدع	فليدع
فليذوقوه	فليذوقوه
فليرتقوا	فليرتقوا
فليستذنوا	فليستذنوا
فليستعفف	فليستعفف
فليصلوا	فليصلوا
فليصمه	فليصمه
فليضحكوا	فليضحكوا
فليعبدوا	فليعبدوا
فليعلمن	فليعلمن
فليغيرن	فليغيرن
فليفرحوا	فليفرحوا
فليقتل	فليقتل
فليكتب	فليكتب
فليكفر	فليكفر
فليكونوا	فليكونوا
فليلقه	فليلقه
فليملل	فليملل
فلينفق	فلينفق
فمأوىهم	فمأوىهم
فمتعنهم	فمتعنهم
فمتعوهن	فمتعوهن
فمحونا	فمحونا
فمرت	فمرت
فمستقر	فمستقر
فمكث	فمكث
فملقيه	فملقيه
فمنه	فمنه
فمنها	فمنها
فمهل	فمهل
فنادته	فنادته
فنادىها	فنادىها
فناظرة	فناظرة
فنبذتها	فنبذتها
فنبذنه	فنبذنه
فنبذوه	فنبذوه
فنتبرأ	فنتبرأ
فنجعل	فنجعل
فنجى	فنجى
فنجينك	فنجينك
فنخرج	فنخرج
فنذر	فنذر
فنردها	فنردها
فنزل	فنزل
فنسوا	فنسوا
فنسيتها	فنسيتها
فنسيهم	فنسيهم
فنصف	فنصف
فنظر	فنظر
فنظرة	فنظرة
فنظل	فنظل
فنعما	فنعما
فنعمل	فنعمل
فنفعها	فنفعها
فنقبوا	فنقبوا
فنكون	فنكون
فننبئكم	فننبئكم
فننبئهم	فننبئهم
فهب	فهب
فهدينهم	فهدينهم
فهذا	فهذا
فهزموهم	فهزموهم
فواق	فواق
فوت	فوت
فوجا	فوجا
فوجد	فوجد
فوجدنها	فوجدنها
فوحدة	فوحدة
فورب	فورب
فورهم	فورهم
فوسطن	فوسطن
فوفىه	فوفىه
فوقع	فوقع
فوقهن	فوقهن
فوقىه	فوقىه
فوقىهم	فوقىهم
فوكزه	فوكزه
فوهب	فوهب
فيأتيهم	فيأتيهم
فيؤخذ	فيؤخذ
فيؤمنوا	فيؤمنوا
فيبسطه	فيبسطه
فيتعلمون	فيتعلمون
فيجعله	فيجعله
فيحفكم	فيحفكم
فيحل	فيحل
فيحلفون	فيحلفون
فيحلوا	فيحلوا
فيحى	فيحى
فيخرج	فيخرج
فيدخلهم	فيدخلهم
فيدمغه	فيدمغه
فيدهنون	فيدهنون
فيذرها	فيذرها
فيذهب	فيذهب
فيرسل	فيرسل
فيركمه	فيركمه
فيسبوا	فيسبوا
فيستحى	فيستحى
فيسحتكم	فيسحتكم
فيسخرون	فيسخرون
فيسقى	فيسقى
فيشفعوا	فيشفعوا
فيصبحوا	فيصبحوا
فيصلب	فيصلب
فيضل	فيضل
فيضلك	فيضلك
فيطمع	فيطمع
فيظللن	فيظللن
فيعتذرون	فيعتذرون
فيعذبهم	فيعذبهم
فيعلمون	فيعلمون
فيغرقكم	فيغرقكم
فيغفر	فيغفر
فيقتل	فيقتل
فيقتلون	فيقتلون
فيقولون	فيقولون
فيكشف	فيكشف
فيكيدوا	فيكيدوا
فيمت	فيمت
فيمسك	فيمسك
فيمكث	فيمكث
فيموتوا	فيموتوا
فيميلون	فيميلون
فينتقم	فينتقم
فينسخ	فينسخ
فينظر	فينظر
فينقلبوا	فينقلبوا
فيوحى	فيوحى
فيوس	فيوس
ق	ق
قائلها	قائلها
قائلون	قائلون
قائمون	قائمون
قاب	قاب
قارعة	قارعة
قاصدا	قاصدا
قاصفا	قاصفا
قاض	قاض
قاطعة	قاطعة
قاعا	قاعا
قاعدا	قاعدا
قالها	قالها
قام	قام
قانتا	قانتا
قبره	قبره
قبس	قبس
قبضا	قبضا
قبضة	قبضة
قبضته	قبضته
قبضنه	قبضنه
قبلتك	قبلتك
قبيلا	قبيلا
قتالا	قتالا
قتر	قتر
قترة	قترة
قتلتموهم	قتلتموهم
قتلكم	قتلكم
قتله	قتله
قتلوهم	قتلوهم
قتورا	قتورا
قدحا	قدحا
قددا	قددا
قدرنه	قدرنه
قدرنها	قدرنها
قدرون	قدرون
قدروها	قدروها
قدمتم	قدمتم
قدمتموه	قدمتموه
قدموا	قدموا
قديم	قديم
قرآنه	قرءانه
قرأنه	قرأنه
قراطيس	قراطيس
قربا	قربا
قربة	قربة
قربت	قربت
قرت	قرت
قرطاس	قرطاس
قرناء	قرناء
قروء	قروء
قريتك	قريتك
قريتنا	قريتنا
قريش	قريش
قسم	قسم
قسمنا	قسمنا
قسوة	قسوة
قسورة	قسورة
قسية	قسية
قسيسين	قسيسين
قصد	قصد
قصصا	قصصا
قصصنهم	قصصنهم
قصصهم	قصصهم
قصمنا	قصمنا
قصيا	قصيا
قصيه	قصيه
قضوا	قضوا
قضىها	قضىها
قطرا	قطرا
قطران	قطران
قطع	قطع
قطعا	قطعا
قطعتم	قطعتم
قطعن	قطعن
قطمير	قطمير
قطنا	قطنا
قعدون	قعدون
قعود	قعود
قعيد	قعيد
قفينا	قفينا
قلبها	قلبها
قلبي	قلبى
قلبين	قلبين
قلته	قلته
قلن	قلن
قلوبكما	قلوبكما
قلى	قلى
قليلة	قليلة
قليلون	قليلون
قمتم	قمتم
قمطريرا	قمطريرا
قنت	قنت
قنتين	قنتين
قنطارا	قنطارا
قنطوا	قنطوا
قنوان	قنوان
قنوط	قنوط
قهرون	قهرون
قوا	قوا
قوارير	قوارير
قواما	قواما
قوتكم	قوتكم
قوتلتم	قوتلتم
قوتلوا	قوتلوا
قوسين	قوسين
قولك	قولك
قولنا	قولنا
قولها	قولها
قومها	قومها
قومون	قومون
قويا	قويا
قيمة	قيمة
كأحد	كأحد
كأس	كأس
كألف	كألف
كأمثل	كأمثل
كأنك	كأنك
كاتبا	كاتبا
كادت	كادت
كادح	كادح
كاذبة	كاذبة
كاشفة	كاشفة
كاشفوا	كاشفوا
كافرة	كافرة
كافورا	كافورا
كالأعمى	كٱلأعمى
كالأنثى	كٱلأنثى
كالتي	كٱلتى
كالجبال	كٱلجبال
كالجواب	كٱلجواب
كالحجارة	كٱلحجارة
كالدهان	كٱلدهان
كالرميم	كٱلرميم
كالصريم	كٱلصريم
كالطود	كٱلطود
كالظلل	كٱلظلل
كالعرجون	كٱلعرجون
كالفجار	كٱلفجار
كالفخار	كٱلفخار
كالفراش	كٱلفراش
كالقصر	كٱلقصر
كالمجرمين	كٱلمجرمين
كالمعلقة	كٱلمعلقة
كالمفسدين	كٱلمفسدين
كالوهم	كالوهم
كاملين	كاملين
كاهن	كاهن
كبائر	كبائر
كبارا	كبارا
كبت	كبت
كبتوا	كبتوا
كبد	كبد
كبرت	كبرت
كبره	كبره
كبسط	كبسط
كتبك	كتبك
كتبنها	كتبنها
كتبها	كتبها
كتبهم	كتبهم
كتبون	كتبون
كتبين	كتبين
كتم	كتم
كثر	كثر
كثرة	كثرة
كثرت	كثرت
كثرتكم	كثرتكم
كثيبا	كثيبا
كجهر	كجهر
كحب	كحب
كخشية	كخشية
كخلقه	كخلقه
كخيفتكم	كخيفتكم
كدحا	كدحا
كدعاء	كدعاء
كدنا	كدنا
كذابا	كذابا
كذبة	كذبة
كذبه	كذبه
كذبوكم	كذبوكم
كذبوه	كذبوه
كذكركم	كذكركم
كذلكم	كذلكم
كرام	كرام
كرب	كرب
كرتين	كرتين
كرماد	كرماد
كرمت	كرمت
كرمنا	كرمنا
كرهتموهن	كرهتموهن
كرهين	كرهين
كزرع	كزرع
كسادها	كسادها
كسبا	كسبا
كسراب	كسراب
كسوتهم	كسوتهم
كشطت	كشطت
كصاحب	كصاحب
كصيب	كصيب
كطى	كطى
كظلمت	كظلمت
كظمين	كظمين
كعذاب	كعذاب
كعرض	كعرض
كعصف	كعصف
كغلى	كغلى
كف	كف
كفاتا	كفاتا
كفارة	كفارة
كفران	كفران
كفرت	كفرت
كففت	كففت
كفل	كفل
كفلين	كفلين
كفيلا	كفيلا
كفينك	كفينك
كلاهما	كلاهما
كلتا	كلتا
كلتم	كلتم
كلحون	كلحون
كللة	كللة
كلمتنا	كلمتنا
كلمه	كلمه
كلهن	كلهن
كلى	كلى
كمثله	كمثله
كمشكوة	كمشكوة
كنزتم	كنزتم
كنزهما	كنزهما
كنفس	كنفس
كهشيم	كهشيم
كهيعص	كهيعص
كورت	كورت
كوكب	كوكب
كوني	كونى
كيدكم	كيدكم
كيدون	كيدون
لآتوها	لءاتوها
لآتينا	لءاتينا
لآمن	لءامن
لآيتنا	لءايتنا
لأاذبحنه	لأاذبحنه
لأبى	لأبى
لأتخذن	لأتخذن
لأجد	لأجد
لأجدن	لأجدن
لأجعلنك	لأجعلنك
لأحتنكن	لأحتنكن
لأحدهما	لأحدهما
لأخته	لأخته
لأخذنا	لأخذنا
لأخرىهم	لأخرىهم
لأخيه	لأخيه
لأذقنك	لأذقنك
لأرجمنك	لأرجمنك
لأرينكهم	لأرينكهم
لأزوجهم	لأزوجهم
لأزيدنكم	لأزيدنكم
لأزينن	لأزينن
لأستغفرن	لأستغفرن
لأسجد	لأسجد
لأسقينهم	لأسقينهم
لأسمعهم	لأسمعهم
لأصلبنكم	لأصلبنكم
لأعدل	لأعدل
لأعدوا	لأعدوا
لأعذبنه	لأعذبنه
لأعنتكم	لأعنتكم
لأغلبن	لأغلبن
لأغوينهم	لأغوينهم
لأقتلك	لأقتلك
لأقتلنك	لأقتلنك
لأقرب	لأقرب
لأقعدن	لأقعدن
لأكثرهم	لأكثرهم
لأكفر	لأكفر
لأكلوا	لأكلوا
لأكونن	لأكونن
لأكيدن	لأكيدن
لأمارة	لأمارة
لأمر	لأمر
لأمسكتم	لأمسكتم
لأن	لأن
لأنتم	لأنتم
لأنذركم	لأنذركم
لأنعمه	لأنعمه
لأهب	لأهب
لأهل	لأهل
لأوتين	لأوتين
لأول	لأول
لأولنا	لأولنا
لأولىهم	لأولىهم
لأوه	لأوه
لأى	لأى
لأيمنكم	لأيمنكم
لؤلؤ	لؤلؤ
لؤلؤا	لؤلؤا
لإثم	لإثم
لإحدى	لإحدى
لإيلف	لإيلف
لائم	لائم
لابتغوا	لٱبتغوا
لابنه	لٱبنه
لاتبعتم	لٱتبعتم
لاتبعنكم	لٱتبعنكم
لاتبعوك	لٱتبعوك
لاتخذنه	لٱتخذنه
لاتخذوك	لٱتخذوك
لاختلفتم	لٱختلفتم
لارتاب	لٱرتاب
لازب	لازب
لاستكثرت	لٱستكثرت
لاصطفى	لٱصطفى
لافتدت	لٱفتدت
لامرأته	لٱمرأته
لانتصر	لٱنتصر
لانفضوا	لٱنفضوا
لاهية	لاهية
لبإمام	لبإمام
لباسهما	لباسهما
لبالمرصاد	لبٱلمرصاد
لبث	لبث
لبثين	لبثين
لبرز	لبرز
لبس	لبس
لبسبيل	لبسبيل
لبشرين	لبشرين
لبعثنا	لبعثنا
لبعولتهن	لبعولتهن
لبغوا	لبغوا
لبلد	لبلد
لبلغا	لبلغا
لبن	لبن
لبنا	لبنا
لبنيه	لبنيه
لبوس	لبوس
لبيت	لبيت
لبيوتهم	لبيوتهم
لتأتننى	لتأتننى
لتأتينكم	لتأتينكم
لتأخذوها	لتأخذوها
لتأفكنا	لتأفكنا
لتؤمنن	لتؤمنن
لتاركوا	لتاركوا
لتبدى	لتبدى
لتبشر	لتبشر
لتبعثن	لتبعثن
لتبلون	لتبلون
لتبيننه	لتبيننه
لتتلوا	لتتلوا
لتجدن	لتجدن
لتجزى	لتجزى
لتحسبوه	لتحسبوه
لتحصنكم	لتحصنكم
لتحكم	لتحكم
لتحملهم	لتحملهم
لتخذت	لتخذت
لتخرج	لتخرج
لتخرجنا	لتخرجنا
لتخرجوا	لتخرجوا
لتدخلن	لتدخلن
لتدعوهم	لتدعوهم
لتذكرة	لتذكرة
لتذهبوا	لتذهبوا
لتردين	لتردين
لترضوا	لترضوا
لترضى	لترضى
لتركبن	لتركبن
لتركبوا	لتركبوا
لتركبوها	لتركبوها
لترون	لترون
لترونها	لترونها
لتزول	لتزول
لتستوا	لتستوا
لتسحرنا	لتسحرنا
لتسلكوا	لتسلكوا
لتشرك	لتشرك
لتشقى	لتشقى
لتشهدون	لتشهدون
لتضيقوا	لتضيقوا
لتعارفوا	لتعارفوا
لتعتدوا	لتعتدوا
لتعجل	لتعجل
لتعرضوا	لتعرضوا
لتعلم	لتعلم
لتغرق	لتغرق
لتغفر	لتغفر
لتفتروا	لتفتروا
لتفترى	لتفترى
لتفسدن	لتفسدن
لتقتلنى	لتقتلنى
لتقرأه	لتقرأه
لتقولون	لتقولون
لتكبروا	لتكبروا
لتكفرون	لتكفرون
لتلفتنا	لتلفتنا
لتلقى	لتلقى
لتمرون	لتمرون
لتنبؤن	لتنبؤن
لتنبئنهم	لتنبئنهم
لتنزيل	لتنزيل
لتنفقوا	لتنفقوا
لتنوأ	لتنوأ
لتهتدوا	لتهتدوا
لتهدى	لتهدى
لتولوا	لتولوا
لثمود	لثمود
لجاءهم	لجاءهم
لجالوت	لجالوت
لجبريل	لجبريل
لجة	لجة
لجعل	لجعل
لجعله	لجعله
لجعلهم	لجعلهم
لجعلون	لجعلون
لجلودهم	لجلودهم
لجمعهم	لجمعهم
لجميع	لجميع
لجنبه	لجنبه
لجوا	لجوا
لجي	لجى
لحب	لحب
لحبط	لحبط
لحدود	لحدود
لحديث	لحديث
لحسرة	لحسرة
لحسن	لحسن
لحفظين	لحفظين
لحكمه	لحكمه
لحكمهم	لحكمهم
لحليم	لحليم
لحن	لحن
لحومها	لحومها
لحياتى	لحياتى
لخرجنا	لخرجنا
لخزنة	لخزنة
لخسف	لخسف
لخطين	لخطين
لداود	لداود
لدلوك	لدلوك
لدني	لدنى
لذائقوا	لذائقوا
لذائقون	لذائقون
لذكورنا	لذكورنا
لذنوبهم	لذنوبهم
لذى	لذى
لرأيته	لرأيته
لرادك	لرادك
لربكم	لربكم
لرجمنك	لرجمنك
لرحمة	لرحمة
لرزقنا	لرزقنا
لرسلهم	لرسلهم
لرسوله	لرسوله
لرفعنه	لرفعنه
لرقيك	لرقيك
لسانك	لسانك
لسبإ	لسبإ
لستن	لستن
لسحرن	لسحرن
لسرقون	لسرقون
لسريع	لسريع
لسعيه	لسعيه
لسعيها	لسعيها
لسلطهم	لسلطهم
لسليمن	لسليمن
لسنتنا	لسنتنا
لسوف	لسوف
لشاعر	لشاعر
لشايء	لشاىء
لشتى	لشتى
لشر	لشر
لشرذمة	لشرذمة
لشركائنا	لشركائنا
لشركائهم	لشركائهم
لشهدتنا	لشهدتنا
لشهيد	لشهيد
لشوبا	لشوبا
لصادق	لصادق
لصالوا	لصالوا
لصوت	لصوت
لطمسنا	لطمسنا
لطيفا	لطيفا
لظلم	لظلم
لظلمون	لظلمون
لظلمين	لظلمين
لظلوا	لظلوا
لظلوم	لظلوم
لظى	لظى
لعاد	لعاد
لعادوا	لعادوا
لعال	لعال
لعبا	لعبا
لعبادنا	لعبادنا
لعبدته	لعبدته
لعجل	لعجل
لعدتهن	لعدتهن
لعذبنا	لعذبنا
لعذبهم	لعذبهم
لعلم	لعلم
لعلمه	لعلمه
لعلنا	لعلنا
لعليم	لعليم
لعمرك	لعمرك
لعملكم	لعملكم
لعنتم	لعنتم
لعنتي	لعنتى
لعنوا	لعنوا
لغائظون	لغائظون
لغد	لغد
لغفار	لغفار
لغفلون	لغفلون
لغلمين	لغلمين
لغو	لغو
لغوي	لغوى
لغية	لغية
لفتحنا	لفتحنا
لفتينه	لفتينه
لفرح	لفرح
لفريقا	لفريقا
لفسدتا	لفسدتا
لفسق	لفسق
لفسقون	لفسقون
لفسقين	لفسقين
لفشلتم	لفشلتم
لفضله	لفضله
لفعلون	لفعلون
لفيفا	لفيفا
لقائه	لقائه
لقادر	لقادر
لقال	لقال
لقتال	لقتال
لقدير	لقدير
لقرآن	لقرءان
لقسم	لقسم
لقطعنا	لقطعنا
لقلنا	لقلنا
لقلوبكم	لقلوبكم
لقوكم	لقوكم
لقولهم	لقولهم
لقومكما	لقومكما
لقومهم	لقومهم
لقيا	لقيا
لقينا	لقينا
لقيه	لقيه
لكتب	لكتب
لكثير	لكثير
لكرهون	لكرهون
لكفرنا	لكفرنا
لكفرون	لكفرون
لكنتم	لكنتم
لكنود	لكنود
للآخرة	للءاخرة
للآخرين	للءاخرين
للآكلين	للءاكلين
للأبرار	للأبرار
للأنام	للأنام
للأوبين	للأوبين
للبث	للبث
للتى	للتى
للجبل	للجبل
للجبين	للجبين
للجوا	للجوا
للحرب	للحرب
للحسنى	للحسنى
للحوارين	للحوارين
للحى	للحى
للخائنين	للخائنين
للخبيثت	للخبيثت
للخبيثين	للخبيثين
للخروج	للخروج
للذكرين	للذكرين
للرءيا	للرءيا
للرسل	للرسل
للزكوة	للزكوة
للساعة	للساعة
للسحت	للسحت
للسلم	للسلم
للسمع	للسمع
للشهدة	للشهدة
للشوى	للشوى
للشيطن	للشيطن
للشيطين	للشيطين
للصبرين	للصبرين
للصلوة	للصلوة
للطيبت	للطيبت
للطيبين	للطيبين
للعبدين	للعبدين
للعسرى	للعسرى
للغاوين	للغاوين
للقتال	للقتال
للقسية	للقسية
للقمر	للقمر
للكتب	للكتب
للكفر	للكفر
للمؤمنت	للمؤمنت
للمتكبرين	للمتكبرين
للمتوسمين	للمتوسمين
للمحسنت	للمحسنت
للمخلفين	للمخلفين
للمصلين	للمصلين
للمطففين	للمطففين
للمقوين	للمقوين
للملإ	للملإ
للموقنين	للموقنين
للهدى	للهدى
للولدين	للولدين
لليتمى	لليتمى
لمبتلين	لمبتلين
لمبلسين	لمبلسين
لمتننى	لمتننى
لمثل	لمثل
لمثله	لمثله
لمثوبة	لمثوبة
لمجموعون	لمجموعون
لمحجوبون	لمحجوبون
لمخرجون	لمخرجون
لمدركون	لمدركون
لمدين	لمدين
لمدينون	لمدينون
لمردودون	لمردودون
لمرسلون	لمرسلون
لمزة	لمزة
لمستقر	لمستقر
لمسجد	لمسجد
لمسخنهم	لمسخنهم
لمسرفون	لمسرفون
لمسكين	لمسكين
لمسنا	لمسنا
لمشركون	لمشركون
لمع	لمع
لمعزولون	لمعزولون
لمعكم	لمعكم
لمغرمون	لمغرمون
لمغفرة	لمغفرة
لمفعولا	لمفعولا
لمقت	لمقت
لمكر	لمكر
لمنجوهم	لمنجوهم
لمنقلبون	لمنقلبون
لمنكم	لمنكم
لمهلكهم	لمهلكهم
لموسعون	لموسعون
لموسى	لموسى
لموعدهم	لموعدهم
لموفوهم	لموفوهم
لميتون	لميتون
لميقت	لميقت
لنؤمنن	لنؤمنن
لنبذ	لنبذ
لنبلوهم	لنبلوهم
لنبيتنه	لنبيتنه
لنبين	لنبين
لنت	لنت
لنتخذن	لنتخذن
لنثبت	لنثبت
لنجعلها	لنجعلها
لنحرقنه	لنحرقنه
لنحشرنهم	لنحشرنهم
لنحضرنهم	لنحضرنهم
لنحى	لنحى
لنخرج	لنخرج
لنخرجن	لنخرجن
لنخرجنك	لنخرجنك
لنخرجنكم	لنخرجنكم
لندخلنهم	لندخلنهم
لنذهبن	لنذهبن
لنذيقهم	لنذيقهم
لنرجمنكم	لنرجمنكم
لنرسل	لنرسل
لنرىها	لنرىها
لنريك	لنريك
لنريه	لنريه
لنزلنا	لنزلنا
لنسفعا	لنسفعا
لنسلم	لنسلم
لنسلنهم	لنسلنهم
لنصحون	لنصحون
لنصدقن	لنصدقن
لنصرف	لنصرف
لنظنك	لنظنك
لنعبد	لنعبد
لنغرينك	لنغرينك
لنفد	لنفد
لنفسد	لنفسد
لنقولن	لنقولن
لنكبون	لنكبون
لنكفرن	لنكفرن
لننجينه	لننجينه
لننزعن	لننزعن
لننسفنه	لننسفنه
لننصر	لننصر
لننصرنكم	لننصرنكم
لننظر	لننظر
لنهتدى	لنهتدى
لنهدينهم	لنهدينهم
لنهلكن	لنهلكن
لنوره	لنوره
لهاد	لهاد
لهدمت	لهدمت
لهدينكم	لهدينكم
لهمت	لهمت
لهى	لهى
لواحة	لواحة
لواذا	لواذا
لوجه	لوجه
لوح	لوح
لوحد	لوحد
لوقتها	لوقتها
لوقح	لوقح
لوقعتها	لوقعتها
لولديه	لولديه
لوليت	لوليت
لومة	لومة
لووا	لووا
ليأتينى	ليأتينى
ليأخذ	ليأخذ
ليأخذوه	ليأخذوه
ليأكلوا	ليأكلوا
ليؤذن	ليؤذن
ليا	ليا
ليالي	ليالى
ليبتليكم	ليبتليكم
ليبدى	ليبدى
ليبطئن	ليبطئن
ليبعثن	ليبعثن
ليبغى	ليبغى
ليبلغ	ليبلغ
ليبلوا	ليبلوا
ليبلونكم	ليبلونكم
ليبلونى	ليبلونى
ليتخذ	ليتخذ
ليتساءلوا	ليتساءلوا
ليتفقهوا	ليتفقهوا
ليتنى	ليتنى
ليتوبوا	ليتوبوا
ليثبت	ليثبت
ليثبتوك	ليثبتوك
ليجدلوكم	ليجدلوكم
ليجزيك	ليجزيك
ليحاجوكم	ليحاجوكم
ليحبطن	ليحبطن
ليحزن	ليحزن
ليحزنك	ليحزنك
ليحزننى	ليحزننى
ليحق	ليحق
ليحملوا	ليحملوا
ليخرج	ليخرج
ليخرجوك	ليخرجوك
ليدبروا	ليدبروا
ليدخلنهم	ليدخلنهم
ليذر	ليذر
ليذهب	ليذهب
ليذوق	ليذوق
ليذوقوا	ليذوقوا
ليذيقهم	ليذيقهم
ليربوا	ليربوا
ليردوهم	ليردوهم
ليرزقنهم	ليرزقنهم
ليرضوكم	ليرضوكم
ليروا	ليروا
ليريكم	ليريكم
ليريه	ليريه
ليريهما	ليريهما
ليزلقونك	ليزلقونك
ليستخفوا	ليستخفوا
ليستخلفنهم	ليستخلفنهم
ليستذنكم	ليستذنكم
ليستفزونك	ليستفزونك
ليستيقن	ليستيقن
ليسجنن	ليسجنن
ليسجننه	ليسجننه
ليسكن	ليسكن
ليسكنوا	ليسكنوا
ليسل	ليسل
ليسمون	ليسمون
ليشتروا	ليشتروا
ليشهدوا	ليشهدوا
ليصبحن	ليصبحن
ليصدوا	ليصدوا
ليصدونهم	ليصدونهم
ليصرمنها	ليصرمنها
ليضلنا	ليضلنا
ليضلون	ليضلون
ليضيع	ليضيع
ليطاع	ليطاع
ليطغى	ليطغى
ليطفوا	ليطفوا
ليطلعكم	ليطلعكم
ليطمئن	ليطمئن
ليعبدون	ليعبدون
ليعجزه	ليعجزه
ليعذب	ليعذب
ليعلموا	ليعلموا
ليعلمون	ليعلمون
ليغيظ	ليغيظ
ليفتدوا	ليفتدوا
ليفتنونك	ليفتنونك
ليفجر	ليفجر
ليفسد	ليفسد
ليفسدوا	ليفسدوا
ليقتلوك	ليقتلوك
ليقربونا	ليقربونا
ليقض	ليقض
ليقضوا	ليقضوا
ليقولوا	ليقولوا
ليقوم	ليقوم
ليقيموا	ليقيموا
ليكتمون	ليكتمون
ليكفر	ليكفر
ليكونا	ليكونا
ليكونن	ليكونن
ليلها	ليلها
ليمسن	ليمسن
ليمكروا	ليمكروا
ليميز	ليميز
لينا	لينا
لينبذن	لينبذن
لينة	لينة
لينصرنه	لينصرنه
لينفروا	لينفروا
لينفق	لينفق
ليواطوا	ليواطوا
ليوحون	ليوحون
ليوس	ليوس
ليوفينهم	ليوفينهم
ليوفيهم	ليوفيهم
ليولن	ليولن
مأتيا	مأتيا
مأكول	مأكول
مأمنه	مأمنه
مأمون	مأمون
مأوىكم	مأوىكم
مؤجلا	مؤجلا
ماءك	ماءك
ماءها	ماءها
ماؤكم	ماؤكم
ماؤها	ماؤها
مارب	مارب
مارج	مارج
مارد	مارد
ماليه	ماليه
مانعتهم	مانعتهم
مبتليكم	مبتليكم
مبثوثة	مبثوثة
مبديه	مبديه
مبرءون	مبرءون
مبرك	مبرك
مبركا	مبركا
مبرمون	مبرمون
مبسوطتان	مبسوطتان
مبشرت	مبشرت
مبصرون	مبصرون
مبطلون	مبطلون
مبعدون	مبعدون
مبلغهم	مبلغهم
مبنية	مبنية
مبوأ	مبوأ
متاب	متاب
متابا	متابا
متبر	متبر
متبرجت	متبرجت
متجانف	متجانف
متجورت	متجورت
متحرفا	متحرفا
متحيزا	متحيزا
متخذ	متخذ
متخذت	متخذت
متخذي	متخذى
متراكبا	متراكبا
متربة	متربة
متربص	متربص
متربصون	متربصون
مترفين	مترفين
مترفيها	مترفيها
مترفيهم	مترفيهم
متشبهت	متشبهت
متشكسون	متشكسون
متصدعا	متصدعا
متعت	متعت
متعتهم	متعتهم
متعنه	متعنه
متعنهم	متعنهم
متعهم	متعهم
متفرقة	متفرقة
متفرقون	متفرقون
متقلبكم	متقلبكم
متكا	متكا
متكون	متكون
متوفيك	متوفيك
مثابة	مثابة
مثانى	مثانى
مثبورا	مثبورا
مثقلة	مثقلة
مثلهن	مثلهن
مثليها	مثليها
مثليهم	مثليهم
مثواى	مثواى
مثوبة	مثوبة
مثوىكم	مثوىكم
مثوىه	مثوىه
مجتمعون	مجتمعون
مجذوذ	مجذوذ
مجرما	مجرما
مجرميها	مجرميها
مجرىها	مجرىها
مجموع	مجموع
مجيب	مجيب
محبة	محبة
محتضر	محتضر
محذورا	محذورا
محررا	محررا
محرم	محرم
محرما	محرما
محرمة	محرمة
محريب	محريب
محسنون	محسنون
محسنين	محسنين
محسورا	محسورا
محشورة	محشورة
محصنة	محصنة
محصنت	محصنت
محضرا	محضرا
محظورا	محظورا
محفوظ	محفوظ
محفوظا	محفوظا
محكمة	محكمة
محكمت	محكمت
محلقين	محلقين
محلها	محلها
محلى	محلى
محمودا	محمودا
محياهم	محياهم
محيصا	محيصا
مختالا	مختالا
مختلفون	مختلفون
مختلفين	مختلفين
مختوم	مختوم
مخذولا	مخذولا
مخرجا	مخرجا
مخرجون	مخرجون
مخزى	مخزى
مخضرة	مخضرة
مخضود	مخضود
مخلصون	مخلصون
مخلف	مخلف
مدادا	مدادا
مدت	مدت
مدتهم	مدتهم
مدخل	مدخل
مددا	مددا
مدهامتان	مدهامتان
مدهنون	مدهنون
مدينين	مدينين
مذءوما	مذءوما
مذبذبين	مذبذبين
مذعنين	مذعنين
مذكر	مذكر
مذكورا	مذكورا
مذموم	مذموم
مراء	مراء
مرت	مرت
مرتاب	مرتاب
مرتان	مرتان
مرتقبون	مرتقبون
مرجوا	مرجوا
مرجون	مرجون
مردا	مردا
مردفين	مردفين
مردنا	مردنا
مردوا	مردوا
مردود	مردود
مرسلا	مرسلا
مرسلة	مرسلة
مرسلوا	مرسلوا
مرسلون	مرسلون
مرشدا	مرشدا
مرصادا	مرصادا
مرصد	مرصد
مرصوص	مرصوص
مرضا	مرضا
مرضاتي	مرضاتى
مرضت	مرضت
مرضعة	مرضعة
مرضيا	مرضيا
مرضية	مرضية
مرغما	مرغما
مرفقا	مرفقا
مرقدنا	مرقدنا
مركوم	مركوم
مريا	مريا
مريج	مريج
مريد	مريد
مريدا	مريدا
مزجىة	مزجىة
مزدجر	مزدجر
مزقتم	مزقتم
مساس	مساس
مستبشرة	مستبشرة
مستبصرين	مستبصرين
مستخف	مستخف
مستخلفين	مستخلفين
مستسلمون	مستسلمون
مستضعفون	مستضعفون
مستضعفين	مستضعفين
مستطر	مستطر
مستطيرا	مستطيرا
مستقبل	مستقبل
مستقرها	مستقرها
مستكبرين	مستكبرين
مستمسكون	مستمسكون
مستمعهم	مستمعهم
مستمعون	مستمعون
مستنسين	مستنسين
مستنفرة	مستنفرة
مستهزءون	مستهزءون
مستورا	مستورا
مسحا	مسحا
مسحورون	مسحورون
مسد	مسد
مسرفين	مسرفين
مسطور	مسطور
مسغبة	مسغبة
مسفحت	مسفحت
مسفرة	مسفرة
مسفوحا	مسفوحا
مسك	مسك
مسكن	مسكن
مسكنكم	مسكنكم
مسكوب	مسكوب
مسكونة	مسكونة
مسلمت	مسلمت
مسمع	مسمع
مسندة	مسندة
مسهم	مسهم
مسودة	مسودة
مسولون	مسولون
مسومين	مسومين
مشاء	مشاء
مشتبها	مشتبها
مشرق	مشرق
مشهد	مشهد
مشهود	مشهود
مشهودا	مشهودا
مشوا	مشوا
مشيد	مشيد
مشيدة	مشيدة
مشيك	مشيك
مصانع	مصانع
مصباح	مصباح
مصرا	مصرا
مصرفا	مصرفا
مصروفا	مصروفا
مصفى	مصفى
مصلى	مصلى
مصيبها	مصيبها
مصيركم	مصيركم
مضاجعهم	مضاجعهم
مضار	مضار
مضت	مضت
مضعفة	مضعفة
مضيا	مضيا
مطاع	مطاع
مطلعون	مطلعون
مطمئن	مطمئن
مطمئنة	مطمئنة
مطمئنين	مطمئنين
مطويت	مطويت
مظلما	مظلما
مظلمون	مظلمون
مظلوما	مظلوما
معاد	معاد
معاذيره	معاذيره
معاشا	معاشا
معدود	معدود
معذبوها	معذبوها
معذبين	معذبين
معذرة	معذرة
معرة	معرة
معروفة	معروفة
معزل	معزل
معشار	معشار
معطلة	معطلة
معقب	معقب
معقبت	معقبت
معكما	معكما
معكوفا	معكوفا
معلم	معلم
معمر	معمر
معها	معها
معيشة	معيشة
معيشتها	معيشتها
معيشتهم	معيشتهم
مغتسل	مغتسل
مغرب	مغرب
مغرت	مغرت
مغرما	مغرما
مغضبا	مغضبا
مغلوب	مغلوب
مغيرا	مغيرا
مفاتح	مفاتح
مفازا	مفازا
مفتحة	مفتحة
مفتر	مفتر
مفترون	مفترون
مفتريت	مفتريت
مفرطون	مفرطون
مفسدون	مفسدون
مفصلا	مفصلا
مفصلت	مفصلت
مقامك	مقامك
مقامهما	مقامهما
مقبوضة	مقبوضة
مقتحم	مقتحم
مقتدرا	مقتدرا
مقتدرون	مقتدرون
مقتدون	مقتدون
مقترفون	مقترفون
مقترنين	مقترنين
مقتصدة	مقتصدة
مقتكم	مقتكم
مقدورا	مقدورا
مقربة	مقربة
مقسوم	مقسوم
مقصورت	مقصورت
مقطوع	مقطوع
مقطوعة	مقطوعة
مقمحون	مقمحون
مقمع	مقمع
مقنعي	مقنعى
مقيتا	مقيتا
مقيلا	مقيلا
مكاء	مكاء
مكانتهم	مكانتهم
مكانكم	مكانكم
مكبا	مكبا
مكة	مكة
مكتوبا	مكتوبا
مكث	مكث
مكثون	مكثون
مكثين	مكثين
مكذبين	مكذبين
مكذوب	مكذوب
مكرتموه	مكرتموه
مكرم	مكرم
مكرمة	مكرمة
مكروها	مكروها
مكظوم	مكظوم
مكلبين	مكلبين
مكنى	مكنى
ملء	ملء
ملأ	ملأ
ملئت	ملئت
ملتكم	ملتكم
ملجأ	ملجأ
ملجإ	ملجإ
ملجا	ملجا
ملعونين	ملعونين
ملق	ملق
ملقوه	ملقوه
ملقيكم	ملقيكم
ملكتم	ملكتم
ملكون	ملكون
ملكين	ملكين
ملوكا	ملوكا
مليا	مليا
مليك	مليك
مم	مم
ممددة	ممددة
ممدكم	ممدكم
ممدود	ممدود
ممدودا	ممدودا
ممرد	ممرد
ممسك	ممسك
ممسكت	ممسكت
ممطرنا	ممطرنا
مملوكا	مملوكا
ممنوعة	ممنوعة
مناديا	مناديا
مناسكنا	مناسكنا
مناص	مناص
مناكبها	مناكبها
منامك	منامك
منامكم	منامكم
منامها	منامها
منبثا	منبثا
منتشر	منتشر
منتصر	منتصر
منتصرا	منتصرا
منتصرين	منتصرين
منتهون	منتهون
منتهىها	منتهىها
منجوك	منجوك
منذرون	منذرون
منزل	منزل
منزلا	منزلا
منزلها	منزلها
منزلون	منزلون
منسأته	منسأته
منسككم	منسككم
منسيا	منسيا
منشرة	منشرة
منشور	منشور
منشورا	منشورا
منصورا	منصورا
منطق	منطق
منظرون	منظرون
منعنا	منعنا
منعهم	منعهم
منفطر	منفطر
منفقون	منفقون
منفكين	منفكين
منقعر	منقعر
منقلب	منقلب
منقلبا	منقلبا
منقوص	منقوص
منكر	منكر
منكرا	منكرا
منكرة	منكرة
منهمر	منهمر
منوعا	منوعا
منيبا	منيبا
مهاجر	مهاجر
مهاجرا	مهاجرا
مهاد	مهاد
مهانا	مهانا
مهتد	مهتد
مهجرت	مهجرت
مهجورا	مهجورا
مهزوم	مهزوم
مهلكهم	مهلكهم
مهلكوا	مهلكوا
مهلكوها	مهلكوها
مهلكى	مهلكى
مهما	مهما
مهيلا	مهيلا
موئلا	موئلا
مواطن	مواطن
مواقعوها	مواقعوها
موبقا	موبقا
موتا	موتا
موتكم	موتكم
موثقهم	موثقهم
مورا	مورا
موزون	موزون
موص	موص
موضوعة	موضوعة
موضونة	موضونة
موطئا	موطئا
موعد	موعد
موعدة	موعدة
موعدك	موعدك
موعدكم	موعدكم
موعده	موعده
موعدى	موعدى
موفورا	موفورا
موقنون	موقنون
موقوتا	موقوتا
موقوفون	موقوفون
موقيت	موقيت
موليها	موليها
موهن	موهن
ميتون	ميتون
ميسرة	ميسرة
ميسورا	ميسورا
ميعاد	ميعاد
ميقتا	ميقتا
ميقتهم	ميقتهم
ميلا	ميلا
ميلة	ميلة
ن	ن
نأت	نأت
نأتيكم	نأتيكم
نأخذ	نأخذ
نأكل	نأكل
نؤتها	نؤتها
نؤتى	نؤتى
نؤثرك	نؤثرك
نؤخره	نؤخره
ناج	ناج
نادوا	نادوا
نادىنا	نادىنا
نادىه	نادىه
ناديتم	ناديتم
ناديكم	ناديكم
نادينا	نادينا
ناديه	ناديه
ناسكوه	ناسكوه
ناشئة	ناشئة
ناصبة	ناصبة
ناصح	ناصح
ناصرا	ناصرا
ناصية	ناصية
ناضرة	ناضرة
ناظرة	ناظرة
ناعمة	ناعمة
ناكسوا	ناكسوا
نبأت	نبأت
نبأتكما	نبأتكما
نبأنا	نبأنا
نبأنى	نبأنى
نبأه	نبأه
نبأها	نبأها
نبأهم	نبأهم
نبإى	نبإى
نبئ	نبئ
نبئنا	نبئنا
نبتغى	نبتغى
نبتليه	نبتليه
نبتهل	نبتهل
نبذ	نبذ
نبذه	نبذه
نبرأها	نبرأها
نبرح	نبرح
نبطش	نبطش
نبغ	نبغ
نبغى	نبغى
نبلوهم	نبلوهم
نبونى	نبونى
نبين	نبين
نتبعكم	نتبعكم
نتبعه	نتبعه
نتبعهم	نتبعهم
نتبوأ	نتبوأ
نتخطف	نتخطف
نترك	نترك
نتقبل	نتقبل
نتقنا	نتقنا
نتكلم	نتكلم
نتلوا	نتلوا
نتلوه	نتلوه
نتنزل	نتنزل
نتوكل	نتوكل
نثبت	نثبت
نجا	نجا
نجب	نجب
نجد	نجد
نجزيه	نجزيه
نجس	نجس
نجعلها	نجعلها
نجعلهم	نجعلهم
نجعلهما	نجعلهما
نجمع	نجمع
نجوت	نجوت
نجوىهم	نجوىهم
نجى	نجى
نجىكم	نجىكم
نجيتم	نجيتم
نجينكم	نجينكم
نجينه	نجينه
نجينهم	نجينهم
نحبه	نحبه
نحس	نحس
نحسات	نحسات
نحلة	نحلة
نختم	نختم
نخرة	نخرة
نخسف	نخسف
نخشى	نخشى
نخفى	نخفى
نخلفه	نخلفه
نخلقكم	نخلقكم
نداء	نداء
نداولها	نداولها
ندع	ندع
ندعوه	ندعوه
ندلكم	ندلكم
نديا	نديا
نذر	نذر
نذرا	نذرا
نذرتم	نذرتم
نذل	نذل
نذهبن	نذهبن
نذورهم	نذورهم
نذيقهم	نذيقهم
نربك	نربك
نرث	نرث
نرزقك	نرزقك
نرزقكم	نرزقكم
نرزقهم	نرزقهم
نريك	نريك
نريهم	نريهم
نزاعة	نزاعة
نزعنها	نزعنها
نزلة	نزلة
نزلت	نزلت
نزلنه	نزلنه
نزلهم	نزلهم
نزيدكم	نزيدكم
نساؤكم	نساؤكم
نسارع	نسارع
نسبح	نسبح
نسبحك	نسبحك
نستبق	نستبق
نستحوذ	نستحوذ
نستعين	نستعين
نستنسخ	نستنسخ
نسختها	نسختها
نسخر	نسخر
نسفت	نسفت
نسقط	نسقط
نسقى	نسقى
نسك	نسك
نسل	نسل
نسلخ	نسلخ
نسلك	نسلك
نسلكه	نسلكه
نسله	نسله
نسوة	نسوة
نسوق	نسوق
نسوه	نسوه
نسوى	نسوى
نسويكم	نسويكم
نسى	نسى
نسير	نسير
نسينا	نسينا
نسينكم	نسينكم
نشؤا	نشؤا
نشترى	نشترى
نشرا	نشرا
نشرت	نشرت
نشرح	نشرح
نشطا	نشطا
نشهد	نشهد
نشوزا	نشوزا
نشوزهن	نشوزهن
نصبا	نصبا
نصبت	نصبت
نصبر	نصبر
نصحوا	نصحوا
نصحون	نصحون
نصحى	نصحى
نصرانيا	نصرانيا
نصره	نصره
نصروهم	نصروهم
نصفه	نصفه
نصليه	نصليه
نصليهم	نصليهم
نصوحا	نصوحا
نصيبك	نصيبك
نضاختان	نضاختان
نضجت	نضجت
نضطرهم	نضطرهم
نضيد	نضيد
نطبع	نطبع
نطعم	نطعم
نطعمكم	نطعمكم
نطمس	نطمس
نطمع	نطمع
نطوى	نطوى
نطيع	نطيع
نظرة	نظرة
نظرين	نظرين
نظن	نظن
نظنك	نظنك
نظنكم	نظنكم
نعاجه	نعاجه
نعاسا	نعاسا
نعبدهم	نعبدهم
نعجتك	نعجتك
نعجز	نعجز
نعجزه	نعجزه
نعذب	نعذب
نعذبه	نعذبه
نعف	نعف
نعقل	نعقل
نعلمهم	نعلمهم
نعلن	نعلن
نعليك	نعليك
نعما	نعما
نعماء	نعماء
نعمركم	نعمركم
نعمره	نعمره
نعمه	نعمه
نعود	نعود
نعيدكم	نعيدكم
نعيده	نعيده
نعيما	نعيما
نغادر	نغادر
نغرقهم	نغرقهم
نفاد	نفاد
نفاقا	نفاقا
نفحة	نفحة
نفخة	نفخة
نفدت	نفدت
نفشت	نفشت
نفعت	نفعت
نفعه	نفعه
نفعهما	نفعهما
نفقا	نفقا
نفقتهم	نفقتهم
نفقد	نفقد
نفقه	نفقه
نفوسكم	نفوسكم
نفيرا	نفيرا
نقبا	نقبا
نقتبس	نقتبس
نقدر	نقدر
نقذف	نقذف
نقر	نقر
نقرؤه	نقرؤه
نقصص	نقصص
نقصصهم	نقصصهم
نقصه	نقصه
نقضت	نقضت
نقعا	نقعا
نقعد	نقعد
نقيبا	نقيبا
نقيض	نقيض
نقيم	نقيم
نكال	نكال
نكتل	نكتل
نكتم	نكتم
نكث	نكث
نكح	نكح
نكحتم	نكحتم
نكدا	نكدا
نكر	نكر
نكرهم	نكرهم
نكروا	نكروا
نكسوا	نكسوا
نكسوها	نكسوها
نكص	نكص
نكلم	نكلم
نلعنهم	نلعنهم
نمتعهم	نمتعهم
نمد	نمد
نمدهم	نمدهم
نملة	نملة
نمن	نمن
ننبئكم	ننبئكم
ننج	ننج
ننجيك	ننجيك
ننزله	ننزله
ننسخ	ننسخ
ننسها	ننسها
ننسىكم	ننسىكم
ننسىهم	ننسىهم
ننشزها	ننشزها
ننظر	ننظر
ننكسه	ننكسه
ننهك	ننهك
نهار	نهار
نهدى	نهدى
نهرا	نهرا
نهىكم	نهىكم
نهىكما	نهىكما
نوحيها	نوحيها
نورث	نورث
نوركم	نوركم
نورنا	نورنا
نوف	نوف
نوله	نوله
نولى	نولى
نوم	نوم
نومكم	نومكم
نيلا	نيلا
هاؤم	هاؤم
هاجر	هاجر
هاجرن	هاجرن
هادى	هادى
هاديا	هاديا
هار	هار
هالك	هالك
هامدة	هامدة
هاوية	هاوية
هتين	هتين
هجرا	هجرا
هدا	هدا
هدنا	هدنا
هدىن	هدىن
هدىها	هدىها
هديا	هديا
هديتنا	هديتنا
هدينه	هدينه
هذان	هذان
هذن	هذن
هربا	هربا
هروت	هروت
هشيما	هشيما
هضما	هضما
هضيم	هضيم
هلوعا	هلوعا
هما	هما
هماز	هماز
همزة	همزة
همزت	همزت
همسا	همسا
هواء	هواء
هون	هون
هونا	هونا
هيت	هيت
هينا	هينا
هيه	هيه
وآت	وءات
وآتت	وءاتت
وآتنا	وءاتنا
وآتوهن	وءاتوهن
وآتىه	وءاتىه
وآتىهم	وءاتىهم
وآتين	وءاتين
وآتينهما	وءاتينهما
وآثر	وءاثر
وآثرهم	وءاثرهم
وآخرنا	وءاخرنا
وآلهتك	وءالهتك
وآمنهم	وءامنهم
وآوينهما	وءاوينهما
وأبا	وأبا
وأباريق	وأباريق
وأبرئ	وأبرئ
وأبشروا	وأبشروا
وأبصرا	وأبصرا
وأبصركم	وأبصركم
وأبكارا	وأبكارا
وأبكى	وأبكى
وأبلغكم	وأبلغكم
وأبناءكم	وأبناءكم
وأبنائنا	وأبنائنا
وأبونا	وأبونا
وأبى	وأبى
وأبيه	وأبيه
وأتبعنهم	وأتبعنهم
وأترفنهم	وأترفنهم
وأتمروا	وأتمروا
وأتممت	وأتممت
وأتممنها	وأتممنها
وأتموا	وأتموا
وأتىهم	وأتىهم
وأتينك	وأتينك
وأثاروا	وأثاروا
وأثبهم	وأثبهم
وأثقالا	وأثقالا
وأثل	وأثل
وأجدر	وأجدر
وأجلب	وأجلب
وأجمعوا	وأجمعوا
وأحاط	وأحاط
وأحبؤه	وأحبؤه
وأحصوا	وأحصوا
وأحصى	وأحصى
وأحضرت	وأحضرت
وأحطت	وأحطت
وأحلت	وأحلت
وأحلوا	وأحلوا
وأحى	وأحى
وأحيا	وأحيا
وأحيط	وأحيط
وأحييتنا	وأحييتنا
وأحيينا	وأحيينا
وأخاف	وأخاف
وأخبتوا	وأخبتوا
وأخذت	وأخذت
وأخذتم	وأخذتم
وأخذن	وأخذن
وأخذنهم	وأخذنهم
وأخذهم	وأخذهم
وأخذوا	وأخذوا
وأخرت	وأخرت
وأخرج	وأخرج
وأخرجت	وأخرجت
وأخرجنا	وأخرجنا
وأخرجنى	وأخرجنى
وأخرجوا	وأخرجوا
وأخرجوكم	وأخرجوكم
وأخرجوهم	وأخرجوهم
وأخفى	وأخفى
وأخلصوا	وأخلصوا
وأخوك	وأخوك
وأخوه	وأخوه
وأداء	وأداء
وأدبر	وأدبر
وأدخلنا	وأدخلنا
وأدخلنه	وأدخلنه
وأدخلنهم	وأدخلنهم
وأدخلنى	وأدخلنى
وأدخلهم	وأدخلهم
وأدعوا	وأدعوا
وأدنى	وأدنى
وأرادوا	وأرادوا
وأرجلهن	وأرجلهن
وأرسلنك	وأرسلنك
وأرسلنه	وأرسلنه
وأرض	وأرض
وأرضا	وأرضا
وأرنا	وأرنا
وأرى	وأرى
وأزلفنا	وأزلفنا
وأزوج	وأزوج
وأزوجه	وأزوجه
وأسبغ	وأسبغ
وأسرحكن	وأسرحكن
وأسررت	وأسررت
وأسروه	وأسروه
وأسقينكم	وأسقينكم
وأسلحتهم	وأسلحتهم
وأسلمت	وأسلمت
وأسلموا	وأسلموا
وأسلنا	وأسلنا
وأسمع	وأسمع
وأسيرا	وأسيرا
وأشربوا	وأشربوا
وأشرقت	وأشرقت
وأشرك	وأشرك
وأشركه	وأشركه
وأشعارها	وأشعارها
وأشفقن	وأشفقن
وأشهدهم	وأشهدهم
وأصابه	وأصابه
وأصروا	وأصروا
وأصفىكم	وأصفىكم
وأصلحا	وأصلحا
وأصلحنا	وأصلحنا
وأضعف	وأضعف
وأضله	وأضله
وأضلهم	وأضلهم
وأضلوا	وأضلوا
وأطراف	وأطراف
وأطعن	وأطعن
وأطغى	وأطغى
وأظهره	وأظهره
وأعانه	وأعانه
وأعتدت	وأعتدت
وأعتزلكم	وأعتزلكم
وأعدوا	وأعدوا
وأعز	وأعز
وأعطى	وأعطى
وأعظم	وأعظم
وأعمى	وأعمى
وأعناب	وأعناب
وأعنبا	وأعنبا
وأعوذ	وأعوذ
وأعينهم	وأعينهم
وأغطش	وأغطش
وأغللا	وأغللا
وأفدة	وأفدة
وأفدتهم	وأفدتهم
وأفوض	وأفوض
وأقبلوا	وأقبلوا
وأقرب	وأقرب
وأقرضتم	وأقرضتم
وأقسطوا	وأقسطوا
وأقمن	وأقمن
وأقنى	وأقنى
وأكبر	وأكبر
وأكدى	وأكدى
وأكيد	وأكيد
وألزمهم	وألزمهم
وألسنتهم	وألسنتهم
وألف	وألف
وألفيا	وألفيا
وألقت	وألقت
وألقوه	وألقوه
وألقيت	وألقيت
وألنا	وألنا
وألو	وألو
وألونكم	وألونكم
وأمتعتكم	وأمتعتكم
وأمددنكم	وأمددنكم
وأمددنهم	وأمددنهم
وأمرنا	وأمرنا
وأمره	وأمره
وأمرهم	وأمرهم
وأمروا	وأمروا
وأمم	وأمم
وأمنا	وأمنا
وأمهت	وأمهت
وأمهتكم	وأمهتكم
وأموتا	وأموتا
وأمول	وأمول
وأمولا	وأمولا
وأمى	وأمى
وأميت	وأميت
وأناب	وأناب
وأنابوا	وأنابوا
وأناسى	وأناسى
وأنبئكم	وأنبئكم
وأنبتت	وأنبتت
وأنبتها	وأنبتها
وأنثى	وأنثى
وأنصتوا	وأنصتوا
وأنصح	وأنصح
وأنعمت	وأنعمت
وأنفسنا	وأنفسنا
وأنك	وأنك
وأنكحوا	وأنكحوا
وأنكم	وأنكم
وأنيبوا	وأنيبوا
وأهديك	وأهديك
وأهش	وأهش
وأهل	وأهل
وأهلكنا	وأهلكنا
وأهلنا	وأهلنا
وأهلونا	وأهلونا
وأهلى	وأهلى
وأهليكم	وأهليكم
وأوبارها	وأوبارها
وأوتيت	وأوتيت
وأوجس	وأوجس
وأورثكم	وأورثكم
وأوصنى	وأوصنى
وأولئكم	وأولئكم
وأولت	وأولت
وأولدهم	وأولدهم
وأولى	وأولى
وأياما	وأياما
وأيدكم	وأيدكم
وأيده	وأيده
وأيدهم	وأيدهم
وأيدى	وأيدى
وأيديهم	وأيديهم
وأيمنهم	وأيمنهم
وإثمك	وإثمك
وإثمهما	وإثمهما
وإخراج	وإخراج
وإخوته	وإخوته
وإخون	وإخون
وإدبر	وإدبر
وإدريس	وإدريس
وإرصادا	وإرصادا
وإسرءيل	وإسرءيل
وإسرافنا	وإسرافنا
وإلهنا	وإلهنا
وإلياس	وإلياس
وإمائكم	وإمائكم
وإنثا	وإنثا
وإننا	وإننا
وإننى	وإننى
وإنهما	وإنهما
وإياك	وإياك
وإياهم	وإياهم
وإيتائ	وإيتائ
وابتغاؤكم	وٱبتغاؤكم
وابتلوا	وٱبتلوا
وابنها	وٱبنها
وابيضت	وٱبيضت
واتبعت	وٱتبعت
واتبعتهم	وٱتبعتهم
واتبعك	وٱتبعك
واتبعنا	وٱتبعنا
واتبعون	وٱتبعون
واتبعوه	وٱتبعوه
واتخذتموه	وٱتخذتموه
واترك	وٱترك
واتق	وٱتق
واتقون	وٱتقون
واتقين	وٱتقين
واثقكم	واثقكم
واجتبينا	وٱجتبينا
واجتبينهم	وٱجتبينهم
واجعلنى	وٱجعلنى
واجعله	وٱجعله
واجعلوا	وٱجعلوا
واجفة	واجفة
واجنبنى	وٱجنبنى
واحذرهم	وٱحذرهم
واحذروا	وٱحذروا
واحصروهم	وٱحصروهم
واحفظوا	وٱحفظوا
واحلل	وٱحلل
واختار	وٱختار
واختلفوا	وٱختلفوا
واخشوا	وٱخشوا
واخشونى	وٱخشونى
وادخلى	وٱدخلى
وادكر	وٱدكر
واديا	واديا
واذكرن	وٱذكرن
واذكروه	وٱذكروه
وارتابت	وٱرتابت
وارتبتم	وٱرتبتم
وارتقبوا	وٱرتقبوا
وارجعوا	وٱرجعوا
وارجوا	وٱرجوا
وارحم	وٱرحم
واردها	واردها
واردهم	واردهم
وارزق	وٱرزق
وارزقنا	وٱرزقنا
وارزقهم	وٱرزقهم
وارزقوهم	وٱرزقوهم
وارعوا	وٱرعوا
واركعوا	وٱركعوا
واركعى	وٱركعى
وازدادوا	وٱزدادوا
وازدجر	وٱزدجر
وازينت	وٱزينت
واستبقا	وٱستبقا
واستحيوا	وٱستحيوا
واسترهبوهم	وٱسترهبوهم
واستشهدوا	وٱستشهدوا
واستعمركم	وٱستعمركم
واستعينوا	وٱستعينوا
واستغشوا	وٱستغشوا
واستغفره	وٱستغفره
واستغفروه	وٱستغفروه
واستغفرى	وٱستغفرى
واستفتحوا	وٱستفتحوا
واستفزز	وٱستفزز
واستقم	وٱستقم
واستكبرت	وٱستكبرت
واستكبرتم	وٱستكبرتم
واستمتعتم	وٱستمتعتم
واستمع	وٱستمع
واستوت	وٱستوت
واستوى	وٱستوى
واستيقنتها	وٱستيقنتها
واسجد	وٱسجد
واسجدى	وٱسجدى
واشتروا	وٱشتروا
واشتعل	وٱشتعل
واشدد	وٱشدد
واشربى	وٱشربى
واشهدوا	وٱشهدوا
واصب	واصب
واصبا	واصبا
واصطفىك	وٱصطفىك
واصطنعتك	وٱصطنعتك
واصفح	وٱصفح
واصفحوا	وٱصفحوا
واصنع	وٱصنع
واضربوا	وٱضربوا
واضربوهن	وٱضربوهن
واطمأنوا	وٱطمأنوا
واعبد	وٱعبد
واعبدوه	وٱعبدوه
واعف	وٱعف
واعلم	وٱعلم
واغضض	وٱغضض
وافعلوا	وٱفعلوا
واقصد	وٱقصد
واقعدوا	وٱقعدوا
واكتب	وٱكتب
واكسوهم	وٱكسوهم
واكفروا	وٱكفروا
وال	وال
والآخر	وٱلءاخر
والآخرين	وٱلءاخرين
والأحزاب	وٱلأحزاب
والأذن	وٱلأذن
والأذى	وٱلأذى
والأرحام	وٱلأرحام
والأزلم	وٱلأزلم
والأصم	وٱلأصم
والأعناق	وٱلأعناق
والأغلل	وٱلأغلل
والأقدام	وٱلأقدام
والأمين	وٱلأمين
والأنصاب	وٱلأنصاب
والأنف	وٱلأنف
والأنفس	وٱلأنفس
والأولين	وٱلأولين
والإثم	وٱلإثم
والإحسن	وٱلإحسن
والإشراق	وٱلإشراق
والباد	وٱلباد
والباطن	وٱلباطن
والبدن	وٱلبدن
والبصر	وٱلبصر
والبطل	وٱلبطل
والبغال	وٱلبغال
والبلد	وٱلبلد
والبنون	وٱلبنون
والبنين	وٱلبنين
والبيت	وٱلبيت
والترائب	وٱلترائب
والتفت	وٱلتفت
والتين	وٱلتين
والثمرت	وٱلثمرت
والجان	وٱلجان
والجبلة	وٱلجبلة
والجراد	وٱلجراد
والجروح	وٱلجروح
والجسم	وٱلجسم
والجلود	وٱلجلود
والجوع	وٱلجوع
والحب	وٱلحب
والحج	وٱلحج
والحرث	وٱلحرث
والحرمت	وٱلحرمت
والحفظت	وٱلحفظت
والحفظون	وٱلحفظون
والحفظين	وٱلحفظين
والحق	وٱلحق
والحمير	وٱلحمير
والحيوة	وٱلحيوة
والخبيثون	وٱلخبيثون
والخشعت	وٱلخشعت
والخشعين	وٱلخشعين
والخنازير	وٱلخنازير
والخوف	وٱلخوف
والخير	وٱلخير
والد	والد
والده	والده
والذان	وٱلذان
والذريت	وٱلذريت
والذكر	وٱلذكر
والذكرت	وٱلذكرت
والذكرين	وٱلذكرين
والربنيون	وٱلربنيون
والرجز	وٱلرجز
والرسخون	وٱلرسخون
والرقيم	وٱلرقيم
والركب	وٱلركب
والرهبان	وٱلرهبان
والريحان	وٱلريحان
والزانى	وٱلزانى
والزانية	وٱلزانية
والزرع	وٱلزرع
والسائلين	وٱلسائلين
والسارق	وٱلسارق
والسارقة	وٱلسارقة
والسبحت	وٱلسبحت
والسحاب	وٱلسحاب
والسراء	وٱلسراء
والسعة	وٱلسعة
والسقف	وٱلسقف
والسلسل	وٱلسلسل
والسميع	وٱلسميع
والسن	وٱلسن
والسوء	وٱلسوء
والسيات	وٱلسيات
والشجرة	وٱلشجرة
والشعراء	وٱلشعراء
والشفع	وٱلشفع
والشمائل	وٱلشمائل
والشهر	وٱلشهر
والصئمت	وٱلصئمت
والصئمين	وٱلصئمين
والصاحب	وٱلصاحب
والصبرت	وٱلصبرت
والصبون	وٱلصبون
والصدقت	وٱلصدقت
والصديقين	وٱلصديقين
والصفت	وٱلصفت
والصلح	وٱلصلح
والصيف	وٱلصيف
والضحى	وٱلضحى
والضفادع	وٱلضفادع
والضلل	وٱلضلل
والطارق	وٱلطارق
والطغوت	وٱلطغوت
والطور	وٱلطور
والطيب	وٱلطيب
والطيبون	وٱلطيبون
والظلمون	وٱلظلمون
والظلمين	وٱلظلمين
والظهر	وٱلظهر
والعافين	وٱلعافين
والعبد	وٱلعبد
والعديت	وٱلعديت
والعذاب	وٱلعذاب
والعزى	وٱلعزى
والعصر	وٱلعصر
والعصيان	وٱلعصيان
والعكفين	وٱلعكفين
والعمرة	وٱلعمرة
والعمل	وٱلعمل
والعملين	وٱلعملين
والعنهم	وٱلعنهم
والعير	وٱلعير
والعين	وٱلعين
والغاون	وٱلغاون
والغرمين	وٱلغرمين
والغنم	وٱلغنم
والغوا	وٱلغوا
والفؤاد	وٱلفؤاد
والفتح	وٱلفتح
والفجر	وٱلفجر
والفسوق	وٱلفسوق
والقائلين	وٱلقائلين
والقائمين	وٱلقائمين
والقاسية	وٱلقاسية
والقلئد	وٱلقلئد
والقلم	وٱلقلم
والقمل	وٱلقمل
والقنتت	وٱلقنتت
والقنطير	وٱلقنطير
والقوعد	وٱلقوعد
والكظمين	وٱلكظمين
والكفرين	وٱلكفرين
والمؤتفكة	وٱلمؤتفكة
والمؤتون	وٱلمؤتون
والمؤلفة	وٱلمؤلفة
والمؤمنين	وٱلمؤمنين
والمتردية	وٱلمتردية
والمتصدقت	وٱلمتصدقت
والمتصدقين	وٱلمتصدقين
والمجهدون	وٱلمجهدون
والمجوس	وٱلمجوس
والمرجفون	وٱلمرجفون
والمرسلت	وٱلمرسلت
والمروة	وٱلمروة
والمستغفرين	وٱلمستغفرين
والمسكنة	وٱلمسكنة
والمسلمت	وٱلمسلمت
والمسيح	وٱلمسيح
والمصدقت	وٱلمصدقت
والمطلقت	وٱلمطلقت
والمطلوب	وٱلمطلوب
والمعتر	وٱلمعتر
والمغفرة	وٱلمغفرة
والمقيمى	وٱلمقيمى
والمقيمين	وٱلمقيمين
والمكذبين	وٱلمكذبين
والمنخنقة	وٱلمنخنقة
والموتى	وٱلموتى
والموعظة	وٱلموعظة
والموفون	وٱلموفون
والموقوذة	وٱلموقوذة
والنار	وٱلنار
والناهون	وٱلناهون
والنبى	وٱلنبى
والنبيون	وٱلنبيون
والنخيل	وٱلنخيل
والنذر	وٱلنذر
والنزعت	وٱلنزعت
والنسل	وٱلنسل
والنشرت	وٱلنشرت
والنشطت	وٱلنشطت
والنطيحة	وٱلنطيحة
والنوم	وٱلنوم
والنوى	وٱلنوى
والوتر	وٱلوتر
والوزن	وٱلوزن
والولدت	وٱلولدت
وامتزوا	وٱمتزوا
وامرأة	وٱمرأة
وامرأت	وٱمرأت
وامرأتان	وٱمرأتان
وامرأتى	وٱمرأتى
وامسحوا	وٱمسحوا
وامضوا	وٱمضوا
وانتصروا	وٱنتصروا
وانتظر	وٱنتظر
وانتظروا	وٱنتظروا
وانحر	وٱنحر
وانشق	وٱنشق
وانشقت	وٱنشقت
وانصروا	وٱنصروا
وانطلق	وٱنطلق
وانظرنا	وٱنظرنا
وانظروا	وٱنظروا
وانقلبوا	وٱنقلبوا
وانه	وٱنه
واهجرنى	وٱهجرنى
واهجرهم	وٱهجرهم
واهجروهن	وٱهجروهن
واهدنا	وٱهدنا
واهية	واهية
وبئر	وبئر
وباطنة	وباطنة
وباطنه	وباطنه
وبالآخرة	وبٱلءاخرة
وبالأسحار	وبٱلأسحار
وبالذى	وبٱلذى
وبالرسول	وبٱلرسول
وبالزبر	وبٱلزبر
وبالكتب	وبٱلكتب
وبالمؤمنين	وبٱلمؤمنين
وبالنجم	وبٱلنجم
وباليل	وبٱليل
وباليوم	وبٱليوم
وبدأ	وبدأ
وبدارا	وبدارا
وبداره	وبداره
وبدلنهم	وبدلنهم
وبذلك	وبذلك
وبذى	وبذى
وبرحمته	وبرحمته
وبرسوله	وبرسوله
وبرسولى	وبرسولى
وبرق	وبرق
وبرك	وبرك
وبركت	وبركت
وبركته	وبركته
وبركنا	وبركنا
وبست	وبست
وبسر	وبسر
وبشرنه	وبشرنه
وبشروه	وبشروه
وبصدهم	وبصدهم
وبصلها	وبصلها
وبعثنا	وبعثنا
وبعهد	وبعهد
وبعولتهن	وبعولتهن
وبقية	وبقية
وبكفرهم	وبكفرهم
وبكلمى	وبكلمى
وبكم	وبكم
وبكما	وبكما
وبكيا	وبكيا
وبلغ	وبلغ
وبلغت	وبلغت
وبلغنا	وبلغنا
وبلونهم	وبلونهم
وبمن	وبمن
وبناتك	وبناتك
وبناتكم	وبناتكم
وبنت	وبنت
وبنعمة	وبنعمة
وبنعمت	وبنعمت
وبنى	وبنى
وبنينا	وبنينا
وبنيه	وبنيه
وبوأكم	وبوأكم
وبيع	وبيع
وبيلا	وبيلا
وبينت	وبينت
وبينهما	وبينهما
وبينوا	وبينوا
وتأبى	وتأبى
وتأتون	وتأتون
وتأسرون	وتأسرون
وتأكلون	وتأكلون
وتؤتوها	وتؤتوها
وتاب	وتاب
وتالله	وتٱلله
وتبارك	وتبارك
وتبتل	وتبتل
وتبرئ	وتبرئ
وتبغونها	وتبغونها
وتبين	وتبين
وتتخذون	وتتخذون
وتتلقىهم	وتتلقىهم
وتثبيتا	وتثبيتا
وتجرة	وتجرة
وتجهدون	وتجهدون
وتحبون	وتحبون
وتحرير	وتحرير
وتحسبهم	وتحسبهم
وتحسبونه	وتحسبونه
وتحشرون	وتحشرون
وتحمل	وتحمل
وتحيتهم	وتحيتهم
وتخر	وتخر
وتخرجون	وتخرجون
وتخشى	وتخشى
وتخفون	وتخفون
وتخفى	وتخفى
وتخلت	وتخلت
وتخلقون	وتخلقون
وتخونوا	وتخونوا
وتدعوا	وتدعوا
وتدعوننى	وتدعوننى
وتدلوا	وتدلوا
وتذكيرى	وتذكيرى
وتذل	وتذل
وتذهب	وتذهب
وتذوقوا	وتذوقوا
وتربصتم	وتربصتم
وترجون	وترجون
وترحمنا	وترحمنا
وترحمنى	وترحمنى
وترزق	وترزق
وترغبون	وترغبون
وتركتم	وتركتم
وتركهم	وتركهم
وتركوك	وتركوك
وترهقهم	وترهقهم
وتزكيهم	وتزكيهم
وتزودوا	وتزودوا
وتسبحوه	وتسبحوه
وتسبيحه	وتسبيحه
وتستخرجوا	وتستخرجوا
وتستخرجون	وتستخرجون
وتسعون	وتسعون
وتسلموا	وتسلموا
وتسليما	وتسليما
وتسود	وتسود
وتسير	وتسير
وتشاور	وتشاور
وتشتكى	وتشتكى
وتشهد	وتشهد
وتصدق	وتصدق
وتصدون	وتصدون
وتصدية	وتصدية
وتصف	وتصف
وتصفحوا	وتصفحوا
وتصلحوا	وتصلحوا
وتصلية	وتصلية
وتضحكون	وتضحكون
وتضع	وتضع
وتعاونوا	وتعاونوا
وتعز	وتعز
وتعزروه	وتعزروه
وتعلم	وتعلم
وتعمل	وتعمل
وتعيها	وتعيها
وتغشى	وتغشى
وتغفروا	وتغفروا
وتفاخر	وتفاخر
وتفريقا	وتفريقا
وتفقد	وتفقد
وتقبل	وتقبل
وتقسطوا	وتقسطوا
وتقطعت	وتقطعت
وتقطعون	وتقطعون
وتقلبك	وتقلبك
وتقول	وتقول
وتقولوا	وتقولوا
وتقولون	وتقولون
وتقوىها	وتقوىها
وتكاثر	وتكاثر
وتكتموا	وتكتموا
وتكتمون	وتكتمون
وتكفرون	وتكفرون
وتكلمنا	وتكلمنا
وتلذ	وتلذ
وتله	وتله
وتمتعوا	وتمتعوا
وتمثيل	وتمثيل
وتنجوا	وتنجوا
وتنزع	وتنزع
وتنزعتم	وتنزعتم
وتنشق	وتنشق
وتنهون	وتنهون
وتهدى	وتهدى
وتوبوا	وتوبوا
وتودون	وتودون
وتوفى	وتوفى
وتوفيقا	وتوفيقا
وتوقروه	وتوقروه
وتول	وتول
وتولج	وتولج
وتوى	وتوى
وثاقه	وثاقه
وثامنهم	وثامنهم
وثقالا	وثقالا
وثلة	وثلة
وثلثه	وثلثه
وثمنية	وثمنية
وثيابك	وثيابك
وجئتك	وجئتك
وجئتكم	وجئتكم
وجاءته	وجاءته
وجاءك	وجاءك
وجاءكم	وجاءكم
وجاءه	وجاءه
وجاعل	وجاعل
وجاعلوه	وجاعلوه
وجبت	وجبت
وجحدوا	وجحدوا
وجحيما	وجحيما
وجدت	وجدت
وجدتها	وجدتها
وجدكم	وجدكم
وجدلهم	وجدلهم
وجدلوا	وجدلوا
وجدنه	وجدنه
وجدوا	وجدوا
وجرين	وجرين
وجزؤا	وجزؤا
وجزىهم	وجزىهم
وجعلت	وجعلت
وجعلكم	وجعلكم
وجعلها	وجعلها
وجفان	وجفان
وجلة	وجلة
وجلودهم	وجلودهم
وجلون	وجلون
وجنوبهم	وجنوبهم
وجنود	وجنود
وجنودا	وجنودا
وجنى	وجنى
وجهاد	وجهاد
وجهة	وجهة
وجهت	وجهت
وجهد	وجهد
وجهدهم	وجهدهم
وجهرا	وجهرا
وجهركم	وجهركم
وجوها	وجوها
وحاجه	وحاجه
وحال	وحال
وحب	وحب
وحبط	وحبط
وحبل	وحبل
وحجرا	وحجرا
وحدائق	وحدائق
وحرث	وحرث
وحرض	وحرض
وحرمنا	وحرمنا
وحرموا	وحرموا
وحريرا	وحريرا
وحزنا	وحزنا
وحزنى	وحزنى
وحسبوا	وحسبوا
وحسنت	وحسنت
وحشر	وحشر
وحشرنا	وحشرنا
وحشرنهم	وحشرنهم
وحصل	وحصل
وحصورا	وحصورا
وحصيد	وحصيد
وحفدة	وحفدة
وحفظنها	وحفظنها
وحففنهما	وحففنهما
وحق	وحق
وحكما	وحكما
وحكمة	وحكمة
وحلئل	وحلئل
وحللا	وحللا
وحلوا	وحلوا
وحمر	وحمر
وحملت	وحملت
وحملنه	وحملنه
وحملنهم	وحملنهم
وحمله	وحمله
وحملها	وحملها
وحميم	وحميم
وحنانا	وحنانا
وحور	وحور
وحى	وحى
وحيا	وحيا
وحيدا	وحيدا
وحيل	وحيل
وحيه	وحيه
وخاب	وخاب
وخاتم	وخاتم
وخاف	وخاف
وخافون	وخافون
وخذ	وخذ
وخذوا	وخذوا
وخذوهم	وخذوهم
وخرقوا	وخرقوا
وخروا	وخروا
وخسف	وخسف
وخشعت	وخشعت
وخشى	وخشى
وخضتم	وخضتم
وخلتكم	وخلتكم
وخلقنا	وخلقنا
وخلقنكم	وخلقنكم
وخلقهم	وخلقهم
وخيفة	وخيفة
وداعيا	وداعيا
ودانية	ودانية
وداود	وداود
ودت	ودت
ودرسوا	ودرسوا
ودسر	ودسر
ودع	ودع
ودعك	ودعك
ودم	ودم
ودمرنا	ودمرنا
ودود	ودود
ودون	ودون
ودية	ودية
وديرهم	وديرهم
وذات	وذات
وذر	وذر
وذرنى	وذرنى
وذرية	وذرية
وذريتنا	وذريتنا
وذريته	وذريته
وذريتها	وذريتها
وذكرا	وذكرا
وذكرهم	وذكرهم
وذكروا	وذكروا
وذلة	وذلة
وذلكم	وذلكم
وذللت	وذللت
وذللنها	وذللنها
وذو	وذو
وذى	وذى
ورءيا	ورءيا
ورآ	ورءا
ورأيت	ورأيت
ورأيتهم	ورأيتهم
ورئاء	ورئاء
وراءه	وراءه
وراءى	وراءى
ورائ	ورائ
ورائكم	ورائكم
ورابطوا	ورابطوا
ورافعك	ورافعك
وربئبكم	وربئبكم
وربطنا	وربطنا
ورتل	ورتل
ورتلنه	ورتلنه
ورثة	ورثة
ورثوا	ورثوا
ورجلا	ورجلا
ورجلك	ورجلك
ورحمت	ورحمت
ورحمتى	ورحمتى
وردا	وردا
وردة	وردة
وردوا	وردوا
وردون	وردون
وردوها	وردوها
ورزقا	ورزقا
ورزقنى	ورزقنى
ورسلته	ورسلته
ورسلنا	ورسلنا
ورسول	ورسول
ورسولا	ورسولا
ورضى	ورضى
ورضيت	ورضيت
ورعد	ورعد
ورعنا	ورعنا
ورفعنه	ورفعنه
ورقة	ورقة
ورماحكم	ورماحكم
ورمان	ورمان
ورهبا	ورهبا
ورهبانا	ورهبانا
ورهبانية	ورهبانية
ورهبنهم	ورهبنهم
ورواحها	ورواحها
وروح	وروح
ورودته	ورودته
ورى	ورى
وريحان	وريحان
وريشا	وريشا
وزادكم	وزادكم
وزاده	وزاده
وزادهم	وزادهم
وزخرفا	وزخرفا
وزدنهم	وزدنهم
وزرا	وزرا
وزرابى	وزرابى
وزرع	وزرع
وزرك	وزرك
وزفيرا	وزفيرا
وزكوة	وزكوة
وزلفا	وزلفا
وزنا	وزنا
وزنوهم	وزنوهم
وزهق	وزهق
وزوجه	وزوجه
وزيادة	وزيادة
وزيتونا	وزيتونا
وزينا	وزينا
وزينه	وزينه
وسار	وسار
وسارب	وسارب
وسارعوا	وسارعوا
وسبحه	وسبحه
وسبحوا	وسبحوا
وسبحوه	وسبحوه
وسبعة	وسبعة
وسبلا	وسبلا
وستردون	وستردون
وسخرنا	وسخرنا
وسراجا	وسراجا
وسربيل	وسربيل
وسرحوهن	وسرحوهن
وسررا	وسررا
وسرورا	وسرورا
وسطا	وسطا
وسعا	وسعا
وسعيد	وسعيد
وسعيرا	وسعيرا
وسفرا	وسفرا
وسق	وسق
وسقوا	وسقوا
وسقىهم	وسقىهم
وسقيها	وسقيها
وسكنتم	وسكنتم
وسلك	وسلك
وسلموا	وسلموا
وسلهم	وسلهم
وسمعنا	وسمعنا
وسمعهم	وسمعهم
وسنجزى	وسنجزى
وسنزيد	وسنزيد
وسنقول	وسنقول
وسواء	وسواء
وسيجزى	وسيجزى
وسيجنبها	وسيجنبها
وسيحبط	وسيحبط
وسيحلفون	وسيحلفون
وسيدا	وسيدا
وسيرت	وسيرت
وسيرى	وسيرى
وسيصلون	وسيصلون
وشاركهم	وشاركهم
وشاقوا	وشاقوا
وشاهد	وشاهد
وشاورهم	وشاورهم
وشجرة	وشجرة
وشرابك	وشرابك
وشركاءكم	وشركاءكم
وشركاؤكم	وشركاؤكم
وشروه	وشروه
وشفتين	وشفتين
وشقاق	وشقاق
وشمال	وشمال
وشهبا	وشهبا
وشهيد	وشهيد
وشهيق	وشهيق
وشيء	وشىء
وشيبة	وشيبة
وصابروا	وصابروا
وصاحبهما	وصاحبهما
وصبروا	وصبروا
وصبغ	وصبغ
وصدف	وصدف
وصدقت	وصدقت
وصدها	وصدها
وصدوكم	وصدوكم
وصفهم	وصفهم
وصل	وصل
وصلح	وصلح
وصلنا	وصلنا
وصما	وصما
وصهرا	وصهرا
وصى	وصى
وصيلة	وصيلة
وضائق	وضائق
وضحىها	وضحىها
وضربنا	وضربنا
وضع	وضع
وضعت	وضعت
وضعف	وضعف
وضعها	وضعها
وضلوا	وضلوا
وضياء	وضياء
وطا	وطا
وطعام	وطعام
وطعاما	وطعاما
وطعامكم	وطعامكم
وطعامه	وطعامه
وطعنا	وطعنا
وطعنوا	وطعنوا
وطلح	وطلح
وطهر	وطهر
وطهرك	وطهرك
وطور	وطور
وظالم	وظالم
وظللهم	وظللهم
وظلما	وظلما
وظلها	وظلها
وظننتم	وظننتم
وظهر	وظهر
وظهره	وظهره
وظهروا	وظهروا
وظهورهم	وظهورهم
وعاشروهن	وعاشروهن
وعباد	وعباد
وعبد	وعبد
وعبقرى	وعبقرى
وعتو	وعتو
وعتوا	وعتوا
وعجبوا	وعجبوا
وعجلت	وعجلت
وعدتنا	وعدتنا
وعدتهم	وعدتهم
وعدده	وعدده
وعدسها	وعدسها
وعدك	وعدك
وعدلا	وعدلا
وعدنه	وعدنه
وعدنهم	وعدنهم
وعدو	وعدو
وعدوا	وعدوا
وعدوه	وعدوه
وعذابا	وعذابا
وعذب	وعذب
وعذبنها	وعذبنها
وعربى	وعربى
وعرضنا	وعرضنا
وعرضوا	وعرضوا
وعزرتموهم	وعزرتموهم
وعزروه	وعزروه
وعزنى	وعزنى
وعشرا	وعشرا
وعشيرتكم	وعشيرتكم
وعصيتم	وعصيتم
وعظهم	وعظهم
وعفا	وعفا
وعقبى	وعقبى
وعلمت	وعلمت
وعلمتم	وعلمتم
وعلمتنى	وعلمتنى
وعلمك	وعلمك
وعلمه	وعلمه
وعلوا	وعلوا
وعليكم	وعليكم
وعلينا	وعلينا
وعليهم	وعليهم
وعمارة	وعمارة
وعمتكم	وعمتكم
وعمروها	وعمروها
وعمله	وعمله
وعميانا	وعميانا
وعنب	وعنب
وعنبا	وعنبا
وعنت	وعنت
وعندنا	وعندنا
وعهدنا	وعهدنا
وعية	وعية
وغدوا	وغدوا
وغرابيب	وغرابيب
وغركم	وغركم
وغرهم	وغرهم
وغساق	وغساق
وغساقا	وغساقا
وغفر	وغفر
وغلقت	وغلقت
وغواص	وغواص
وغيض	وغيض
وفاقا	وفاقا
وفتح	وفتح
وفتنك	وفتنك
وفدا	وفدا
وفدينه	وفدينه
وفردى	وفردى
وفرش	وفرش
وفرشا	وفرشا
وفرضنها	وفرضنها
وفرعها	وفرعها
وفريق	وفريق
وفساد	وفساد
وفصل	وفصل
وفصيلته	وفصيلته
وفضلا	وفضلا
وفعلت	وفعلت
وفوق	وفوق
وفوكه	وفوكه
وفومها	وفومها
وفيه	وفيه
وقائما	وقائما
وقابل	وقابل
وقارا	وقارا
وقاسمهما	وقاسمهما
وقالا	وقالا
وقب	وقب
وقبائل	وقبائل
وقبيله	وقبيله
وقتلت	وقتلت
وقثائها	وقثائها
وقدت	وقدت
وقدرنا	وقدرنا
وقدره	وقدره
وقدمنا	وقدمنا
وقدموا	وقدموا
وقدور	وقدور
وقرآنا	وقرءانا
وقرآنه	وقرءانه
وقربنه	وقربنه
وقرن	وقرن
وقرونا	وقرونا
وقري	وقرى
وقص	وقص
وقصر	وقصر
وقضبا	وقضبا
وقطعن	وقطعن
وقطعنا	وقطعنا
وقعد	وقعد
وقعدوا	وقعدوا
وقفوهم	وقفوهم
وقلبوا	وقلبوا
وقلوبهن	وقلوبهن
وقمرا	وقمرا
وقود	وقود
وقول	وقول
وقومك	وقومك
وقومها	وقومها
وقومهم	وقومهم
وقوموا	وقوموا
وقيضنا	وقيضنا
وقيله	وقيله
وقيما	وقيما
وكأس	وكأس
وكأسا	وكأسا
وكادوا	وكادوا
وكبراءنا	وكبراءنا
وكبره	وكبره
وكبير	وكبير
وكتاب	وكتاب
وكذبتم	وكذبتم
وكره	وكره
وكسوتهن	وكسوتهن
وكشفت	وكشفت
وكشفنا	وكشفنا
وكف	وكف
وكفرت	وكفرت
وكفرتم	وكفرتم
وكفرنا	وكفرنا
وكفرهم	وكفرهم
وكفلها	وكفلها
وكلبهم	وكلبهم
وكلم	وكلم
وكلما	وكلما
وكلمة	وكلمة
وكلمه	وكلمه
وكلمهم	وكلمهم
وكلنا	وكلنا
وكلهم	وكلهم
وكنوز	وكنوز
وكواعب	وكواعب
وكونوا	وكونوا
ولأبويه	ولأبويه
ولأبين	ولأبين
ولأتم	ولأتم
ولأحل	ولأحل
ولأخى	ولأخى
ولأدخلنكم	ولأدخلنكم
ولأضلنهم	ولأضلنهم
ولأغوينهم	ولأغوينهم
ولأمة	ولأمة
ولأمنينهم	ولأمنينهم
ولأوضعوا	ولأوضعوا
ولإخوننا	ولإخوننا
ولات	ولات
ولباس	ولباس
ولبثت	ولبثت
ولبثوا	ولبثوا
ولبيوتهم	ولبيوتهم
ولتأت	ولتأت
ولتتقوا	ولتتقوا
ولتجدن	ولتجدن
ولتجدنهم	ولتجدنهم
ولتجرى	ولتجرى
ولتجزى	ولتجزى
ولتستبين	ولتستبين
ولتسلن	ولتسلن
ولتسمعن	ولتسمعن
ولتصغى	ولتصغى
ولتصنع	ولتصنع
ولتعرفنهم	ولتعرفنهم
ولتعلم	ولتعلم
ولتعلموا	ولتعلموا
ولتعلن	ولتعلن
ولتكبروا	ولتكبروا
ولتكملوا	ولتكملوا
ولتكن	ولتكن
ولتكون	ولتكون
ولتكونن	ولتكونن
ولتنذر	ولتنذر
ولتنزعتم	ولتنزعتم
ولتنصرنه	ولتنصرنه
ولتنظر	ولتنظر
ولدة	ولدة
ولدت	ولدت
ولدتك	ولدتك
ولدنهم	ولدنهم
ولده	ولده
ولذكر	ولذكر
ولذلك	ولذلك
ولربك	ولربك
ولرسوله	ولرسوله
ولزوجك	ولزوجك
ولسانا	ولسانا
ولستم	ولستم
ولعب	ولعب
ولعبد	ولعبد
ولعلا	ولعلا
ولعنه	ولعنه
ولعنوا	ولعنوا
ولقاء	ولقاء
ولقائ	ولقائ
ولقومك	ولقومك
ولقىهم	ولقىهم
ولك	ولك
ولكنه	ولكنه
ولكنهم	ولكنهم
وللأرض	وللأرض
وللبسنا	وللبسنا
وللدار	وللدار
وللذين	وللذين
وللرجال	وللرجال
وللسيارة	وللسيارة
وللمطلقت	وللمطلقت
ولملئت	ولملئت
ولنا	ولنا
ولنبينه	ولنبينه
ولنجزين	ولنجزين
ولنجعلك	ولنجعلك
ولنجعله	ولنجعله
ولنحمل	ولنحمل
ولنخرجنهم	ولنخرجنهم
ولنرسلن	ولنرسلن
ولنسكننكم	ولنسكننكم
ولنسلن	ولنسلن
ولنصبرن	ولنصبرن
ولنعلمه	ولنعلمه
ولنعم	ولنعم
ولنكونن	ولنكونن
ولهدينهم	ولهدينهم
ولهوا	ولهوا
ولولديك	ولولديك
ولوموا	ولوموا
ولىهم	ولىهم
وليأتينهم	وليأتينهم
وليؤمنوا	وليؤمنوا
وليال	وليال
وليبتلى	وليبتلى
وليبدلنهم	وليبدلنهم
وليبكوا	وليبكوا
وليبلى	وليبلى
وليبينن	وليبينن
وليتبروا	وليتبروا
وليتذكر	وليتذكر
وليتلطف	وليتلطف
وليتمتعوا	وليتمتعوا
وليتهم	وليتهم
وليجة	وليجة
وليجدوا	وليجدوا
وليحكم	وليحكم
وليحلفن	وليحلفن
وليحملن	وليحملن
وليخزى	وليخزى
وليخش	وليخش
وليدا	وليدا
وليدخلوا	وليدخلوا
وليدع	وليدع
وليذكر	وليذكر
وليذيقكم	وليذيقكم
وليربط	وليربط
وليرضوه	وليرضوه
وليست	وليست
وليستعفف	وليستعفف
وليسلن	وليسلن
وليسلوا	وليسلوا
وليشهد	وليشهد
وليصفحوا	وليصفحوا
وليضربن	وليضربن
وليطوفوا	وليطوفوا
وليعفوا	وليعفوا
وليعلموا	وليعلموا
وليقترفوا	وليقترفوا
وليقول	وليقول
وليكتب	وليكتب
وليكم	وليكم
وليكون	وليكون
وليكونا	وليكونا
وليلبسوا	وليلبسوا
وليمسنكم	وليمسنكم
وليمكنن	وليمكنن
وليملل	وليملل
ولينصرن	ولينصرن
وليه	وليه
وليهما	وليهما
وليوفوا	وليوفوا
وليوفيهم	وليوفيهم
وماء	وماء
وماذا	وماذا
ومتعنهم	ومتعنهم
ومتعوهن	ومتعوهن
ومثوىكم	ومثوىكم
ومحرم	ومحرم
ومحياى	ومحياى
ومخرج	ومخرج
ومرسىها	ومرسىها
ومرعىها	ومرعىها
ومروت	ومروت
ومريم	ومريم
ومزاجه	ومزاجه
ومزقنهم	ومزقنهم
ومستودع	ومستودع
ومستودعها	ومستودعها
ومسجد	ومسجد
ومسكنكم	ومسكنكم
ومشارب	ومشارب
ومشهود	ومشهود
ومصيرا	ومصيرا
ومضى	ومضى
ومطهرك	ومطهرك
ومعارج	ومعارج
ومعين	ومعين
ومغانم	ومغانم
ومغربها	ومغربها
ومقتا	ومقتا
ومقصرين	ومقصرين
ومكرنا	ومكرنا
وملأه	وملأه
وملإيهم	وملإيهم
وملك	وملك
وملكا	وملكا
ومماتهم	ومماتهم
ومماتى	ومماتى
ومنك	ومنك
ومنه	ومنه
ومنهاجا	ومنهاجا
ومنوة	ومنوة
ومهدت	ومهدت
ومهلهم	ومهلهم
ومهيمنا	ومهيمنا
وموليكم	وموليكم
وميثقه	وميثقه
وميكىل	وميكىل
ونادىهما	ونادىهما
ونباتا	ونباتا
ونبلوا	ونبلوا
ونبلوكم	ونبلوكم
ونبيا	ونبيا
ونتبع	ونتبع
ونتجاوز	ونتجاوز
ونجنا	ونجنا
ونجينا	ونجينا
ونجينهم	ونجينهم
ونجينهما	ونجينهما
ونحاس	ونحاس
ونحشر	ونحشر
ونحشره	ونحشره
ونحشرهم	ونحشرهم
ونحفظ	ونحفظ
ونخرج	ونخرج
ونخزى	ونخزى
ونخلا	ونخلا
ونخوفهم	ونخوفهم
ونخيل	ونخيل
ونداء	ونداء
وندخلكم	وندخلكم
وندخلهم	وندخلهم
ونذرهم	ونذرهم
ونذكرك	ونذكرك
ونذير	ونذير
ونذيقه	ونذيقه
ونرثه	ونرثه
ونرد	ونرد
ونرى	ونرى
ونرىه	ونرىه
ونريد	ونريد
ونزداد	ونزداد
ونزل	ونزل
ونزلنه	ونزلنه
ونساءكم	ونساءكم
ونساءنا	ونساءنا
ونستحى	ونستحى
ونسرا	ونسرا
ونسقيه	ونسقيه
ونسكى	ونسكى
ونسوا	ونسوا
ونسوق	ونسوق
ونسوه	ونسوه
ونصرنه	ونصرنه
ونصرنهم	ونصرنهم
ونصروه	ونصروه
ونصفه	ونصفه
ونصله	ونصله
ونصيرا	ونصيرا
ونضع	ونضع
ونطبع	ونطبع
ونطمع	ونطمع
ونعمه	ونعمه
ونعيم	ونعيم
ونفاقا	ونفاقا
ونفس	ونفس
ونفصل	ونفصل
ونفضل	ونفضل
ونفور	ونفور
ونقدس	ونقدس
ونقر	ونقر
ونقلب	ونقلب
ونقلبهم	ونقلبهم
ونكتب	ونكتب
ونكفر	ونكفر
ونلعب	ونلعب
ونمارق	ونمارق
ونمد	ونمد
ونمكن	ونمكن
ونمنعكم	ونمنعكم
ونمير	ونمير
وننزل	وننزل
وننشئكم	وننشئكم
ونهارا	ونهارا
ونهر	ونهر
ونهوا	ونهوا
ونهى	ونهى
ونودوا	ونودوا
ونورهم	ونورهم
ونيسرك	ونيسرك
وهؤلاء	وهؤلاء
وهاجا	وهاجا
وهبت	وهبت
وهبنا	وهبنا
وهدىه	وهدىه
وهدينه	وهدينه
وهدينهم	وهدينهم
وهدينهما	وهدينهما
وهذه	وهذه
وهزى	وهزى
وهما	وهما
وهمت	وهمت
وهنا	وهنا
وهنوا	وهنوا
وهيئ	وهيئ
ووالد	ووالد
ووجدوا	ووجدوا
وودوا	وودوا
وورث	وورث
وورثه	وورثه
ووصى	ووصى
ووضعته	ووضعته
ووضعنا	ووضعنا
ووعدتكم	ووعدتكم
ووعدنا	ووعدنا
ووعدنكم	ووعدنكم
ووقع	ووقع
ووقىنا	ووقىنا
وولده	وولده
ويأبى	ويأبى
ويأتوكم	ويأتوكم
ويأتينا	ويأتينا
ويأتيه	ويأتيه
ويأخذ	ويأخذ
ويأكلون	ويأكلون
ويأمركم	ويأمركم
ويأمنوا	ويأمنوا
ويؤتوا	ويؤتوا
ويؤثرون	ويؤثرون
ويؤمنون	ويؤمنون
ويادم	ويادم
ويبسطوا	ويبسطوا
ويبصرون	ويبصرون
ويبصط	ويبصط
ويبطل	ويبطل
ويبغون	ويبغون
ويبقى	ويبقى
ويتجنبها	ويتجنبها
ويتخذها	ويتخذها
ويتخطف	ويتخطف
ويتربص	ويتربص
ويتعد	ويتعد
ويتعلمون	ويتعلمون
ويتفكرون	ويتفكرون
ويتقه	ويتقه
ويتلوه	ويتلوه
ويتمتعوا	ويتمتعوا
ويتنجون	ويتنجون
ويتولوا	ويتولوا
ويتيما	ويتيما
ويجدل	ويجدل
ويجركم	ويجركم
ويجزى	ويجزى
ويجزيهم	ويجزيهم
ويجعلكم	ويجعلكم
ويجعله	ويجعله
ويحب	ويحب
ويحبون	ويحبون
ويحبونه	ويحبونه
ويحرم	ويحرم
ويحرمونه	ويحرمونه
ويحفظن	ويحفظن
ويحفظوا	ويحفظوا
ويحمل	ويحمل
ويحى	ويحى
ويختار	ويختار
ويخرجكم	ويخرجكم
ويخرجهم	ويخرجهم
ويخرون	ويخرون
ويخزهم	ويخزهم
ويخش	ويخش
ويخشون	ويخشون
ويخشونه	ويخشونه
ويخلد	ويخلد
ويخلق	ويخلق
ويخوفونك	ويخوفونك
ويدخله	ويدخله
ويدرؤا	ويدرؤا
ويدع	ويدع
ويدعون	ويدعون
ويدعوننا	ويدعوننا
ويذبحون	ويذبحون
ويذرك	ويذرك
ويذرهم	ويذرهم
ويذكر	ويذكر
ويذكروا	ويذكروا
ويذهبا	ويذهبا
ويذيق	ويذيق
ويربى	ويربى
ويرث	ويرث
ويرجوا	ويرجوا
ويرجون	ويرجون
ويرحم	ويرحم
ويرزقه	ويرزقه
ويرضى	ويرضى
ويرضين	ويرضين
ويرى	ويرى
ويزداد	ويزداد
ويزدكم	ويزدكم
ويزكيكم	ويزكيكم
ويزيد	ويزيد
ويسبح	ويسبح
ويسبحونه	ويسبحونه
ويستبدل	ويستبدل
ويستبشرون	ويستبشرون
ويستجيب	ويستجيب
ويستحى	ويستحى
ويستخرجا	ويستخرجا
ويستخلفكم	ويستخلفكم
ويستذن	ويستذن
ويستغفروا	ويستغفروا
ويستغفرونه	ويستغفرونه
ويستفتونك	ويستفتونك
ويستكبر	ويستكبر
ويستنبونك	ويستنبونك
ويستهزأ	ويستهزأ
ويسر	ويسر
ويسرعون	ويسرعون
ويسفك	ويسفك
ويسقون	ويسقون
ويسقى	ويسقى
ويسقين	ويسقين
ويسلموا	ويسلموا
ويسلون	ويسلون
ويسماء	ويسماء
ويشترون	ويشترون
ويشرب	ويشرب
ويشف	ويشف
ويشهد	ويشهد
ويصبر	ويصبر
ويصدكم	ويصدكم
ويصرفه	ويصرفه
ويصلح	ويصلح
ويصلى	ويصلى
ويصنع	ويصنع
ويضع	ويضع
ويضل	ويضل
ويضيق	ويضيق
ويطاف	ويطاف
ويطعمون	ويطعمون
ويطهركم	ويطهركم
ويطيعون	ويطيعون
ويعظم	ويعظم
ويعف	ويعف
ويعلمك	ويعلمك
ويعلمه	ويعلمه
ويعملون	ويعملون
ويعوق	ويعوق
ويعيد	ويعيد
ويفعل	ويفعل
ويقبضن	ويقبضن
ويقبضون	ويقبضون
ويقطع	ويقطع
ويقللكم	ويقللكم
ويقولوا	ويقولوا
ويقيموا	ويقيموا
ويكأن	ويكأن
ويكأنه	ويكأنه
ويكتمون	ويكتمون
ويكشف	ويكشف
ويكفرون	ويكفرون
ويكفوا	ويكفوا
ويكلم	ويكلم
ويكور	ويكور
ويكونون	ويكونون
ويلبسون	ويلبسون
ويلعب	ويلعب
ويلعن	ويلعن
ويلعنهم	ويلعنهم
ويلقوا	ويلقوا
ويلقون	ويلقون
ويلك	ويلك
ويلههم	ويلههم
ويمح	ويمح
ويمحق	ويمحق
ويمددكم	ويمددكم
ويمدهم	ويمدهم
ويمسك	ويمسك
ويمشون	ويمشون
ويمشى	ويمشى
ويمكر	ويمكر
ويمكرون	ويمكرون
ويمنعون	ويمنعون
ويمنيهم	ويمنيهم
وينجى	وينجى
وينذر	وينذر
وينشئ	وينشئ
وينشر	وينشر
وينصرك	وينصرك
وينصركم	وينصركم
وينصرون	وينصرون
وينعه	وينعه
وينفقوا	وينفقوا
وينقلب	وينقلب
وينهى	وينهى
وينهىهم	وينهىهم
وينون	وينون
ويهب	ويهب
ويهديك	ويهديك
ويهديه	ويهديه
ويهلك	ويهلك
ويهيئ	ويهيئ
ويوسف	ويوسف
ويولون	ويولون
ويومئذ	ويومئذ
يأتك	يأتك
يأتل	يأتل
يأتمرون	يأتمرون
يأته	يأته
يأتوكم	يأتوكم
يأتونك	يأتونك
يأتوننا	يأتوننا
يأتونى	يأتونى
يأتيك	يأتيك
يأتينك	يأتينك
يأتينها	يأتينها
يأتيها	يأتيها
يأخت	يأخت
يأخذ	يأخذ
يأخذه	يأخذه
يأخذوا	يأخذوا
يأخذون	يأخذون
يأخذونها	يأخذونها
يأخذوه	يأخذوه
يأرض	يأرض
يأسفى	يأسفى
يأكلان	يأكلان
يأكلن	يأكلن
يأكلوا	يأكلوا
يألمون	يألمون
يألونكم	يألونكم
يأمرهم	يأمرهم
يأمن	يأمن
يأمنوكم	يأمنوكم
يأن	يأن
يأيتها	يأيتها
يأيه	يأيه
يؤاخذهم	يؤاخذهم
يؤتوا	يؤتوا
يؤتين	يؤتين
يؤثر	يؤثر
يؤذى	يؤذى
يؤذين	يؤذين
يؤلف	يؤلف
يؤلون	يؤلون
يؤيد	يؤيد
يئسن	يئسن
يابس	يابس
ياسين	ياسين
يبايعنك	يبايعنك
يبايعون	يبايعون
يبتغ	يبتغ
يبث	يبث
يبحث	يبحث
يبخس	يبخس
يبخسون	يبخسون
يبدلنا	يبدلنا
يبدله	يبدله
يبدلهما	يبدلهما
يبدلوا	يبدلوا
يبدلونه	يبدلونه
يبدها	يبدها
يبدون	يبدون
يبسا	يبسا
يبسطوا	يبسطوا
يبشر	يبشر
يبشرهم	يبشرهم
يبشرى	يبشرى
يبصر	يبصر
يبصروا	يبصروا
يبصرونهم	يبصرونهم
يبطش	يبطش
يبطشون	يبطشون
يبعثك	يبعثك
يبعثكم	يبعثكم
يبعثوا	يبعثوا
يبغونكم	يبغونكم
يبغيان	يبغيان
يبلس	يبلس
يبلغا	يبلغا
يبلغن	يبلغن
يبلغوا	يبلغوا
يبلغون	يبلغون
يبلوكم	يبلوكم
يبلى	يبلى
يبنؤم	يبنؤم
يبور	يبور
يبينها	يبينها
يتأخر	يتأخر
يتب	يتب
يتبدل	يتبدل
يتبعها	يتبعها
يتبعهم	يتبعهم
يتبعوكم	يتبعوكم
يتبوأ	يتبوأ
يتجرعه	يتجرعه
يتحاجون	يتحاجون
يتحاكموا	يتحاكموا
يتخبطه	يتخبطه
يتخذون	يتخذون
يتخطفكم	يتخطفكم
يتخلفوا	يتخلفوا
يتخيرون	يتخيرون
يتراجعا	يتراجعا
يتربصون	يتربصون
يترددون	يترددون
يترك	يترك
يتركم	يتركم
يتركوا	يتركوا
يتسللون	يتسللون
يتسنه	يتسنه
يتطهروا	يتطهروا
يتعارفون	يتعارفون
يتغامزون	يتغامزون
يتغير	يتغير
يتفجر	يتفجر
يتفرقا	يتفرقا
يتفرقون	يتفرقون
يتفضل	يتفضل
يتفيؤا	يتفيؤا
يتقدم	يتقدم
يتقى	يتقى
يتكبرون	يتكبرون
يتكلم	يتكلم
يتكلمون	يتكلمون
يتكون	يتكون
يتلقى	يتلقى
يتلومون	يتلومون
يتلونه	يتلونه
يتمتعون	يتمتعون
يتمطى	يتمطى
يتمنونه	يتمنونه
يتمنوه	يتمنوه
يتمي	يتمى
يتناهون	يتناهون
يتنزل	يتنزل
يتورى	يتورى
يتوفونهم	يتوفونهم
يتوفىهن	يتوفىهن
يتولوا	يتولوا
يتولونه	يتولونه
يتيمين	يتيمين
يتيهون	يتيهون
يثبت	يثبت
يثخن	يثخن
يثرب	يثرب
يثقفوكم	يثقفوكم
يثنون	يثنون
يجار	يجار
يجاورونك	يجاورونك
يجب	يجب
يجبال	يجبال
يجبى	يجبى
يجتبيك	يجتبيك
يجدك	يجدك
يجدلنا	يجدلنا
يجده	يجده
يجدونه	يجدونه
يجره	يجره
يجرون	يجرون
يجز	يجز
يجزىه	يجزىه
يجعلنى	يجعلنى
يجعلوه	يجعلوه
يجليها	يجليها
يجمحون	يجمحون
يجهد	يجهد
يجهدون	يجهدون
يجهلون	يجهلون
يجيب	يجيب
يجيرنى	يجيرنى
يحاجوكم	يحاجوكم
يحاجون	يحاجون
يحادد	يحادد
يحاربون	يحاربون
يحاسب	يحاسب
يحاسبكم	يحاسبكم
يحاط	يحاط
يحببكم	يحببكم
يحبرون	يحبرون
يحبسه	يحبسه
يحبهم	يحبهم
يحبونكم	يحبونكم
يحبونهم	يحبونهم
يحتسب	يحتسب
يحتسبوا	يحتسبوا
يحتسبون	يحتسبون
يحرفونه	يحرفونه
يحرمون	يحرمون
يحزن	يحزن
يحزنهم	يحزنهم
يحسب	يحسب
يحسبه	يحسبه
يحسبهم	يحسبهم
يحسدون	يحسدون
يحسرة	يحسرة
يحسرتنا	يحسرتنا
يحسرتى	يحسرتى
يحسنون	يحسنون
يحشروا	يحشروا
يحضرون	يحضرون
يحضن	يحضن
يحطمنكم	يحطمنكم
يحفظونه	يحفظونه
يحق	يحق
يحكمان	يحكمان
يحكموك	يحكموك
يحكمونك	يحكمونك
يحلل	يحلل
يحلونه	يحلونه
يحمدوا	يحمدوا
يحملنها	يحملنها
يحملوها	يحملوها
يحموم	يحموم
يحمى	يحمى
يحور	يحور
يحول	يحول
يحيطوا	يحيطوا
يحيف	يحيف
يحيق	يحيق
يحيك	يحيك
يحيين	يحيين
يحييها	يحييها
يخافا	يخافا
يخافه	يخافه
يخافوا	يخافوا
يخالفون	يخالفون
يختانون	يختانون
يختم	يختم
يخدعوك	يخدعوك
يخذلكم	يخذلكم
يخربون	يخربون
يخرجاكم	يخرجاكم
يخرجن	يخرجن
يخرجنكما	يخرجنكما
يخرجهم	يخرجهم
يخرجوك	يخرجوك
يخرجوكم	يخرجوكم
يخرجونهم	يخرجونهم
يخروا	يخروا
يخرون	يخرون
يخزى	يخزى
يخزيهم	يخزيهم
يخسر	يخسر
يخسرون	يخسرون
يخش	يخش
يخشىها	يخشىها
يخصمون	يخصمون
يخطف	يخطف
يخفين	يخفين
يخل	يخل
يخلفه	يخلفه
يخلفون	يخلفون
يخلقكم	يخلقكم
يخلقوا	يخلقوا
يخوضون	يخوضون
يخيل	يخيل
يدا	يدا
يداك	يداك
يداود	يداود
يدبروا	يدبروا
يدخلنا	يدخلنا
يدخلنها	يدخلنها
يدرسونها	يدرسونها
يدرك	يدرك
يدرككم	يدرككم
يدركه	يدركه
يدسه	يدسه
يدعنا	يدعنا
يدعوك	يدعوك
يدعوننى	يدعوننى
يدعونه	يدعونه
يدعوه	يدعوه
يدعوهم	يدعوهم
يدعى	يدعى
يدفع	يدفع
يدنين	يدنين
يدينون	يدينون
يديها	يديها
يذبح	يذبح
يذبحون	يذبحون
يذرؤكم	يذرؤكم
يذكرهم	يذكرهم
يذهب	يذهب
يذوقوا	يذوقوا
يراد	يراد
يربوا	يربوا
يرتاب	يرتاب
يرتابوا	يرتابوا
يرتدد	يرتدد
يرتع	يرتع
يرثنى	يرثنى
يرجموكم	يرجموكم
يرحمنا	يرحمنا
يردك	يردك
يردن	يردن
يردونكم	يردونكم
يرزقها	يرزقها
يرشدون	يرشدون
يرضعن	يرضعن
يرضه	يرضه
يرضونكم	يرضونكم
يرضونه	يرضونه
يرضوه	يرضوه
يرغب	يرغب
يرغبوا	يرغبوا
يرفعه	يرفعه
يرقبوا	يرقبوا
يرقبون	يرقبون
يركبون	يركبون
يركضون	يركضون
يركعون	يركعون
يرم	يرم
يرهبون	يرهبون
يرهق	يرهق
يرهقهما	يرهقهما
يرونه	يرونه
يرونهم	يرونهم
يرىك	يرىك
يرىها	يرىها
يريدا	يريدا
يريدان	يريدان
يريكموهم	يريكموهم
يريكهم	يريكهم
يريهم	يريهم
يزده	يزده
يزدهم	يزدهم
يزعمون	يزعمون
يزغ	يزغ
يزفون	يزفون
يزكريا	يزكريا
يزكون	يزكون
يزنون	يزنون
يزنين	يزنين
يزوجهم	يزوجهم
يزيدون	يزيدون
يزيغ	يزيغ
يس	يس
يساقون	يساقون
يسبتون	يسبتون
يسبقونا	يسبقونا
يسبقونه	يسبقونه
يستأخرون	يستأخرون
يستبدل	يستبدل
يستثنون	يستثنون
يستجيبون	يستجيبون
يستحبون	يستحبون
يستحسرون	يستحسرون
يستخفنك	يستخفنك
يستذنوه	يستذنوه
يستسخرون	يستسخرون
يستصرخه	يستصرخه
يستضعف	يستضعف
يستضعفون	يستضعفون
يستعتبوا	يستعتبوا
يستعجلونك	يستعجلونك
يستعففن	يستعففن
يستغشون	يستغشون
يستغفروا	يستغفروا
يستغيثان	يستغيثان
يستغيثوا	يستغيثوا
يستفتحون	يستفتحون
يستفتونك	يستفتونك
يستفزهم	يستفزهم
يستقيم	يستقيم
يستنبطونه	يستنبطونه
يستنقذوه	يستنقذوه
يستنكحها	يستنكحها
يستهزئ	يستهزئ
يستوفون	يستوفون
يسجدان	يسجدان
يسجدوا	يسجدوا
يسجرون	يسجرون
يسجن	يسجن
يسخر	يسخر
يسخطون	يسخطون
يسر	يسر
يسرف	يسرف
يسرفوا	يسرفوا
يسرق	يسرق
يسرقن	يسرقن
يسره	يسره
يسطرون	يسطرون
يسطون	يسطون
يسعون	يسعون
يسقى	يسقى
يسكن	يسكن
يسلبهم	يسلبهم
يسلط	يسلط
يسلكموها	يسلكموها
يسلكه	يسلكه
يسلم	يسلم
يسلمون	يسلمون
يسله	يسله
يسم	يسم
يسمرى	يسمرى
يسمعونكم	يسمعونكم
يسمن	يسمن
يسمون	يسمون
يسومهم	يسومهم
يسيركم	يسيركم
يسيغه	يسيغه
يشاق	يشاق
يشترى	يشترى
يشربون	يشربون
يشرح	يشرح
يشركن	يشركن
يشرون	يشرون
يشرى	يشرى
يشعركم	يشعركم
يشعرن	يشعرن
يشفعون	يشفعون
يشفين	يشفين
يشقق	يشقق
يشقى	يشقى
يشهده	يشهده
يشوى	يشوى
يصب	يصب
يصبح	يصبح
يصبروا	يصبروا
يصبكم	يصبكم
يصبها	يصبها
يصحبون	يصحبون
يصدقنى	يصدقنى
يصدقوا	يصدقوا
يصدقون	يصدقون
يصدكم	يصدكم
يصدنكم	يصدنكم
يصر	يصر
يصرف	يصرف
يصرفون	يصرفون
يصروا	يصروا
يصرون	يصرون
يصطرخون	يصطرخون
يصطفى	يصطفى
يصعقون	يصعقون
يصلبوا	يصلبوا
يصلحا	يصلحا
يصنع	يصنع
يصهر	يصهر
يصوركم	يصوركم
يصيب	يصيب
يصيبنا	يصيبنا
يضار	يضار
يضر	يضر
يضربن	يضربن
يضرعون	يضرعون
يضرك	يضرك
يضرنا	يضرنا
يضره	يضره
يضروك	يضروك
يضروكم	يضروكم
يضرون	يضرون
يضرونك	يضرونك
يضعفه	يضعفه
يضعفها	يضعفها
يضلله	يضلله
يضلهم	يضلهم
يضلوا	يضلوا
يضلونكم	يضلونكم
يضلونهم	يضلونهم
يضهون	يضهون
يضيء	يضىء
يضيفوهما	يضيفوهما
يضيق	يضيق
يطاع	يطاع
يطعمنى	يطعمنى
يطعمها	يطعمها
يطعمون	يطعمون
يطغى	يطغى
يطفوا	يطفوا
يطلبه	يطلبه
يطمع	يطمع
يطمعون	يطمعون
يطهر	يطهر
يطهرن	يطهرن
يطوفون	يطوفون
يطون	يطون
يطير	يطير
يطيروا	يطيروا
يطيعكم	يطيعكم
يطيقونه	يطيقونه
يظهروه	يظهروه
يعبؤا	يعبؤا
يعبدوننى	يعبدوننى
يعبدوها	يعبدوها
يعتذرون	يعتذرون
يعتزلوكم	يعتزلوكم
يعتصم	يعتصم
يعجب	يعجب
يعجبك	يعجبك
يعجزون	يعجزون
يعجل	يعجل
يعد	يعد
يعدون	يعدون
يعذبنا	يعذبنا
يعذبه	يعذبه
يعرجون	يعرجون
يعرضوا	يعرضوا
يعرف	يعرف
يعرفن	يعرفن
يعرفوا	يعرفوا
يعرفونها	يعرفونها
يعرفونهم	يعرفونهم
يعش	يعش
يعصرون	يعصرون
يعصمك	يعصمك
يعصمكم	يعصمكم
يعصمنى	يعصمنى
يعصون	يعصون
يعصينك	يعصينك
يعض	يعض
يعطيك	يعطيك
يعظه	يعظه
يعفو	يعفو
يعفوا	يعفوا
يعفون	يعفون
يعقلها	يعقلها
يعكفون	يعكفون
يعلمان	يعلمان
يعمروا	يعمروا
يعودوا	يعودوا
يعوذون	يعوذون
يعي	يعى
يعيد	يعيد
يعيدنا	يعيدنا
يعيدوكم	يعيدوكم
يغاث	يغاث
يغاثوا	يغاثوا
يغادر	يغادر
يغتب	يغتب
يغررك	يغررك
يغرنك	يغرنك
يغشىه	يغشىه
يغشىها	يغشىها
يغشىهم	يغشىهم
يغشيكم	يغشيكم
يغضضن	يغضضن
يغضوا	يغضوا
يغضون	يغضون
يغفروا	يغفروا
يغفرون	يغفرون
يغل	يغل
يغلب	يغلب
يغلبون	يغلبون
يغلل	يغلل
يغلى	يغلى
يغن	يغن
يغنهم	يغنهم
يغنيا	يغنيا
يغنيكم	يغنيكم
يغنيه	يغنيه
يغنيهم	يغنيهم
يغوث	يغوث
يغوصون	يغوصون
يغويكم	يغويكم
يغير	يغير
يفتدى	يفتدى
يفتر	يفتر
يفترينه	يفترينه
يفتنكم	يفتنكم
يفتننكم	يفتننكم
يفتنهم	يفتنهم
يفتنوك	يفتنوك
يفجرونها	يفجرونها
يفر	يفر
يفرح	يفرح
يفرحوا	يفرحوا
يفرط	يفرط
يفرطون	يفرطون
يفرق	يفرق
يفسح	يفسح
يفسد	يفسد
يفعله	يفعله
يفقهوا	يفقهوا
يقبض	يقبض
يقتتلان	يقتتلان
يقترف	يقترف
يقترفون	يقترفون
يقتروا	يقتروا
يقتلن	يقتلن
يقتلوك	يقتلوك
يقتلوننى	يقتلوننى
يقدم	يقدم
يقذف	يقذف
يقربوا	يقربوا
يقسم	يقسم
يقسمون	يقسمون
يقصرون	يقصرون
يقض	يقض
يقضون	يقضون
يقطعون	يقطعون
يقطين	يقطين
يقل	يقل
يقنت	يقنت
يقنط	يقنط
يقنطون	يقنطون
يقولا	يقولا
يقومان	يقومان
يقومون	يقومون
يقيموا	يقيموا
يقين	يقين
يقينا	يقينا
يكبتهم	يكبتهم
يكبر	يكبر
يكبروا	يكبروا
يكتم	يكتم
يكتمن	يكتمن
يكتمها	يكتمها
يكد	يكد
يكذبك	يكذبك
يكذبونك	يكذبونك
يكرههن	يكرههن
يكرهون	يكرهون
يكسبه	يكسبه
يكشف	يكشف
يكفروه	يكفروه
يكفل	يكفل
يكفله	يكفله
يكفلونه	يكفلونه
يكفهم	يكفهم
يكفون	يكفون
يكفيكم	يكفيكم
يكلؤكم	يكلؤكم
يكلمنا	يكلمنا
يكلمه	يكلمه
يكنزون	يكنزون
يكور	يكور
يكونا	يكونا
يكونون	يكونون
يكيدون	يكيدون
يلبثون	يلبثون
يلبسكم	يلبسكم
يلبسوا	يلبسوا
يلتقطه	يلتقطه
يلتقيان	يلتقيان
يلتكم	يلتكم
يلد	يلد
يلدوا	يلدوا
يلعن	يلعن
يلعنهم	يلعنهم
يلفظ	يلفظ
يلق	يلق
يلقىه	يلقىه
يلمزك	يلمزك
يلمزون	يلمزون
يلون	يلون
يلونكم	يلونكم
يليتها	يليتها
يمارون	يمارون
يمتعكم	يمتعكم
يمتعون	يمتعون
يمحق	يمحق
يمحوا	يمحوا
يمددكم	يمددكم
يمدكم	يمدكم
يمده	يمده
يمدونهم	يمدونهم
يمرون	يمرون
يمسسكم	يمسسكم
يمسسهم	يمسسهم
يمسكون	يمسكون
يمسه	يمسه
يمكر	يمكر
يمل	يمل
يمنون	يمنون
يمنى	يمنى
يمهدون	يمهدون
يموتون	يموتون
يموج	يموج
يميتنى	يميتنى
يميز	يميز
يمين	يمين
يناد	يناد
ينادونك	ينادونك
ينادونهم	ينادونهم
ينادى	ينادى
ينار	ينار
يناله	يناله
ينالون	ينالون
ينبأ	ينبأ
ينبؤا	ينبؤا
ينبئك	ينبئك
ينبت	ينبت
ينبوعا	ينبوعا
ينبيع	ينبيع
ينتظر	ينتظر
ينتظرون	ينتظرون
ينتهون	ينتهون
ينجيه	ينجيه
ينحتون	ينحتون
ينذرون	ينذرون
ينزع	ينزع
ينزعنك	ينزعنك
ينزغ	ينزغ
ينسفها	ينسفها
ينسى	ينسى
ينسينك	ينسينك
ينشؤا	ينشؤا
ينشئ	ينشئ
ينشر	ينشر
ينشرون	ينشرون
ينصر	ينصر
ينصرنا	ينصرنا
ينصرونكم	ينصرونكم
ينطلق	ينطلق
ينعق	ينعق
ينفد	ينفد
ينفضوا	ينفضوا
ينفعك	ينفعك
ينفعه	ينفعه
ينفعونكم	ينفعونكم
ينفقونها	ينفقونها
ينفوا	ينفوا
ينقص	ينقص
ينقصوكم	ينقصوكم
ينقض	ينقض
ينقلبون	ينقلبون
ينكث	ينكث
ينكحن	ينكحن
ينكحها	ينكحها
ينكر	ينكر
ينكرونها	ينكرونها
ينهى	ينهى
ينهىهم	ينهىهم
يهاجر	يهاجر
يهب	يهب
يهبط	يهبط
يهجعون	يهجعون
يهدنى	يهدنى
يهدوننا	يهدوننا
يهديكم	يهديكم
يهدينى	يهدينى
يهرون	يهرون
يهلكنا	يهلكنا
يهن	يهن
يهود	يهود
يهوديا	يهوديا
يهيمون	يهيمون
يوادون	يوادون
يوبقهن	يوبقهن
يوثق	يوثق
يوجهه	يوجهه
يوح	يوح
يوده	يوده
يودوا	يودوا
يورث	يورث
يورثها	يورثها
يوسا	يوسا
يوسوس	يوسوس
يوصيكم	يوصيكم
يوصين	يوصين
يوعظون	يوعظون
يوعون	يوعون
يوفضون	يوفضون
يوفق	يوفق
يوفى	يوفى
يوفيهم	يوفيهم
يوقد	يوقد
يوقدون	يوقدون
يوقع	يوقع
يولد	يولد
يولهم	يولهم
يولوكم	يولوكم
يولون	يولون
يويلتنا	يويلتنا
ييحيى	ييحيى
